date,pm25,pm10,co,no2,o3,temperature_c,humidity_pct,rainfall_mm,wind_speed_kmh,holiday_name,is_holiday,day_of_week,is_weekend,is_off_day,month,day,pm25_lag_1d,pm25_lag_3d,pm25_lag_7d,pm25_rolling_mean_7d,pm25_trend_7d,rain_lag_1d,rain_sum_3d,wind_lag_1d,wind_mean_3d,humidity_lag_1d,pm10_lag_1d,no2_lag_1d,co_lag_1d,o3_lag_1d,doy_sin,doy_cos,rain_x_wind,month_sin,month_cos,day_sin,day_cos
2024-01-08,14.07,20.17,267.29,2.0,35.5,28.18,80.82,7.01,4.0,Hari Biasa,0,0,0,0,1,8,11.02,12.32,9.96,12.524285714285714,13.111428571428572,2.3,9.469999999999999,4.57,4.86,77.84,15.81,1.4,224.38,35.17,0.13718540405660057,0.9905453876091833,28.04,0.49999999999999994,0.8660254037844387,0.0,1.0
2024-01-09,14.78,21.28,234.17,1.52,30.29,27.18,85.77,15.45,3.74,Hari Biasa,0,1,0,0,1,9,14.07,14.92,13.72,13.111428571428572,13.262857142857142,7.01,11.2,4.0,4.56,80.82,20.17,2.0,267.29,35.5,0.1542040475626894,0.988039023376751,57.783,0.49999999999999994,0.8660254037844387,0.7818314824680298,0.6234898018587336
2024-01-10,16.95,24.23,231.12,1.41,27.12,27.83,85.88,3.57,6.05,Hari Biasa,0,2,0,0,1,10,14.78,11.02,15.15,13.262857142857142,13.52,15.45,24.759999999999998,3.74,4.1033333333333335,85.77,21.28,1.52,234.17,30.29,0.17117705961019986,0.985240282501282,21.598499999999998,0.49999999999999994,0.8660254037844387,0.9749279121818236,-0.22252093395631434
2024-01-11,21.37,30.42,317.88,2.05,27.71,27.77,86.18,6.95,4.43,Hari Biasa,0,3,0,0,1,11,16.95,14.07,10.58,13.52,15.061428571428573,3.57,26.03,6.05,4.596666666666667,85.88,24.23,1.41,231.12,27.12,0.18809941761179758,0.9821499931752291,30.7885,0.49999999999999994,0.8660254037844387,0.43388373911755823,-0.900968867902419
2024-01-12,13.55,19.4,264.5,1.53,30.42,27.51,87.94,10.57,4.61,Hari Biasa,0,4,0,0,1,12,21.37,14.78,12.32,15.061428571428573,15.237142857142857,6.95,25.97,4.43,4.739999999999999,86.18,30.42,2.05,317.88,27.71,0.20496611396949532,0.9787690698649216,48.727700000000006,0.49999999999999994,0.8660254037844387,-0.433883739117558,-0.9009688679024191
2024-01-13,12.67,18.26,251.17,1.46,34.29,26.83,89.98,16.1,5.0,Hari Biasa,0,5,1,1,1,13,13.55,16.95,14.92,15.237142857142857,14.915714285714285,10.57,21.09,4.61,5.03,87.94,19.4,1.53,264.5,30.42,0.22177215755648186,0.975098513039961,80.5,0.49999999999999994,0.8660254037844387,-0.9749279121818236,-0.2225209339563146
2024-01-14,13.48,19.38,243.04,1.38,32.62,27.08,89.72,11.79,5.0,Hari Biasa,0,6,1,1,1,14,12.67,21.37,11.02,14.915714285714285,15.267142857142858,16.1,33.620000000000005,5.0,4.68,89.98,18.26,1.46,251.17,34.29,0.23851257519407648,0.9711394088771653,58.949999999999996,0.49999999999999994,0.8660254037844387,-0.7818314824680299,0.6234898018587334
2024-01-15,11.91,17.07,266.46,1.8,28.83,27.06,89.53,15.71,2.95,Hari Biasa,0,0,0,0,1,15,13.48,13.55,14.07,15.267142857142858,14.95857142857143,11.79,38.46,5.0,4.87,89.72,19.38,1.38,243.04,32.62,0.2551824131233728,0.9668929289391521,46.344500000000004,0.49999999999999994,0.8660254037844387,0.0,1.0
2024-01-16,11.79,16.82,274.21,1.81,29.88,26.86,90.39,22.33,5.94,Hari Biasa,0,1,0,0,1,16,11.91,12.67,14.78,14.95857142857143,14.531428571428572,15.71,43.6,2.95,4.316666666666666,89.53,17.07,1.8,266.46,28.83,0.2717767384711357,0.9623603298276545,132.6402,0.49999999999999994,0.8660254037844387,0.7818314824680298,0.6234898018587336
2024-01-17,12.73,18.13,242.92,1.52,31.08,27.48,81.01,8.7,2.84,Hari Biasa,0,2,0,0,1,17,11.79,13.48,16.95,14.531428571428572,13.928571428571429,22.33,49.83,5.94,4.63,90.39,16.82,1.81,274.21,29.88,0.2882906407095177,0.9575429528116719,24.708,0.49999999999999994,0.8660254037844387,0.9749279121818236,-0.22252093395631434
2024-01-18,12.02,17.2,234.46,1.34,38.17,27.61,85.47,8.13,3.1,Hari Biasa,0,3,0,0,1,18,12.73,11.91,21.37,13.928571428571429,12.592857142857142,8.7,46.739999999999995,2.84,3.91,81.01,18.13,1.52,242.92,31.08,0.3047192331091634,0.9524422234305676,25.203000000000003,0.49999999999999994,0.8660254037844387,0.43388373911755823,-0.900968867902419
2024-01-19,9.38,13.61,206.38,1.05,29.42,27.8,85.94,4.59,4.03,Hari Biasa,0,4,0,0,1,19,12.02,11.79,13.55,12.592857142857142,11.997142857142858,8.13,39.16,3.1,3.9600000000000004,85.47,17.2,1.34,234.46,38.17,0.321057654185271,0.9470596510722283,18.497700000000002,0.49999999999999994,0.8660254037844387,-0.433883739117558,-0.9009688679024191
2024-01-20,11.1,15.91,305.5,2.28,29.54,26.63,91.06,19.38,6.55,Hari Biasa,0,5,1,1,1,20,9.38,12.73,12.67,11.997142857142858,11.772857142857143,4.59,21.42,4.03,3.3233333333333337,85.94,13.61,1.05,206.38,29.42,0.3373010691361842,0.9413968285264122,126.939,0.49999999999999994,0.8660254037844387,-0.9749279121818236,-0.2225209339563146
2024-01-21,9.27,13.38,235.71,1.15,32.29,26.62,89.38,4.12,6.7,Hari Biasa,0,6,1,1,1,21,11.1,12.02,13.48,11.772857142857143,11.171428571428569,19.38,32.099999999999994,6.55,4.56,91.06,15.91,2.28,305.5,29.54,0.3534446712740877,0.9354554315134164,27.604000000000003,0.49999999999999994,0.8660254037844387,-0.7818314824680299,0.6234898018587334
2024-01-22,13.44,19.39,254.79,1.51,27.38,27.47,85.31,5.88,5.62,Hari Biasa,0,0,0,0,1,22,9.27,9.38,11.91,11.171428571428569,11.389999999999999,4.12,28.089999999999996,6.7,5.760000000000001,89.38,13.38,1.15,235.71,32.29,0.3694836834473831,0.9292372181882051,33.0456,0.49999999999999994,0.8660254037844387,0.0,1.0
2024-01-23,13.0,18.78,232.67,1.14,36.04,28.03,81.08,8.44,1.69,Hari Biasa,0,1,0,0,1,23,13.44,11.1,11.79,11.389999999999999,11.562857142857142,5.88,29.38,5.62,6.29,85.31,19.39,1.51,254.79,27.38,0.38541335945432564,0.9227440286201427,14.263599999999999,0.49999999999999994,0.8660254037844387,0.7818314824680298,0.6234898018587336
2024-01-24,14.17,20.15,315.46,2.34,23.29,27.33,87.21,8.56,6.7,Hari Biasa,0,2,0,0,1,24,13.0,9.27,12.73,11.562857142857142,11.768571428571429,8.44,18.439999999999998,1.69,4.67,81.08,18.78,1.14,232.67,36.04,0.4012289854475009,0.9159777842484877,57.352000000000004,0.49999999999999994,0.8660254037844387,0.9749279121818236,-0.22252093395631434
2024-01-25,11.87,16.78,215.62,0.95,26.83,27.93,85.41,3.3,6.44,Hari Biasa,0,3,0,0,1,25,14.17,13.44,12.02,11.768571428571429,11.747142857142858,8.56,22.879999999999995,6.7,4.67,87.21,20.15,2.34,315.46,23.29,0.4169258813287287,0.908940487313808,21.252,0.49999999999999994,0.8660254037844387,0.43388373911755823,-0.900968867902419
2024-01-26,12.8,18.34,229.12,1.09,25.5,27.51,87.91,2.49,4.54,Hari Biasa,0,4,0,0,1,26,11.87,13.0,9.38,11.747142857142858,12.235714285714284,3.3,20.299999999999997,6.44,4.943333333333334,85.41,16.78,0.95,215.62,26.83,0.4324994021339788,0.901634220265486,11.3046,0.49999999999999994,0.8660254037844387,-0.433883739117558,-0.9009688679024191
2024-01-27,16.45,23.88,295.54,1.67,29.5,27.47,83.39,0.49,4.68,Hari Biasa,0,5,1,1,1,27,12.8,14.17,11.1,12.235714285714284,13.0,2.49,14.349999999999998,4.54,5.8933333333333335,87.91,18.34,1.09,229.12,25.5,0.44794493940789115,0.8940611451454876,2.2931999999999997,0.49999999999999994,0.8660254037844387,-0.9749279121818236,-0.2225209339563146
2024-01-28,14.08,20.22,257.96,1.13,34.33,27.82,84.14,5.04,4.93,Hari Biasa,0,6,1,1,1,28,16.45,11.87,9.27,13.0,13.687142857142858,0.49,6.279999999999997,4.68,5.22,83.39,23.88,1.67,295.54,29.5,0.4632579225674917,0.88622350294858,24.847199999999997,0.49999999999999994,0.8660254037844387,-0.7818314824680299,0.6234898018587334
2024-01-29,12.88,18.46,241.33,1.13,37.75,27.91,83.36,5.45,3.92,Hari Biasa,0,0,0,0,1,29,14.08,12.8,13.44,13.687142857142858,13.607142857142858,5.04,8.019999999999996,4.93,4.716666666666666,84.14,20.22,1.13,257.96,34.33,0.4784338202547012,0.8781236129591848,21.364,0.49999999999999994,0.8660254037844387,0.0,1.0
2024-01-30,13.12,19.15,284.5,1.66,39.58,27.75,82.23,4.04,2.52,Hari Biasa,0,1,0,0,1,30,12.88,16.45,13.0,13.607142857142858,13.624285714285715,5.45,10.979999999999997,3.92,4.51,83.36,18.46,1.13,241.33,37.75,0.49346814167723735,0.8697638720650646,10.1808,0.49999999999999994,0.8660254037844387,0.7818314824680298,0.6234898018587336
2024-01-31,13.3,19.27,301.71,1.94,32.96,27.74,83.52,5.28,5.08,Hari Biasa,0,2,0,0,1,31,13.12,14.08,14.17,13.624285714285715,13.5,4.04,14.529999999999998,2.52,3.7899999999999996,82.23,19.15,1.66,284.5,39.58,0.5083564379375122,0.8611467540480452,26.822400000000002,0.49999999999999994,0.8660254037844387,0.9749279121818236,-0.22252093395631434
2024-02-01,12.53,18.31,279.0,1.65,35.67,27.61,84.99,5.27,4.43,Hari Biasa,0,3,0,0,2,1,13.3,12.88,11.87,13.5,13.594285714285714,5.28,14.769999999999998,5.08,3.84,83.52,19.27,1.94,301.71,32.96,0.5230943033491326,0.8522748088519838,23.346099999999996,0.8660254037844386,0.5000000000000001,0.43388373911755823,-0.900968867902419
2024-02-02,8.12,11.81,213.79,1.03,38.71,27.77,84.36,1.41,4.36,Hari Biasa,0,4,0,0,2,2,12.53,13.12,12.8,13.594285714285714,12.925714285714287,5.27,14.589999999999996,4.43,4.01,84.99,18.31,1.65,279.0,35.67,0.5376773767406141,0.8431506618282,6.1476,0.8660254037844386,0.5000000000000001,-0.433883739117558,-0.9009688679024191
2024-02-03,7.27,10.5,191.5,0.79,35.17,26.86,90.4,4.94,5.29,Hari Biasa,0,5,1,1,2,3,8.12,13.3,16.45,12.925714285714287,11.614285714285714,1.41,11.959999999999997,4.36,4.623333333333334,84.36,11.81,1.03,213.79,38.71,0.5521013427459208,0.8337770129585915,26.132600000000004,0.8660254037844386,0.5000000000000001,-0.9749279121818236,-0.2225209339563146
2024-02-04,8.29,11.92,231.58,1.17,36.21,27.6,83.37,2.96,2.95,Hari Biasa,0,6,1,1,2,4,7.27,12.53,14.08,11.614285714285714,10.787142857142857,4.94,11.619999999999997,5.29,4.693333333333333,90.4,10.5,0.79,191.5,35.17,0.5663619330814524,0.8241566360566663,8.732000000000001,0.8660254037844386,0.5000000000000001,-0.7818314824680299,0.6234898018587334
2024-02-05,11.63,16.71,281.46,1.58,26.08,26.69,89.35,32.98,4.21,Hari Biasa,0,0,0,0,2,5,8.29,8.12,12.88,10.787142857142857,10.608571428571427,2.96,9.309999999999997,2.95,4.2,83.37,11.92,1.17,231.58,36.21,0.580454927809098,0.8142923779467267,138.8458,0.8660254037844386,0.5000000000000001,0.0,1.0
2024-02-06,10.63,15.35,244.62,1.11,32.21,26.71,86.27,8.06,3.92,Hari Biasa,0,1,0,0,2,6,11.63,7.27,13.12,10.608571428571427,10.252857142857142,32.98,40.879999999999995,4.21,4.15,89.35,16.71,1.58,281.46,26.08,0.5943761565849831,0.804187157621448,31.595200000000002,0.8660254037844386,0.5000000000000001,0.7818314824680298,0.6234898018587336
2024-02-07,10.99,15.88,272.88,1.53,29.5,26.78,88.03,7.23,4.14,Hari Biasa,0,2,0,0,2,7,10.63,8.29,13.3,10.252857142857142,9.922857142857142,8.06,44.0,3.92,3.6933333333333334,86.27,15.35,1.11,244.62,32.21,0.6081214998935418,0.7938439653781019,29.932199999999998,0.8660254037844386,0.5000000000000001,0.9749279121818236,-0.22252093395631434
2024-02-08,12.67,18.24,265.79,1.38,28.46,27.28,84.72,1.34,3.35,Hari Biasa,0,3,0,0,2,8,10.99,11.63,12.53,9.922857142857142,9.942857142857141,7.23,48.269999999999996,4.14,4.09,88.03,15.88,1.53,272.88,29.5,0.6216868902665479,0.7832658619336791,4.489000000000001,0.8660254037844386,0.5000000000000001,0.43388373911755823,-0.900968867902419
2024-02-09,8.41,12.08,219.29,0.93,25.58,27.54,85.51,1.53,5.0,Hari Biasa,0,4,0,0,2,9,12.67,10.63,8.12,9.942857142857141,9.984285714285715,1.34,16.630000000000003,3.35,3.8033333333333332,84.72,18.24,1.38,265.79,28.46,0.6350683134867438,0.7724559775191742,7.65,0.8660254037844386,0.5000000000000001,-0.433883739117558,-0.9009688679024191
2024-02-10,10.7,15.39,223.12,1.15,27.54,27.88,89.54,5.34,5.33,Hari Biasa,0,5,1,1,2,10,8.41,10.99,7.27,9.984285714285715,10.474285714285715,1.53,10.100000000000001,5.0,4.163333333333333,85.51,12.08,0.93,219.29,25.58,0.6482618097757122,0.7614175109532997,28.4622,0.8660254037844386,0.5000000000000001,-0.9749279121818236,-0.2225209339563146
2024-02-11,9.46,13.48,248.42,1.4,22.96,26.93,89.9,25.24,3.78,Hari Biasa,0,6,1,1,2,11,10.7,12.67,8.29,10.474285714285715,10.641428571428571,5.34,8.21,5.33,4.5600000000000005,89.54,15.39,1.15,223.12,27.54,0.6612634749656386,0.7501537286959042,95.40719999999999,0.8660254037844386,0.5000000000000001,-0.7818314824680299,0.6234898018587334
2024-02-12,4.81,6.97,206.5,1.05,22.88,27.06,87.16,6.09,3.96,Hari Biasa,0,0,0,0,2,12,9.46,8.41,11.63,10.641428571428571,9.667142857142858,25.24,32.11,3.78,4.703333333333333,89.9,13.48,1.4,248.42,22.96,0.6740694616546161,0.7386679638813748,24.1164,0.8660254037844386,0.5000000000000001,0.0,1.0
2024-02-13,14.94,21.5,268.71,1.56,28.79,27.09,86.81,4.78,4.28,Hari Biasa,0,1,0,0,2,13,4.81,10.7,10.63,9.667142857142858,10.282857142857141,6.09,36.67,3.96,4.3566666666666665,87.16,6.97,1.05,206.5,22.88,0.6866759803451553,0.726963615332308,20.4584,0.8660254037844386,0.5000000000000001,0.7818314824680298,0.6234898018587336
2024-02-14,9.7,14.18,259.79,1.69,26.12,27.88,84.15,0.55,5.65,Hari Biasa,0,2,0,0,2,14,14.94,9.46,10.99,10.282857142857141,10.098571428571429,4.78,36.11,4.28,4.006666666666667,86.81,21.5,1.56,268.71,28.79,0.6990793005655562,0.7150441465537444,3.1075000000000004,0.8660254037844386,0.5000000000000001,0.9749279121818236,-0.22252093395631434
2024-02-15,9.52,14.35,203.38,1.28,27.92,27.64,87.64,3.37,7.31,Hari Biasa,0,3,0,0,2,15,9.7,4.81,12.67,10.098571428571429,9.648571428571428,0.55,11.42,5.65,4.63,84.15,14.18,1.69,259.79,26.12,0.7112757519738152,0.7029130847082615,24.6347,0.8660254037844386,0.5000000000000001,0.43388373911755823,-0.900968867902419
2024-02-16,7.25,10.79,194.5,1.09,30.25,27.51,87.01,3.93,7.67,Hari Biasa,0,4,0,0,2,16,9.52,14.94,8.41,9.648571428571428,9.482857142857142,3.37,8.7,7.31,5.746666666666666,87.64,14.35,1.28,203.38,27.92,0.7232617254437388,0.6905740195722293,30.1431,0.8660254037844386,0.5000000000000001,-0.433883739117558,-0.9009688679024191
2024-02-17,6.78,9.95,172.04,0.91,35.04,27.47,86.87,7.56,6.34,Hari Biasa,0,5,1,1,2,17,7.25,9.7,10.7,9.482857142857142,8.922857142857143,3.93,7.85,7.67,6.876666666666666,87.01,10.79,1.09,194.5,30.25,0.7350336741329413,0.6780306024735382,47.9304,0.8660254037844386,0.5000000000000001,-0.9749279121818236,-0.2225209339563146
2024-02-18,8.31,12.01,193.33,1.08,30.92,27.88,84.56,7.12,5.44,Hari Biasa,0,6,1,1,2,18,6.78,9.52,9.46,8.922857142857143,8.758571428571429,7.56,14.86,6.34,7.1066666666666665,86.87,9.95,0.91,172.04,35.04,0.746588114532413,0.6652865452111116,38.732800000000005,0.8660254037844386,0.5000000000000001,-0.7818314824680299,0.6234898018587334
2024-02-19,10.82,15.7,220.67,1.29,30.33,27.94,84.57,4.11,7.6,Hari Biasa,0,0,0,0,2,19,8.31,7.25,4.81,8.758571428571429,9.617142857142856,7.12,18.61,5.44,6.483333333333334,84.56,12.01,1.08,193.33,30.92,0.7579216274973472,0.6523456189565257,31.236,0.8660254037844386,0.5000000000000001,0.0,1.0
2024-02-20,13.51,19.69,231.71,1.18,27.12,28.02,85.77,5.49,7.52,Hari Biasa,0,1,0,0,2,20,10.82,6.78,14.94,9.617142857142856,9.412857142857144,4.11,18.79,7.6,6.46,84.57,15.7,1.29,220.67,30.33,0.7690308592589181,0.6392116531380588,41.2848,0.8660254037844386,0.5000000000000001,0.7818314824680298,0.6234898018587336
2024-02-21,7.72,11.29,211.96,1.08,29.46,28.15,87.12,5.58,8.93,Hari Biasa,0,2,0,0,2,21,13.51,8.31,9.7,9.412857142857144,9.129999999999999,5.49,16.720000000000002,7.52,6.853333333333333,85.77,19.69,1.18,231.71,27.12,0.7799125224167177,0.6258885343075018,49.8294,0.8660254037844386,0.5000000000000001,0.9749279121818236,-0.22252093395631434
2024-02-22,8.21,11.76,229.0,1.26,25.88,28.38,87.49,2.26,7.42,Hari Biasa,0,3,0,0,2,22,7.72,10.82,9.52,9.129999999999999,8.942857142857143,5.58,15.18,8.93,8.016666666666666,87.12,11.29,1.08,211.96,29.46,0.7905633969115482,0.612380204990065,16.769199999999998,0.8660254037844386,0.5000000000000001,0.43388373911755823,-0.900968867902419
2024-02-23,9.4,13.71,209.08,1.3,25.17,28.11,85.5,6.85,5.51,Hari Biasa,0,4,0,0,2,23,8.21,13.51,7.25,8.942857142857143,9.25,2.26,13.330000000000002,7.42,7.956666666666666,87.49,11.76,1.26,229.0,25.88,0.8009803309782905,0.5986906625177214,37.7435,0.8660254037844386,0.5000000000000001,-0.433883739117558,-0.9009688679024191
2024-02-24,11.38,16.44,220.0,1.21,29.79,27.52,86.27,5.12,5.54,Hari Biasa,0,5,1,1,2,24,9.4,7.72,6.78,9.25,9.907142857142857,6.85,14.690000000000001,5.51,7.286666666666666,85.5,13.71,1.3,209.08,25.17,0.8111602420785621,0.5848239578463322,28.364800000000002,0.8660254037844386,0.5000000000000001,-0.9749279121818236,-0.2225209339563146
2024-02-25,8.55,12.3,222.92,1.14,24.83,27.69,85.95,3.13,5.36,Hari Biasa,0,6,1,1,2,25,11.38,8.21,8.31,9.907142857142857,9.941428571428572,5.12,14.23,5.54,6.156666666666666,86.27,16.44,1.21,220.0,29.79,0.8211001178128892,0.5707841943569036,16.7768,0.8660254037844386,0.5000000000000001,-0.7818314824680299,0.6234898018587334
2024-02-26,10.09,14.64,234.71,1.47,33.67,27.3,86.41,9.68,4.18,Hari Biasa,0,0,0,0,2,26,8.55,9.4,10.82,9.941428571428572,9.83714285714286,3.13,15.100000000000001,5.36,5.47,85.95,12.3,1.14,222.92,24.83,0.8307970168121247,0.5565755266413303,40.462399999999995,0.8660254037844386,0.5000000000000001,0.0,1.0
2024-02-27,9.09,13.14,221.21,1.26,26.5,27.36,84.24,1.08,5.0,Hari Biasa,0,1,0,0,2,27,10.09,11.38,13.51,9.83714285714286,9.205714285714285,9.68,17.93,4.18,5.026666666666666,86.41,14.64,1.47,234.71,33.67,0.8402480696078469,0.5422021592729844,5.4,0.8660254037844386,0.5000000000000001,0.7818314824680298,0.6234898018587336
2024-02-28,7.64,11.12,212.25,1.3,28.71,28.23,84.53,8.48,6.59,Hari Biasa,0,2,0,0,2,28,9.09,8.55,7.72,9.205714285714285,9.194285714285714,1.08,13.89,5.0,4.846666666666667,84.24,13.14,1.26,221.21,26.5,0.8494504794814806,0.527668345562516,55.8832,0.8660254037844386,0.5000000000000001,0.9749279121818236,-0.22252093395631434
2024-02-29,12.25,17.93,277.08,1.94,31.92,28.15,85.49,16.41,5.11,Hari Biasa,0,3,0,0,2,29,7.64,10.09,8.21,9.194285714285714,9.771428571428572,8.48,19.240000000000002,6.59,5.256666666666667,84.53,11.12,1.3,212.25,28.71,0.8584015232918917,0.512978386299228,83.85510000000001,0.8660254037844386,0.5000000000000001,0.43388373911755823,-0.900968867902419
2024-03-01,8.15,11.87,228.17,1.56,26.17,27.76,85.69,5.96,2.77,Hari Biasa,0,4,0,0,3,1,12.25,9.09,9.4,9.771428571428572,9.592857142857143,16.41,25.970000000000002,5.11,5.566666666666666,85.49,17.93,1.94,277.08,31.92,0.8670985522812081,0.4981366284784055,16.5092,1.0,6.123233995736766e-17,-0.433883739117558,-0.9009688679024191
2024-03-02,5.86,8.48,161.54,0.95,22.79,28.03,86.31,5.78,6.08,Hari Biasa,0,5,1,1,3,2,8.15,7.64,11.38,9.592857142857143,8.804285714285715,5.96,30.85,2.77,4.823333333333333,85.69,11.87,1.56,228.17,26.17,0.8755389928586302,0.4831474640149687,35.1424,1.0,6.123233995736766e-17,-0.9749279121818236,-0.2225209339563146
2024-03-03,6.24,9.21,160.25,1.05,22.79,27.51,89.96,6.27,6.98,Hari Biasa,0,6,1,1,3,3,5.86,12.25,8.55,8.804285714285715,8.474285714285715,5.78,28.150000000000006,6.08,4.653333333333333,86.31,8.48,0.95,161.54,22.79,0.8837203473619977,0.4680153284438345,43.7646,1.0,6.123233995736766e-17,-0.7818314824680299,0.6234898018587334
2024-03-04,9.34,14.03,170.25,0.95,26.67,27.51,88.0,7.47,6.37,Hari Biasa,0,0,0,0,3,4,6.24,8.15,10.09,8.474285714285715,8.367142857142857,6.27,18.009999999999998,6.98,5.276666666666667,89.96,9.21,1.05,160.25,22.79,0.8916401947968874,0.45274469960737107,47.5839,1.0,6.123233995736766e-17,0.0,1.0
2024-03-05,8.9,13.24,197.42,1.2,27.96,27.79,86.76,5.19,7.09,Hari Biasa,0,1,0,0,3,5,9.34,5.86,9.09,8.367142857142857,8.34,7.47,19.52,6.37,6.476666666666667,88.0,14.03,0.95,170.25,26.67,0.8992961915530253,0.4373400963303323,36.7971,1.0,6.123233995736766e-17,0.7818314824680298,0.6234898018587336
2024-03-06,11.3,16.19,216.33,1.28,29.08,27.74,89.57,20.36,6.01,Hari Biasa,0,2,0,0,3,6,8.9,6.24,7.64,8.34,8.862857142857143,5.19,18.93,7.09,6.8133333333333335,86.76,13.24,1.2,197.42,27.96,0.9066860720977985,0.4218060770826634,122.36359999999999,1.0,6.123233995736766e-17,0.9749279121818236,-0.22252093395631434
2024-03-07,7.39,10.61,209.79,1.23,35.21,27.49,90.03,19.49,3.64,Hari Biasa,0,3,0,0,3,7,11.3,9.34,12.25,8.862857142857143,8.168571428571429,20.36,33.019999999999996,6.01,6.489999999999999,89.57,16.19,1.28,216.33,29.08,0.9138076496466615,0.4061472386305789,70.9436,1.0,6.123233995736766e-17,0.43388373911755823,-0.900968867902419
2024-03-08,6.5,9.39,200.5,1.44,20.46,26.78,91.41,44.66,4.79,Hari Biasa,0,4,0,0,3,8,7.39,8.9,8.15,8.168571428571429,7.932857142857143,19.49,45.04,3.64,5.579999999999999,90.03,10.61,1.23,209.79,35.21,0.9206588168102428,0.3903682146763026,213.92139999999998,1.0,6.123233995736766e-17,-0.433883739117558,-0.9009688679024191
2024-03-09,9.02,13.08,200.25,1.43,20.83,27.37,87.82,19.86,5.0,Hari Biasa,0,5,1,1,3,9,6.5,11.3,5.86,7.932857142857143,8.384285714285713,44.66,84.50999999999999,4.79,4.8133333333333335,91.41,9.39,1.44,200.5,20.46,0.9272375462179537,0.374473674486883,99.3,1.0,6.123233995736766e-17,-0.9749279121818236,-0.2225209339563146
2024-03-10,12.22,17.5,274.04,2.33,21.33,25.97,89.66,22.3,4.57,Hari Biasa,0,6,1,1,3,10,9.02,7.39,6.24,8.384285714285713,9.23857142857143,19.86,84.00999999999999,5.0,4.476666666666667,87.82,13.08,1.43,200.25,20.83,0.9335418911179212,0.35846832151248087,101.91100000000002,1.0,6.123233995736766e-17,-0.7818314824680299,0.6234898018587334
2024-03-11,10.76,15.68,221.54,1.19,23.88,27.45,84.39,0.93,6.08,Hari Biasa,0,0,0,0,3,11,12.22,6.5,9.34,9.23857142857143,9.441428571428572,22.3,86.82,4.57,4.786666666666667,89.66,17.5,2.33,274.04,21.33,0.9395699859530622,0.342356891994542,5.654400000000001,1.0,6.123233995736766e-17,0.0,1.0
2024-03-12,9.85,14.51,205.33,1.12,28.21,27.83,84.54,13.13,3.78,Hari Biasa,0,1,0,0,3,12,10.76,9.02,8.9,9.441428571428572,9.577142857142858,0.93,43.09,6.08,5.216666666666667,84.39,15.68,1.19,221.54,23.88,0.945320046913132,0.3261441535642696,49.6314,1.0,6.123233995736766e-17,0.7818314824680298,0.6234898018587336
2024-03-13,11.16,15.9,252.5,1.69,25.79,26.9,91.01,28.31,6.19,Hari Biasa,0,2,0,0,3,13,9.85,12.22,11.3,9.577142857142858,9.557142857142855,13.13,36.36,3.78,4.81,84.54,14.51,1.12,205.33,28.21,0.9507903724625832,0.3098349038318025,175.2389,1.0,6.123233995736766e-17,0.9749279121818236,-0.22252093395631434
2024-03-14,7.68,11.03,181.83,0.88,29.79,27.02,91.77,2.99,5.4,Hari Biasa,0,3,0,0,3,14,11.16,10.76,7.39,9.557142857142855,9.598571428571429,28.31,42.370000000000005,6.19,5.3500000000000005,91.01,15.9,1.69,252.5,25.79,0.9559793438440766,0.2934339689665273,16.146,1.0,6.123233995736766e-17,0.43388373911755823,-0.900968867902419
2024-03-15,7.97,11.66,179.71,0.93,27.25,27.35,88.76,3.2,7.45,Hari Biasa,0,4,0,0,3,15,7.68,9.85,6.5,9.598571428571429,9.808571428571428,2.99,44.43,5.4,5.123333333333334,91.77,11.03,0.88,181.83,29.79,0.9608854255574977,0.27694620226893646,23.840000000000003,1.0,6.123233995736766e-17,-0.433883739117558,-0.9009688679024191
2024-03-16,9.81,14.18,220.08,1.06,26.75,27.02,89.36,2.82,6.19,Hari Biasa,0,5,1,1,3,16,7.97,11.16,9.02,9.808571428571428,9.921428571428573,3.2,34.5,7.45,6.346666666666668,88.76,11.66,0.93,179.71,27.25,0.9655071658143364,0.2603764827344581,17.4558,1.0,6.123233995736766e-17,-0.9749279121818236,-0.2225209339563146
2024-03-17,11.88,17.19,214.04,1.18,25.92,26.81,90.36,2.64,8.14,Hari Biasa,0,6,1,1,3,17,9.81,7.68,12.22,9.921428571428573,9.872857142857143,2.82,9.010000000000003,6.19,6.346666666666667,89.36,14.18,1.06,220.08,26.75,0.969843196967294,0.24372971360968387,21.489600000000003,1.0,6.123233995736766e-17,-0.7818314824680299,0.6234898018587334
2024-03-18,9.29,13.72,197.25,1.03,29.67,27.53,87.08,4.98,6.3,Hari Biasa,0,0,0,0,3,18,11.88,7.97,10.76,9.872857142857143,9.662857142857144,2.64,8.660000000000004,8.14,7.260000000000001,90.36,17.19,1.18,214.04,25.92,0.9738922359149924,0.22701082094141847,31.374000000000002,1.0,6.123233995736766e-17,0.0,1.0
2024-03-19,10.08,14.49,225.08,1.3,31.79,26.89,88.28,5.67,4.72,Hari Biasa,0,1,0,0,3,19,9.29,9.81,9.85,9.662857142857144,9.695714285714287,4.98,10.440000000000005,6.3,6.876666666666668,87.08,13.72,1.03,197.25,29.67,0.9776530844816641,0.2102247521189836,26.7624,1.0,6.123233995736766e-17,0.7818314824680298,0.6234898018587336
2024-03-20,6.8,9.86,206.79,0.99,30.08,27.13,89.13,4.42,6.34,Hari Biasa,0,2,0,0,3,20,10.08,11.88,11.16,9.695714285714287,9.072857142857142,5.67,13.290000000000003,4.72,6.386666666666667,88.28,14.49,1.3,225.08,31.79,0.981124629771712,0.19337647441020586,28.0228,1.0,6.123233995736766e-17,0.9749279121818236,-0.22252093395631434
2024-03-21,9.54,13.78,219.58,1.19,38.54,26.97,91.03,16.03,4.18,Hari Biasa,0,3,0,0,3,21,6.8,9.29,7.68,9.072857142857142,9.338571428571429,4.42,15.070000000000004,6.34,5.786666666666666,89.13,9.86,0.99,206.79,30.08,0.984305844499033,0.17647097349152166,67.0054,1.0,6.123233995736766e-17,0.43388373911755823,-0.900968867902419
2024-03-22,15.72,22.7,310.29,2.3,33.92,26.81,86.52,2.17,4.14,Hari Biasa,0,4,0,0,3,22,9.54,10.08,7.97,9.338571428571429,10.445714285714287,16.03,26.120000000000005,4.18,5.079999999999999,91.03,13.78,1.19,219.58,38.54,0.9871957872910085,0.15951325197263655,8.983799999999999,1.0,6.123233995736766e-17,-0.433883739117558,-0.9009688679024191
2024-03-23,8.5,12.46,218.0,1.3,31.96,27.01,88.71,3.38,5.98,Hari Biasa,0,5,1,1,3,23,15.72,6.8,9.81,10.445714285714287,10.258571428571429,2.17,22.620000000000005,4.14,4.886666666666667,86.52,22.7,2.3,310.29,33.92,0.9897936029670716,0.14250832791617088,20.212400000000002,1.0,6.123233995736766e-17,-0.9749279121818236,-0.2225209339563146
2024-03-24,7.81,12.03,206.71,1.04,31.12,27.71,87.89,4.04,9.25,Hari Biasa,0,6,1,1,3,24,8.5,9.54,11.88,10.258571428571429,9.677142857142856,3.38,21.580000000000005,5.98,4.766666666666667,88.71,12.46,1.3,218.0,31.96,0.992098522791769,0.12546123335273648,37.37,1.0,6.123233995736766e-17,-0.7818314824680299,0.6234898018587334
2024-03-25,10.32,15.68,258.29,1.45,31.79,27.66,88.87,1.78,6.7,Hari Biasa,0,0,0,0,3,25,7.81,15.72,9.29,9.677142857142856,9.824285714285717,4.04,9.590000000000003,9.25,6.456666666666667,87.89,12.03,1.04,206.71,31.12,0.9941098647022418,0.10837701279187609,11.926,1.0,6.123233995736766e-17,0.0,1.0
2024-03-26,6.54,9.55,229.42,1.6,30.04,27.65,87.24,7.21,5.29,Hari Biasa,0,1,0,0,3,26,10.32,8.5,10.08,9.824285714285717,9.31857142857143,1.78,9.200000000000003,6.7,7.31,88.87,15.68,1.45,258.29,31.79,0.9958270335100595,0.09126072172931188,38.1409,1.0,6.123233995736766e-17,0.7818314824680298,0.6234898018587336
2024-03-27,6.72,10.08,198.33,1.62,25.29,27.47,87.22,6.43,3.13,Hari Biasa,0,2,0,0,3,27,6.54,7.81,6.8,9.31857142857143,9.307142857142859,7.21,13.030000000000005,5.29,7.080000000000001,87.24,9.55,1.6,229.42,30.04,0.9972495210773451,0.07411742515094437,20.125899999999998,1.0,6.123233995736766e-17,0.9749279121818236,-0.22252093395631434
2024-03-28,11.43,16.59,283.38,2.39,21.0,27.66,85.81,2.75,3.28,Hari Biasa,0,3,0,0,3,28,6.72,10.32,9.54,9.307142857142859,9.577142857142858,6.43,15.420000000000005,3.13,5.04,87.22,10.08,1.62,198.33,25.29,0.998376906467142,0.056952196034039754,9.02,1.0,6.123233995736766e-17,0.43388373911755823,-0.900968867902419
2024-03-29,8.49,12.16,196.21,1.15,25.71,27.97,84.25,14.66,3.2,Wafat Isa Almasih,1,4,0,1,3,29,11.43,6.54,15.72,9.577142857142858,8.544285714285715,2.75,16.390000000000004,3.28,3.9000000000000004,85.81,16.59,2.39,283.38,21.0,0.9992088560679753,0.03977011384605572,46.912000000000006,1.0,6.123233995736766e-17,-0.433883739117558,-0.9009688679024191
2024-03-30,10.4,15.04,263.83,2.51,24.62,27.49,87.27,12.81,5.15,Hari Biasa,0,5,1,1,3,30,8.49,6.72,8.5,8.544285714285715,8.815714285714286,14.66,23.840000000000003,3.2,3.203333333333333,84.25,12.16,1.15,196.21,25.71,0.9997451236925734,0.022576263041545485,65.9715,1.0,6.123233995736766e-17,-0.9749279121818236,-0.2225209339563146
2024-03-31,11.15,16.12,252.92,2.11,24.54,28.08,84.31,1.54,5.33,Paskah,1,6,1,1,3,31,10.4,11.43,7.81,8.815714285714286,9.292857142857143,12.81,30.220000000000006,5.15,3.8766666666666665,87.27,15.04,2.51,263.83,24.62,0.9999855506507186,0.005375731557583884,8.2082,1.0,6.123233995736766e-17,-0.7818314824680299,0.6234898018587334
2024-04-01,8.36,12.1,196.25,1.4,25.33,27.73,86.91,5.61,3.89,Hari Biasa,0,0,0,0,4,1,11.15,8.49,10.32,9.292857142857143,9.012857142857143,1.54,29.010000000000005,5.33,4.56,84.31,16.12,2.11,252.92,24.54,0.9999300657962057,-0.011826390691832589,21.8229,0.8660254037844387,-0.4999999999999998,0.0,1.0
2024-04-02,9.14,13.18,208.38,1.5,34.79,27.36,90.46,15.13,4.61,Hari Biasa,0,1,0,0,4,2,8.36,10.4,6.54,9.012857142857143,9.384285714285713,5.61,19.960000000000004,3.89,4.79,86.91,12.1,1.4,196.25,25.33,0.9995786855478958,-0.029025013321975237,69.7493,0.8660254037844387,-0.4999999999999998,0.7818314824680298,0.6234898018587336
2024-04-03,11.98,17.15,239.38,1.7,24.62,27.26,92.03,13.74,4.1,Hari Biasa,0,2,0,0,4,3,9.14,11.15,6.72,9.384285714285713,10.135714285714286,15.13,22.280000000000005,4.61,4.61,90.46,13.18,1.5,208.38,34.79,0.9989315138848577,-0.046215046983708354,56.333999999999996,0.8660254037844387,-0.4999999999999998,0.9749279121818236,-0.22252093395631434
2024-04-04,8.3,12.17,192.88,1.14,28.58,26.31,90.87,7.79,6.41,Hari Biasa,0,3,0,0,4,4,11.98,8.36,11.43,10.135714285714286,9.68857142857143,13.74,34.480000000000004,4.1,4.2,92.03,17.15,1.7,239.38,24.62,0.9979887423155984,-0.06339140486951038,49.9339,0.8660254037844387,-0.4999999999999998,0.43388373911755823,-0.900968867902419
2024-04-05,8.03,11.85,187.96,1.19,26.29,27.21,90.2,4.0,5.87,Hari Biasa,0,4,0,0,4,5,8.3,9.14,8.49,9.68857142857143,9.622857142857143,7.79,36.660000000000004,6.41,5.04,90.87,12.17,1.14,192.88,28.58,0.9967506498213929,-0.08054900421874167,23.48,0.8660254037844387,-0.4999999999999998,-0.433883739117558,-0.9009688679024191
2024-04-06,8.82,12.8,188.83,1.12,26.04,27.64,86.62,1.36,5.65,Hari Biasa,0,5,1,1,4,6,8.03,11.98,10.4,9.622857142857143,9.397142857142857,4.0,25.530000000000005,5.87,5.46,90.2,11.85,1.19,187.96,26.29,0.9952176027737294,-0.09768276782171598,7.684000000000001,0.8660254037844387,-0.4999999999999998,-0.9749279121818236,-0.2225209339563146
2024-04-07,9.45,13.56,228.46,1.66,24.58,26.79,89.26,4.06,4.68,Hari Biasa,0,6,1,1,4,7,8.82,8.3,11.15,9.397142857142857,9.154285714285715,1.36,13.150000000000004,5.65,5.976666666666667,86.62,12.8,1.12,188.83,26.04,0.9933900548258936,-0.11478762552212701,19.000799999999998,0.8660254037844387,-0.4999999999999998,-0.7818314824680299,0.6234898018587334
2024-04-08,12.19,17.6,215.17,1.6,25.38,26.67,89.71,26.33,5.04,Hari Biasa,0,0,0,0,4,8,9.45,8.03,8.36,9.154285714285715,9.70142857142857,4.06,9.420000000000003,4.68,5.3999999999999995,89.26,13.56,1.66,228.46,24.58,0.9912685467787256,-0.13185851571739118,132.70319999999998,0.8660254037844387,-0.4999999999999998,0.0,1.0
2024-04-09,8.6,12.33,203.96,1.5,21.62,27.1,88.07,20.27,4.28,Hari Biasa,0,1,0,0,4,9,12.19,8.82,9.14,9.70142857142857,9.624285714285714,26.33,31.75,5.04,5.123333333333333,89.71,17.6,1.6,215.17,25.38,0.9888537064205885,-0.1488903868564548,86.7556,0.8660254037844387,-0.4999999999999998,0.7818314824680298,0.6234898018587336
2024-04-10,8.65,12.32,219.17,1.43,29.0,27.37,83.55,4.77,4.68,Hari Biasa,0,2,0,0,4,10,8.6,9.45,11.98,9.624285714285714,9.148571428571428,20.27,50.66,4.28,4.666666666666667,88.07,12.33,1.5,203.96,21.62,0.986146248341595,-0.16587819893463143,22.323599999999995,0.8660254037844387,-0.4999999999999998,0.9749279121818236,-0.22252093395631434
2024-04-11,7.4,10.75,207.5,1.68,32.46,26.69,90.72,11.84,5.54,Hari Biasa,0,3,0,0,4,11,8.65,12.19,8.3,9.148571428571428,9.02,4.77,51.37,4.68,4.666666666666667,83.55,12.32,1.43,219.17,29.0,0.9831469737221499,-0.1828169249850199,65.5936,0.8660254037844387,-0.4999999999999998,0.43388373911755823,-0.900968867902419
2024-04-12,7.19,10.36,197.46,1.37,34.42,27.06,86.62,5.08,4.46,Hari Biasa,0,4,0,0,4,12,7.4,8.6,8.03,9.02,8.9,11.84,36.879999999999995,5.54,4.833333333333333,90.72,10.75,1.68,207.5,32.46,0.9798567700958665,-0.1997015525660636,22.6568,0.8660254037844387,-0.4999999999999998,-0.433883739117558,-0.9009688679024191
2024-04-13,6.7,9.64,222.38,1.7,29.25,27.31,87.54,11.98,3.82,Hari Biasa,0,5,1,1,4,13,7.19,8.65,8.82,8.9,8.597142857142858,5.08,21.689999999999998,4.46,4.8933333333333335,86.62,10.36,1.37,197.46,34.42,0.9762766110869321,-0.21652708524481437,45.7636,0.8660254037844387,-0.4999999999999998,-0.9749279121818236,-0.2225209339563146
2024-04-14,10.64,15.34,215.62,1.42,28.25,27.49,87.92,9.78,5.26,Hari Biasa,0,6,1,1,4,14,6.7,7.4,9.45,8.597142857142858,8.767142857142856,11.98,28.9,3.82,4.6066666666666665,87.54,9.64,1.7,222.38,29.25,0.9724075561219968,-0.23328854407545518,51.44279999999999,0.8660254037844387,-0.4999999999999998,-0.7818314824680299,0.6234898018587334
2024-04-15,9.37,13.55,180.79,1.17,28.08,27.68,86.72,4.41,6.01,Hari Biasa,0,0,0,0,4,15,10.64,7.19,12.19,8.767142857142856,8.364285714285714,9.78,26.84,5.26,4.513333333333333,87.92,15.34,1.42,215.62,28.25,0.9682507501166718,-0.2499809690726521,26.5041,0.8660254037844387,-0.4999999999999998,0.0,1.0
2024-04-16,10.45,15.14,200.04,1.54,26.83,27.52,88.9,2.71,5.62,Hari Biasa,0,1,0,0,4,16,9.37,6.7,8.6,8.364285714285714,8.628571428571428,4.41,26.169999999999998,6.01,5.029999999999999,86.72,13.55,1.17,180.79,28.08,0.9638074231367307,-0.26659942067929354,15.2302,0.8660254037844387,-0.4999999999999998,0.7818314824680298,0.6234898018587336
2024-04-17,6.66,10.0,165.46,1.33,23.83,27.58,87.47,5.39,5.22,Hari Biasa,0,2,0,0,4,17,10.45,10.64,8.65,8.628571428571428,8.344285714285714,2.71,16.9,5.62,5.63,88.9,15.14,1.54,200.04,26.83,0.9590788900341131,-0.28313898122818354,28.135799999999996,0.8660254037844387,-0.4999999999999998,0.9749279121818236,-0.22252093395631434
2024-04-18,10.17,14.74,230.08,1.82,25.25,28.12,85.06,1.87,4.75,Hari Biasa,0,3,0,0,4,18,6.66,9.37,7.4,8.344285714285714,8.74,5.39,12.51,5.22,5.616666666666667,87.47,10.0,1.33,165.46,23.83,0.9540665500578387,-0.2995947563972602,8.8825,0.8660254037844387,-0.4999999999999998,0.43388373911755823,-0.900968867902419
2024-04-19,9.55,13.91,206.54,1.5,32.38,27.95,86.9,1.82,5.44,Hari Biasa,0,4,0,0,4,19,10.17,10.45,7.19,8.74,9.077142857142857,1.87,9.969999999999999,4.75,5.196666666666666,85.06,14.74,1.82,230.08,25.25,0.9487718864399473,-0.31596187665790293,9.9008,0.8660254037844387,-0.4999999999999998,-0.433883739117558,-0.9009688679024191
2024-04-20,9.85,14.3,222.25,1.64,36.88,27.47,88.04,2.95,5.18,Hari Biasa,0,5,1,1,4,20,9.55,6.66,6.7,9.077142857142857,9.527142857142858,1.82,9.08,5.44,5.136666666666667,86.9,13.91,1.5,206.54,32.38,0.9431964659565866,-0.33223549871590435,15.281,0.8660254037844387,-0.4999999999999998,-0.9749279121818236,-0.2225209339563146
2024-04-21,8.33,12.12,215.25,1.64,30.33,27.42,87.81,3.58,4.75,Hari Biasa,0,6,1,1,4,21,9.85,10.17,10.64,9.527142857142858,9.197142857142856,2.95,6.640000000000001,5.18,5.123333333333334,88.04,14.3,1.64,222.25,36.88,0.9373419384643772,-0.3484108069446808,17.005,0.8660254037844387,-0.4999999999999998,-0.7818314824680299,0.6234898018587334
2024-04-22,10.44,15.09,241.75,2.43,25.96,27.53,89.31,6.78,5.18,Hari Biasa,0,0,0,0,4,22,8.33,9.55,9.37,9.197142857142856,9.349999999999998,3.58,8.350000000000001,4.75,5.123333333333334,87.81,12.12,1.64,215.25,30.33,0.9312100364121947,-0.3644830148102912,35.1204,0.8660254037844387,-0.4999999999999998,0.0,1.0
2024-04-23,5.49,8.28,165.62,1.39,27.96,27.22,90.36,5.66,4.79,Hari Biasa,0,1,0,0,4,23,10.44,9.85,10.45,9.349999999999998,8.641428571428571,6.78,13.31,5.18,5.036666666666666,89.31,15.09,2.43,241.75,25.96,0.9248025743285089,-0.38044736628785164,27.1114,0.8660254037844387,-0.4999999999999998,0.7818314824680298,0.6234898018587336
2024-04-24,6.48,10.16,168.42,1.5,22.96,27.42,91.52,5.88,5.69,Hari Biasa,0,2,0,0,4,24,5.49,8.33,6.66,8.641428571428571,8.615714285714285,5.66,16.02,4.79,4.906666666666666,90.36,8.28,1.39,165.62,27.96,0.9181214482844364,-0.39629913726891813,33.4572,0.8660254037844387,-0.4999999999999998,0.9749279121818236,-0.22252093395631434
2024-04-25,4.57,6.92,150.42,1.22,21.25,27.0,90.6,4.37,4.97,Hari Biasa,0,3,0,0,4,25,6.48,10.44,10.17,8.615714285714285,7.815714285714286,5.88,18.32,5.69,5.22,91.52,10.16,1.5,168.42,22.96,0.9111686353326631,-0.41203363695942635,21.718899999999998,0.8660254037844387,-0.4999999999999998,0.43388373911755823,-0.900968867902419
2024-04-26,5.63,8.46,178.25,1.72,23.42,27.96,85.68,0.45,4.1,Hari Biasa,0,4,0,0,4,26,4.57,5.49,9.55,7.815714285714286,7.255714285714285,4.37,15.91,4.97,5.1499999999999995,90.6,6.92,1.22,150.42,21.25,0.9039461929224011,-0.42764620926777464,1.845,0.8660254037844387,-0.4999999999999998,-0.433883739117558,-0.9009688679024191
2024-04-27,6.5,9.85,178.92,1.89,23.0,27.9,87.05,8.0,6.05,Hari Biasa,0,5,1,1,4,27,5.63,6.48,9.85,7.255714285714285,6.777142857142857,0.45,10.7,4.1,4.92,85.68,8.46,1.72,178.25,23.42,0.8964562582905575,-0.44313223418263453,48.4,0.8660254037844387,-0.4999999999999998,-0.9749279121818236,-0.2225209339563146
2024-04-28,5.93,9.35,160.42,1.49,26.12,27.62,88.84,18.94,5.18,Hari Biasa,0,6,1,1,4,28,6.5,4.57,8.33,6.777142857142857,6.434285714285714,8.0,12.82,6.05,5.04,87.05,9.85,1.89,178.92,23.0,0.8887010478292915,-0.45848712914008766,98.1092,0.8660254037844387,-0.4999999999999998,-0.7818314824680299,0.6234898018587334
2024-04-29,6.05,9.54,189.12,1.71,19.83,26.77,91.42,18.75,4.07,Hari Biasa,0,0,0,0,4,29,5.93,5.63,10.44,6.434285714285714,5.807142857142857,18.94,27.39,5.18,5.109999999999999,88.84,9.35,1.49,160.42,26.12,0.8806828564301475,-0.47370635037968,76.3125,0.8660254037844387,-0.4999999999999998,0.0,1.0
2024-04-30,7.57,11.66,188.83,1.54,25.21,27.28,91.65,10.72,4.21,Hari Biasa,0,1,0,0,4,30,6.05,6.5,5.49,5.807142857142857,6.104285714285714,18.75,45.69,4.07,5.1000000000000005,91.42,9.54,1.71,189.12,19.83,0.8724040568049612,-0.48878539428899265,45.1312,0.8660254037844387,-0.4999999999999998,0.7818314824680298,0.6234898018587336
2024-05-01,5.64,8.78,165.17,1.36,23.46,27.42,89.54,7.24,4.36,Hari Buruh Internasional,1,2,0,1,5,1,7.57,5.93,6.48,6.104285714285714,5.984285714285714,10.72,48.410000000000004,4.21,4.486666666666666,91.65,11.66,1.54,188.83,25.21,0.8638670987837349,-0.503719798736334,31.5664,0.49999999999999994,-0.8660254037844387,0.9749279121818236,-0.22252093395631434
2024-05-02,4.73,7.63,122.88,1.26,27.12,27.1,93.0,9.77,4.25,Hari Biasa,0,3,0,0,5,2,5.64,6.05,4.57,5.984285714285714,6.007142857142858,7.24,36.71,4.36,4.213333333333334,89.54,8.78,1.36,165.17,23.46,0.8550745085896932,-0.518505144391157,41.5225,0.49999999999999994,-0.8660254037844387,0.43388373911755823,-0.900968867902419
2024-05-03,6.17,9.27,182.62,1.66,19.83,26.84,88.47,32.42,4.18,Hari Biasa,0,4,0,0,5,3,4.73,7.57,5.63,6.007142857142858,6.084285714285714,9.77,27.73,4.25,4.273333333333333,93.0,7.63,1.26,122.88,27.12,0.8460288880917339,-0.533137056031809,135.5156,0.49999999999999994,-0.8660254037844387,-0.433883739117558,-0.9009688679024191
2024-05-04,5.09,7.41,184.46,1.68,18.79,26.44,91.34,19.54,6.19,Hari Biasa,0,5,1,1,5,4,6.17,5.64,6.5,6.084285714285714,5.882857142857143,32.42,49.43,4.18,4.263333333333333,88.47,9.27,1.66,182.62,19.83,0.8367329140344921,-0.5476112038402312,120.9526,0.49999999999999994,-0.8660254037844387,-0.9749279121818236,-0.2225209339563146
2024-05-05,5.34,7.7,158.29,1.18,28.92,27.09,88.75,8.95,5.58,Hari Biasa,0,6,1,1,5,5,5.09,4.73,5.93,5.882857142857143,5.798571428571428,19.54,61.73,6.19,4.873333333333334,91.34,7.41,1.68,184.46,18.79,0.8271893372462497,-0.5619233046832195,49.940999999999995,0.49999999999999994,-0.8660254037844387,-0.7818314824680299,0.6234898018587334
2024-05-06,7.24,10.48,181.92,1.62,20.29,26.49,93.2,12.72,6.37,Hari Biasa,0,0,0,0,5,6,5.34,6.17,6.05,5.798571428571428,5.968571428571429,8.95,60.91,5.58,5.316666666666667,88.75,7.7,1.18,158.29,28.92,0.8174009818249189,-0.5760691233798758,81.02640000000001,0.49999999999999994,-0.8660254037844387,0.0,1.0
2024-05-07,9.06,13.21,203.33,1.84,26.83,27.31,88.28,2.44,4.64,Hari Biasa,0,1,0,0,5,7,7.24,5.09,7.57,5.968571428571429,6.1814285714285715,12.72,41.21,6.37,6.046666666666667,93.2,10.48,1.62,181.92,20.29,0.8073707443023492,-0.5900444739548627,11.321599999999998,0.49999999999999994,-0.8660254037844387,0.7818314824680298,0.6234898018587336
2024-05-08,6.2,9.12,160.17,1.52,25.79,27.34,91.0,9.08,5.94,Hari Biasa,0,2,0,0,5,8,9.06,5.34,5.64,6.1814285714285715,6.2614285714285725,2.44,24.11,4.64,5.53,88.28,13.21,1.84,203.33,26.83,0.7971015927871943,-0.6038452208771035,53.9352,0.49999999999999994,-0.8660254037844387,0.9749279121818236,-0.22252093395631434
2024-05-09,11.32,17.61,223.75,2.6,28.0,26.84,90.69,9.04,6.41,Kenaikan Isa Almasih,1,3,0,1,5,9,6.2,7.24,4.73,6.2614285714285725,7.202857142857143,9.08,24.240000000000002,5.94,5.6499999999999995,91.0,9.12,1.52,160.17,25.79,0.7865965660866021,-0.6174672802835514,57.9464,0.49999999999999994,-0.8660254037844387,0.43388373911755823,-0.900968867902419
2024-05-10,6.77,11.03,139.17,1.2,27.5,26.95,88.92,6.74,6.23,Hari Biasa,0,4,0,0,5,10,11.32,9.06,6.17,7.202857142857143,7.288571428571429,9.04,20.56,6.41,5.663333333333333,90.69,17.61,2.6,223.75,28.0,0.7758587728069828,-0.6309066211876704,41.9902,0.49999999999999994,-0.8660254037844387,-0.433883739117558,-0.9009688679024191
2024-05-11,6.22,10.2,123.79,1.21,25.88,27.52,89.24,11.87,6.3,Hari Biasa,0,5,1,1,5,11,6.77,6.2,5.09,7.288571428571429,7.45,6.74,24.86,6.23,6.193333333333334,88.92,11.03,1.2,139.17,27.5,0.7648913904341225,-0.6441592666722685,74.78099999999999,0.49999999999999994,-0.8660254037844387,-0.9749279121818236,-0.2225209339563146
2024-05-12,7.21,11.4,158.75,1.23,25.75,27.47,88.53,6.62,6.7,Hari Biasa,0,6,1,1,5,12,6.22,11.32,5.34,7.45,7.717142857142858,11.87,27.65,6.3,6.313333333333333,89.24,10.2,1.21,123.79,25.88,0.753697664392914,-0.6572212950663319,44.354,0.49999999999999994,-0.8660254037844387,-0.7818314824680299,0.6234898018587334
2024-05-13,11.47,17.65,248.83,1.95,28.79,27.34,88.55,4.75,6.52,Hari Biasa,0,0,0,0,5,13,7.21,6.77,7.24,7.717142857142858,8.321428571428571,6.62,25.23,6.7,6.41,88.53,11.4,1.23,158.75,25.75,0.742280907086982,-0.6700888411055113,30.97,0.49999999999999994,-0.8660254037844387,0.0,1.0
2024-05-14,6.92,10.65,173.75,1.52,24.96,27.21,91.9,8.56,6.08,Hari Biasa,0,1,0,0,5,14,11.47,6.22,9.06,8.321428571428571,8.015714285714285,4.75,23.240000000000002,6.52,6.506666666666667,88.55,17.65,1.95,248.83,28.79,0.7306444969184916,-0.6827580970759147,52.0448,0.49999999999999994,-0.8660254037844387,0.7818314824680298,0.6234898018587336
2024-05-15,5.65,8.85,161.33,1.56,26.33,26.98,93.34,36.43,6.01,Hari Biasa,0,2,0,0,5,15,6.92,7.21,6.2,8.015714285714285,7.937142857142857,8.56,19.93,6.08,6.433333333333334,91.9,10.65,1.52,173.75,24.96,0.7187918772884232,-0.6952253139408722,218.9443,0.49999999999999994,-0.8660254037844387,0.9749279121818236,-0.22252093395631434
2024-05-16,8.34,13.8,145.17,1.37,26.5,27.06,89.94,12.91,6.44,Hari Biasa,0,3,0,0,5,16,5.65,11.47,11.32,7.937142857142857,7.511428571428572,36.43,49.739999999999995,6.01,6.203333333333333,93.34,8.85,1.56,161.33,26.33,0.7067265555776158,-0.7074868024503348,83.1404,0.49999999999999994,-0.8660254037844387,0.43388373911755823,-0.900968867902419
2024-05-17,5.72,9.51,122.62,1.15,25.29,27.3,88.76,3.76,6.77,Hari Biasa,0,4,0,0,5,17,8.34,6.92,6.77,7.511428571428572,7.361428571428571,12.91,57.900000000000006,6.44,6.176666666666667,89.94,13.8,1.37,145.17,26.5,0.6944521021088763,-0.719538934232584,25.455199999999998,0.49999999999999994,-0.8660254037844387,-0.433883739117558,-0.9009688679024191
2024-05-18,8.29,13.56,156.0,1.38,26.25,27.15,88.5,3.23,7.56,Hari Biasa,0,5,1,1,5,18,5.72,5.65,6.22,7.361428571428571,7.6571428571428575,3.76,53.1,6.77,6.406666666666666,88.76,9.51,1.15,122.62,25.29,0.6819721490904629,-0.7313781428679254,24.418799999999997,0.49999999999999994,-0.8660254037844387,-0.9749279121818236,-0.2225209339563146
2024-05-19,8.88,14.48,165.04,1.36,30.46,26.93,86.18,0.69,7.38,Hari Biasa,0,6,1,1,5,19,8.29,8.34,7.21,7.6571428571428575,7.895714285714286,3.23,19.900000000000006,7.56,6.923333333333333,88.5,13.56,1.38,156.0,26.25,0.6692903895412567,-0.7430009249440493,5.092199999999999,0.49999999999999994,-0.8660254037844387,-0.7818314824680299,0.6234898018587334
2024-05-20,7.95,13.25,145.92,1.15,32.54,27.09,86.75,0.65,6.88,Hari Biasa,0,0,0,0,5,20,8.88,5.72,11.47,7.895714285714286,7.392857142857143,0.69,7.680000000000007,7.38,7.236666666666667,86.18,14.48,1.36,165.04,30.46,0.6564105761979381,-0.7544038410927472,4.472,0.49999999999999994,-0.8660254037844387,0.0,1.0
2024-05-21,8.29,13.9,147.96,1.43,34.5,27.05,91.25,7.73,6.91,Hari Biasa,0,1,0,0,5,21,7.95,8.29,6.92,7.392857142857143,7.588571428571429,0.65,4.570000000000007,6.88,7.273333333333333,86.75,13.25,1.15,145.92,32.54,0.6433365204044917,-0.765583517007675,53.414300000000004,0.49999999999999994,-0.8660254037844387,0.7818314824680298,0.6234898018587336
2024-05-22,7.74,12.92,133.88,1.33,31.25,27.12,92.97,8.67,7.02,Hari Biasa,0,2,0,0,5,22,8.29,8.88,5.65,7.588571428571429,7.887142857142857,7.73,9.070000000000007,6.91,7.0566666666666675,91.25,13.9,1.43,147.96,34.5,0.6300720909843687,-0.7765366444428655,60.8634,0.49999999999999994,-0.8660254037844387,0.9749279121818236,-0.22252093395631434
2024-05-23,9.9,16.48,151.12,1.32,29.5,27.1,91.49,10.6,6.41,Hari Biasa,0,3,0,0,5,23,7.74,7.95,8.34,7.887142857142857,8.11,8.67,17.050000000000008,7.02,6.9366666666666665,92.97,12.92,1.33,133.88,31.25,0.6166212130956382,-0.7872599821916922,67.946,0.49999999999999994,-0.8660254037844387,0.43388373911755823,-0.900968867902419
2024-05-24,7.18,11.65,143.83,1.36,28.88,27.5,89.14,12.46,5.94,Hari Biasa,0,4,0,0,5,24,9.9,8.29,5.72,8.11,8.31857142857143,10.6,27.000000000000007,6.41,6.78,91.49,16.48,1.32,151.12,29.5,0.6029878670694714,-0.7977503570459932,74.01240000000001,0.49999999999999994,-0.8660254037844387,-0.433883739117558,-0.9009688679024191
2024-05-25,5.53,8.92,123.12,1.07,28.62,27.12,94.32,24.84,5.4,Hari Biasa,0,5,1,1,5,25,7.18,7.74,8.29,8.31857142857143,7.924285714285714,12.46,31.73000000000001,5.94,6.456666666666667,89.14,11.65,1.36,143.83,28.88,0.5891760872322963,-0.8080046647350754,134.136,0.49999999999999994,-0.8660254037844387,-0.9749279121818236,-0.2225209339563146
2024-05-26,7.46,11.99,151.21,1.53,26.38,26.91,95.02,20.68,6.98,Hari Biasa,0,6,1,1,5,26,5.53,9.9,8.88,7.924285714285714,7.721428571428571,24.84,47.900000000000006,5.4,5.916666666666667,94.32,8.92,1.07,123.12,28.62,0.5751899607119775,-0.8180198708443174,144.34640000000002,0.49999999999999994,-0.8660254037844387,-0.7818314824680299,0.6234898018587334
2024-05-27,7.91,12.55,144.67,1.24,27.21,26.68,88.88,13.45,5.18,Hari Biasa,0,0,0,0,5,27,7.46,7.18,7.95,7.721428571428571,7.715714285714286,20.68,57.980000000000004,6.98,6.1066666666666665,95.02,11.99,1.53,151.21,26.38,0.5610336262283677,-0.8277930117131022,69.67099999999999,0.49999999999999994,-0.8660254037844387,0.0,1.0
2024-05-28,7.96,11.93,207.88,1.98,25.17,26.67,86.5,11.82,3.67,Hari Biasa,0,1,0,0,5,28,7.91,5.53,8.29,7.715714285714286,7.668571428571428,13.45,58.97,5.18,5.853333333333334,88.88,12.55,1.24,144.67,27.21,0.5467112728685939,-0.8373211953118121,43.3794,0.49999999999999994,-0.8660254037844387,0.7818314824680298,0.6234898018587336
2024-05-29,6.19,9.24,158.12,1.53,25.17,27.37,87.26,3.54,4.28,Hari Biasa,0,2,0,0,5,29,7.96,7.46,7.74,7.668571428571428,7.4471428571428575,11.82,45.95,3.67,5.276666666666666,86.5,11.93,1.98,207.88,25.17,0.5322271388474397,-0.8466016020976267,15.151200000000001,0.49999999999999994,-0.8660254037844387,0.9749279121818236,-0.22252093395631434
2024-05-30,6.04,8.89,149.5,1.41,24.38,27.43,88.88,2.92,4.57,Hari Biasa,0,3,0,0,5,30,6.19,7.91,9.9,7.4471428571428575,6.895714285714286,3.54,28.810000000000006,4.28,4.376666666666666,87.26,9.24,1.53,158.12,25.17,0.5175855102531889,-0.8556314858488706,13.3444,0.49999999999999994,-0.8660254037844387,0.43388373911755823,-0.900968867902419
2024-05-31,5.4,8.01,156.54,1.5,23.12,27.37,88.76,0.67,5.65,Hari Biasa,0,4,0,0,5,31,6.04,7.96,7.18,6.895714285714286,6.6414285714285715,2.92,18.28000000000001,4.57,4.173333333333333,88.88,8.89,1.41,149.5,24.38,0.5027907197793043,-0.8644081744776648,3.7855000000000003,0.49999999999999994,-0.8660254037844387,-0.433883739117558,-0.9009688679024191
2024-06-01,5.03,7.86,137.29,1.22,24.79,27.34,89.79,9.17,4.18,Hari Lahir Pancasila,1,5,1,1,6,1,5.4,6.19,5.53,6.6414285714285715,6.57,0.67,7.130000000000007,5.65,4.833333333333333,88.76,8.01,1.5,156.54,23.12,0.4878471454423119,-0.8729290708206411,38.3306,1.2246467991473532e-16,-1.0,-0.9749279121818236,-0.2225209339563146
2024-06-02,6.82,10.83,167.71,1.63,24.5,27.28,94.15,19.5,4.82,Hari Biasa,0,6,1,1,6,2,5.03,6.04,7.46,6.57,6.478571428571429,9.17,12.760000000000007,4.18,4.8,89.79,7.86,1.22,137.29,24.79,0.47275920928627757,-0.881191653407483,93.99000000000001,1.2246467991473532e-16,-1.0,-0.7818314824680299,0.6234898018587334
2024-06-03,9.58,15.08,173.71,1.63,25.96,27.34,90.49,10.55,7.34,Hari Biasa,0,0,0,0,6,3,6.82,5.4,7.91,6.478571428571429,6.717142857142856,19.5,29.340000000000007,4.82,4.883333333333333,94.15,10.83,1.63,167.71,24.5,0.4575313760742512,-0.8891934772070711,77.437,1.2246467991473532e-16,-1.0,0.0,1.0
2024-06-04,7.54,11.55,159.5,1.73,32.12,26.57,93.56,11.98,5.04,Hari Biasa,0,1,0,0,6,4,9.58,5.03,7.96,6.717142857142856,6.6571428571428575,10.55,39.220000000000006,7.34,5.446666666666666,90.49,15.08,1.63,173.71,25.96,0.44216815196707204,-0.8969321743510065,60.379200000000004,1.2246467991473532e-16,-1.0,0.7818314824680298,0.6234898018587336
2024-06-05,9.05,14.6,168.83,1.35,28.21,26.5,90.22,2.24,6.34,Hari Biasa,0,2,0,0,6,5,7.54,6.82,6.19,6.6571428571428575,7.065714285714286,11.98,42.03000000000001,5.04,5.733333333333334,93.56,11.55,1.73,159.5,32.12,0.42667408318992467,-0.9044054548343001,14.201600000000001,1.2246467991473532e-16,-1.0,0.9749279121818236,-0.22252093395631434
2024-06-06,11.96,19.4,191.62,1.56,33.21,26.49,89.43,4.32,6.16,Hari Biasa,0,3,0,0,6,6,9.05,9.58,6.04,7.065714285714286,7.911428571428572,2.24,24.77000000000001,6.34,6.239999999999999,90.22,14.6,1.35,168.83,28.21,0.4110537546870351,-0.9116111071930239,26.611200000000004,1.2246467991473532e-16,-1.0,0.43388373911755823,-0.900968867902419
2024-06-07,12.66,20.26,215.58,2.1,26.25,26.89,88.15,3.32,5.9,Hari Biasa,0,4,0,0,6,7,11.96,7.54,5.4,7.911428571428572,8.948571428571428,4.32,18.540000000000006,6.16,5.846666666666667,89.43,19.4,1.56,191.62,33.21,0.3953117887649151,-0.9185469991587165,19.588,1.2246467991473532e-16,-1.0,-0.433883739117558,-0.9009688679024191
2024-06-08,9.4,15.24,167.96,1.6,31.25,26.58,91.96,12.23,6.05,Hari Biasa,0,5,1,1,6,8,12.66,9.05,5.03,8.948571428571428,9.572857142857144,3.32,9.880000000000008,5.9,6.133333333333333,88.15,20.26,2.1,215.58,26.25,0.37945284372454435,-0.925211078289358,73.9915,1.2246467991473532e-16,-1.0,-0.9749279121818236,-0.2225209339563146
2024-06-09,8.37,14.07,150.25,1.15,39.17,26.7,89.72,4.63,7.78,Hari Biasa,0,6,1,1,6,9,9.4,11.96,6.82,9.572857142857144,9.794285714285715,12.23,19.870000000000008,6.05,6.036666666666666,91.96,15.24,1.6,167.96,31.25,0.36348161248290634,-0.9316013725767187,36.0214,1.2246467991473532e-16,-1.0,-0.7818314824680299,0.6234898018587334
2024-06-10,9.38,15.29,156.42,1.2,36.62,26.37,87.86,0.66,6.7,Hari Biasa,0,0,0,0,6,10,8.37,12.66,9.58,9.794285714285715,9.765714285714285,4.63,20.180000000000007,7.78,6.576666666666667,89.72,14.07,1.15,150.25,39.17,0.3474028211842774,-0.9377159910299093,4.422000000000001,1.2246467991473532e-16,-1.0,0.0,1.0
2024-06-11,8.62,14.26,168.33,1.67,27.33,25.85,91.31,3.42,5.18,Hari Biasa,0,1,0,0,6,11,9.38,9.4,7.54,9.765714285714285,9.92,0.66,17.520000000000007,6.7,6.843333333333334,87.86,15.29,1.2,156.42,36.62,0.3312212278016865,-0.9435531242349544,17.7156,1.2246467991473532e-16,-1.0,0.7818314824680298,0.6234898018587336
2024-06-12,7.23,11.18,202.21,1.87,24.0,25.97,90.53,6.76,3.31,Hari Biasa,0,2,0,0,6,12,8.62,8.37,9.05,9.92,9.66,3.42,8.710000000000008,5.18,6.553333333333334,91.31,14.26,1.67,168.33,27.33,0.31494162072895193,-0.9491110448902284,22.3756,1.2246467991473532e-16,-1.0,0.9749279121818236,-0.22252093395631434
2024-06-13,8.71,13.95,191.25,1.53,32.29,26.21,89.12,1.34,5.83,Hari Biasa,0,3,0,0,6,13,7.23,9.38,11.96,9.66,9.195714285714287,6.76,10.840000000000007,3.31,5.0633333333333335,90.53,11.18,1.87,202.21,24.0,0.2985688173637202,-0.9543881083175908,7.812200000000001,1.2246467991473532e-16,-1.0,0.43388373911755823,-0.900968867902419
2024-06-14,6.88,10.75,166.58,1.38,30.17,25.99,88.98,1.91,5.87,Hari Biasa,0,4,0,0,6,14,8.71,8.62,12.66,9.195714285714287,8.370000000000001,1.34,11.520000000000007,5.83,4.7733333333333325,89.12,13.95,1.53,191.25,32.29,0.2821076626819194,-0.9593827529490743,11.2117,1.2246467991473532e-16,-1.0,-0.433883739117558,-0.9009688679024191
2024-06-15,10.36,16.36,186.88,1.76,30.08,25.69,90.71,0.69,5.69,Hari Biasa,0,5,1,1,6,15,6.88,7.23,9.4,8.370000000000001,8.507142857142856,1.91,10.010000000000007,5.87,5.003333333333334,88.98,10.75,1.38,166.58,30.17,0.26556302780405594,-0.9640935007889755,3.9261,1.2246467991473532e-16,-1.0,-0.9749279121818236,-0.2225209339563146
2024-06-16,9.94,16.24,157.38,1.42,30.0,26.22,89.71,3.61,6.08,Hari Biasa,0,6,1,1,6,16,10.36,8.71,8.37,8.507142857142856,8.731428571428571,0.69,3.940000000000007,5.69,5.796666666666667,90.71,16.36,1.76,186.88,30.08,0.24893980855376657,-0.9685189578512204,21.9488,1.2246467991473532e-16,-1.0,-0.7818314824680299,0.6234898018587334
2024-06-17,9.52,15.75,130.38,0.92,39.25,25.96,85.72,0.62,8.6,Hari Biasa,0,0,0,0,6,17,9.94,6.88,9.38,8.731428571428571,8.751428571428571,3.61,6.210000000000006,6.08,5.88,89.71,16.24,1.42,157.38,30.0,0.23224292400907015,-0.9726578145718654,5.332,1.2246467991473532e-16,-1.0,0.0,1.0
2024-06-18,7.18,12.5,128.17,0.76,43.04,25.56,84.69,0.13,7.63,Hari Biasa,0,1,0,0,6,18,9.52,10.36,8.62,8.751428571428571,8.545714285714286,0.62,4.920000000000006,8.6,6.789999999999999,85.72,15.75,0.92,130.38,39.25,0.21547731504673012,-0.976508846196619,0.9919,1.2246467991473532e-16,-1.0,0.7818314824680298,0.6234898018587336
2024-06-19,6.68,11.25,129.12,0.93,40.25,25.45,83.56,0.1,7.7,Hari Biasa,0,2,0,0,6,19,7.18,9.94,7.23,8.545714285714286,8.467142857142857,0.13,4.3600000000000065,7.63,7.4366666666666665,84.69,12.5,0.76,128.17,43.04,0.19864794288017112,-0.9800709131432666,0.77,1.2246467991473532e-16,-1.0,0.9749279121818236,-0.22252093395631434
2024-06-20,9.31,15.53,149.83,1.09,38.17,25.43,83.22,0.17,6.73,Hari Biasa,0,3,0,0,6,20,6.68,9.52,8.71,8.467142857142857,8.552857142857144,0.1,0.8500000000000071,7.7,7.976666666666667,83.56,11.25,0.93,129.12,40.25,0.18175978759137534,-0.9833429613388902,1.1441000000000001,1.2246467991473532e-16,-1.0,0.43388373911755823,-0.900968867902419
2024-06-21,9.57,16.0,159.0,1.22,35.21,25.85,87.25,1.54,6.95,Hari Biasa,0,4,0,0,6,21,9.31,7.18,6.88,8.552857142857144,8.937142857142858,0.17,0.4000000000000071,6.73,7.353333333333334,83.22,15.53,1.09,149.83,38.17,0.16481784665719793,-0.9863240225317866,10.703000000000001,1.2246467991473532e-16,-1.0,-0.433883739117558,-0.9009688679024191
2024-06-22,10.5,17.48,148.46,1.13,37.92,25.67,88.7,12.38,8.35,Hari Biasa,0,5,1,1,6,22,9.57,6.68,10.36,8.937142857142858,8.957142857142857,1.54,1.8100000000000072,6.95,7.126666666666668,87.25,16.0,1.22,159.0,35.21,0.14782713347053048,-0.9890132145779883,103.373,1.2246467991473532e-16,-1.0,-0.9749279121818236,-0.2225209339563146
2024-06-23,10.42,17.06,161.54,1.52,34.5,25.55,89.49,15.51,6.84,Hari Biasa,0,6,1,1,6,23,10.5,9.31,9.94,8.957142857142857,9.025714285714285,12.38,14.090000000000007,8.35,7.343333333333334,88.7,17.48,1.13,148.46,37.92,0.13079267585675922,-0.9914097417023038,106.0884,1.2246467991473532e-16,-1.0,-0.7818314824680299,0.6234898018587334
2024-06-24,6.57,10.15,160.92,1.28,33.21,26.11,90.95,8.38,6.44,Hari Biasa,0,0,0,0,6,24,10.42,9.57,9.52,9.025714285714285,8.604285714285714,15.51,29.430000000000007,6.84,7.38,89.49,17.06,1.52,161.54,34.5,0.11371951458594969,-0.9935128947338007,53.967200000000005,1.2246467991473532e-16,-1.0,0.0,1.0
2024-06-25,9.55,14.56,190.29,1.52,34.04,26.23,89.77,6.19,7.09,Hari Biasa,0,1,0,0,6,25,6.57,10.5,7.18,8.604285714285714,8.942857142857143,8.38,36.27000000000001,6.44,7.21,90.95,10.15,1.28,160.92,33.21,0.0966127018812031,-0.9953220513156602,43.887100000000004,1.2246467991473532e-16,-1.0,0.7818314824680298,0.6234898018587336
2024-06-26,9.5,15.46,195.12,1.38,43.12,26.34,90.72,3.48,6.3,Hari Biasa,0,2,0,0,6,26,9.55,10.42,6.68,8.942857142857143,9.345714285714285,6.19,30.08000000000001,7.09,6.789999999999999,89.77,14.56,1.52,190.29,34.04,0.07947729992362097,-0.9968366760893436,21.924,1.2246467991473532e-16,-1.0,0.9749279121818236,-0.22252093395631434
2024-06-27,7.69,12.44,161.08,1.47,30.12,26.56,86.37,0.21,6.01,Hari Biasa,0,3,0,0,6,27,9.5,6.57,9.31,9.345714285714285,9.114285714285714,3.48,18.050000000000008,6.3,6.609999999999999,90.72,15.46,1.38,195.12,43.12,0.062318379354325076,-0.998056320853012,1.2621,1.2246467991473532e-16,-1.0,0.43388373911755823,-0.900968867902419
2024-06-28,5.54,8.65,144.62,1.33,26.08,26.59,87.27,1.74,4.5,Hari Biasa,0,4,0,0,6,28,7.69,9.55,9.57,9.114285714285714,8.538571428571428,0.21,9.880000000000008,6.01,6.466666666666666,86.37,12.44,1.47,161.08,30.12,0.04514101777397193,-0.9989806246941579,7.83,1.2246467991473532e-16,-1.0,-0.433883739117558,-0.9009688679024191
2024-06-29,4.86,7.18,163.12,1.6,19.25,26.08,90.22,19.35,5.04,Hari Biasa,0,5,1,1,6,29,5.54,9.5,10.5,8.538571428571428,7.732857142857142,1.74,5.430000000000007,4.5,5.603333333333332,87.27,8.65,1.33,144.62,26.08,0.02795029824021032,-0.999609314096404,97.524,1.2246467991473532e-16,-1.0,-0.9749279121818236,-0.2225209339563146
2024-06-30,4.75,7.06,137.29,1.23,23.5,26.4,91.91,10.68,6.08,Hari Biasa,0,6,1,1,6,30,4.86,7.69,10.42,7.732857142857142,6.922857142857143,19.35,21.300000000000008,5.04,5.183333333333333,90.22,7.18,1.6,163.12,19.25,0.01075130776352193,-0.9999422030204416,64.9344,1.2246467991473532e-16,-1.0,-0.7818314824680299,0.6234898018587334
2024-07-01,6.9,10.49,180.38,2.07,22.08,26.15,92.29,7.12,5.04,Hari Biasa,0,0,0,0,7,1,4.75,5.54,6.57,6.922857142857143,6.970000000000001,10.68,31.770000000000007,6.08,5.206666666666666,91.91,7.06,1.23,137.29,23.5,-0.00645086419810515,-0.9999791929590823,35.8848,-0.4999999999999997,-0.8660254037844388,0.0,1.0
2024-07-02,4.82,7.48,135.92,1.33,27.0,25.91,92.71,15.44,5.65,Hari Biasa,0,1,0,0,7,2,6.9,4.86,9.55,6.970000000000001,6.2942857142857145,7.12,37.150000000000006,5.04,5.386666666666666,92.29,10.49,2.07,180.38,22.08,-0.023651127245231586,-0.9997202729664083,87.236,-0.4999999999999997,-0.8660254037844388,0.7818314824680298,0.6234898018587336
2024-07-03,7.99,12.89,145.38,1.54,29.54,25.52,92.72,20.38,5.18,Hari Biasa,0,2,0,0,7,3,4.82,4.75,9.5,6.2942857142857145,6.078571428571428,15.44,33.24000000000001,5.65,5.59,92.71,7.48,1.33,135.92,27.0,-0.04084439154329611,-0.9991655196610109,105.56839999999998,-0.4999999999999997,-0.8660254037844388,0.9749279121818236,-0.22252093395631434
2024-07-04,13.1,19.95,290.0,3.01,22.04,24.88,94.4,29.65,6.26,Hari Biasa,0,3,0,0,7,4,7.99,6.9,7.69,6.078571428571428,6.851428571428571,20.38,42.940000000000005,5.18,5.289999999999999,92.72,12.89,1.54,145.38,29.54,-0.05802556932878035,-0.9983150972033183,185.60899999999998,-0.4999999999999997,-0.8660254037844388,0.43388373911755823,-0.900968867902419
2024-07-05,8.4,13.88,150.38,1.08,35.71,25.41,89.68,4.34,7.45,Hari Biasa,0,4,0,0,7,5,13.1,4.82,5.54,6.851428571428571,7.26,29.65,65.47,6.26,5.696666666666665,94.4,19.95,3.01,290.0,22.04,-0.07518957641475855,-0.9971692572470178,32.333,-0.4999999999999997,-0.8660254037844388,-0.433883739117558,-0.9009688679024191
2024-07-06,11.17,18.3,190.46,1.23,41.71,25.58,89.05,8.72,6.88,Hari Biasa,0,5,1,1,7,6,8.4,7.99,4.86,7.26,8.161428571428571,4.34,54.370000000000005,7.45,6.296666666666666,89.68,13.88,1.08,150.38,35.71,-0.09233133369539122,-0.9957283388645872,59.9936,-0.4999999999999997,-0.8660254037844388,-0.9749279121818236,-0.2225209339563146
2024-07-07,6.77,10.77,162.83,1.22,30.17,25.9,91.5,17.94,5.83,Hari Biasa,0,6,1,1,7,7,11.17,13.1,4.75,8.161428571428571,8.450000000000001,8.72,42.71000000000001,6.88,6.863333333333332,89.05,18.3,1.23,190.46,41.71,-0.10944576864891556,-0.993992768446958,104.59020000000001,-0.4999999999999997,-0.8660254037844388,-0.7818314824680299,0.6234898018587334
2024-07-08,6.37,9.93,159.17,1.44,28.38,26.08,91.13,14.89,5.4,Hari Biasa,0,0,0,0,7,8,6.77,8.4,6.9,8.450000000000001,8.374285714285714,17.94,31.000000000000007,5.83,6.719999999999999,91.5,10.77,1.22,162.83,30.17,-0.12652781683868314,-0.9919630595773397,80.406,-0.4999999999999997,-0.8660254037844388,0.0,1.0
2024-07-09,8.47,13.41,155.5,1.35,29.46,25.99,89.97,6.45,7.06,Hari Biasa,0,1,0,0,7,9,6.37,11.17,4.82,8.374285714285714,8.895714285714286,14.89,41.55000000000001,5.4,6.036666666666666,91.13,9.93,1.44,159.17,28.38,-0.1435724234118113,-0.9896398128792412,45.537,-0.4999999999999997,-0.8660254037844388,0.7818314824680298,0.6234898018587336
2024-07-10,11.87,18.52,181.75,1.36,29.67,25.64,87.32,1.07,7.06,Hari Biasa,0,2,0,0,7,10,8.47,6.77,7.99,8.895714285714286,9.450000000000001,6.45,39.28000000000001,7.06,6.096666666666667,89.97,13.41,1.35,155.5,29.46,-0.16057454459499376,-0.9870237158387383,7.5542,-0.4999999999999997,-0.8660254037844388,0.9749279121818236,-0.22252093395631434
2024-07-11,10.81,16.9,180.5,1.45,30.46,25.01,87.9,1.19,6.7,Hari Biasa,0,3,0,0,7,11,11.87,6.37,13.1,9.450000000000001,9.122857142857143,1.07,22.410000000000004,7.06,6.506666666666665,87.32,18.52,1.36,181.75,29.67,-0.17752914918703497,-0.984115542601034,7.973,-0.4999999999999997,-0.8660254037844388,0.43388373911755823,-0.900968867902419
2024-07-12,9.5,14.66,180.38,1.32,35.79,24.94,87.81,1.68,7.24,Hari Biasa,0,4,0,0,7,12,10.81,8.47,8.4,9.122857142857143,9.280000000000001,1.19,8.710000000000004,6.7,6.939999999999999,87.9,16.9,1.45,180.5,30.46,-0.19443122004766195,-0.9809161537413774,12.1632,-0.4999999999999997,-0.8660254037844388,-0.433883739117558,-0.9009688679024191
2024-07-13,8.74,14.09,176.25,1.2,41.54,25.03,86.38,0.53,6.73,Hari Biasa,0,5,1,1,7,13,9.5,11.87,11.17,9.280000000000001,8.932857142857143,1.68,3.9400000000000035,7.24,7.0,87.81,14.66,1.32,180.38,35.79,-0.2112757555821793,-0.9774264960104055,3.5669000000000004,-0.4999999999999997,-0.8660254037844388,-0.9749279121818236,-0.2225209339563146
2024-07-14,10.52,17.15,165.17,1.04,45.04,24.96,85.95,0.91,7.81,Hari Biasa,0,6,1,1,7,14,8.74,10.81,6.77,8.932857142857143,9.468571428571428,0.53,3.400000000000004,6.73,6.89,86.38,14.09,1.2,176.25,41.54,-0.2280577712215198,-0.9736476020539838,7.1071,-0.4999999999999997,-0.8660254037844388,-0.7818314824680299,0.6234898018587334
2024-07-15,9.0,14.73,133.29,0.69,50.33,25.02,85.56,1.74,7.13,Hari Biasa,0,0,0,0,7,15,10.52,9.5,6.37,9.468571428571428,9.844285714285714,0.91,3.120000000000003,7.81,7.260000000000001,85.95,17.15,1.04,165.17,45.04,-0.24477230089725957,-0.9695805901076308,12.4062,-0.4999999999999997,-0.8660254037844388,0.0,1.0
2024-07-16,8.38,13.77,135.46,0.73,48.25,25.07,87.62,3.61,7.92,Hari Biasa,0,1,0,0,7,16,9.0,8.74,8.47,9.844285714285714,9.831428571428571,1.74,3.1800000000000037,7.13,7.223333333333333,85.56,14.73,0.69,133.29,50.33,-0.2614143985111562,-0.965226663665613,28.591199999999997,-0.4999999999999997,-0.8660254037844388,0.7818314824680298,0.6234898018587336
2024-07-17,7.39,12.88,124.83,0.78,46.58,24.82,84.63,0.19,8.78,Hari Biasa,0,2,0,0,7,17,8.38,10.52,11.87,9.831428571428571,9.191428571428572,3.61,6.260000000000003,7.92,7.619999999999998,87.62,13.77,0.73,135.46,48.25,-0.2779791393987801,-0.9605871111248129,1.6682,-0.4999999999999997,-0.8660254037844388,0.9749279121818236,-0.22252093395631434
2024-07-18,9.04,15.37,137.08,0.77,46.46,24.65,85.39,0.48,8.57,Hari Biasa,0,3,0,0,7,18,7.39,9.0,10.81,9.191428571428572,8.938571428571429,0.19,5.540000000000004,8.78,7.9433333333333325,84.63,12.88,0.78,124.83,46.58,-0.2944616217868012,-0.9556633054034704,4.1136,-0.4999999999999997,-0.8660254037844388,0.43388373911755823,-0.900968867902419
2024-07-19,8.62,14.45,135.17,0.78,48.5,24.19,86.27,0.32,8.42,Hari Biasa,0,4,0,0,7,19,9.04,8.38,9.5,8.938571428571429,8.812857142857142,0.48,4.280000000000004,8.57,8.423333333333334,85.39,15.37,0.77,137.08,46.46,-0.3108569682435036,-0.9504567035349151,2.6944,-0.4999999999999997,-0.8660254037844388,-0.433883739117558,-0.9009688679024191
2024-07-20,10.85,17.6,178.67,1.5,35.12,24.78,87.64,0.92,7.27,Hari Biasa,0,5,1,1,7,20,8.62,7.39,8.74,8.812857142857142,9.114285714285714,0.32,0.9900000000000035,8.42,8.589999999999998,86.27,14.45,0.78,135.17,48.5,-0.3271603271220951,-0.9449688462364056,6.6884,-0.4999999999999997,-0.8660254037844388,-0.9749279121818236,-0.2225209339563146
2024-07-21,8.45,13.86,163.0,1.11,39.83,25.52,89.0,2.75,7.31,Hari Biasa,0,6,1,1,7,21,10.85,9.04,10.52,9.114285714285714,8.81857142857143,0.92,1.7200000000000037,7.27,8.086666666666666,87.64,17.6,1.5,178.67,35.12,-0.34336687399638804,-0.939201357453208,20.1025,-0.4999999999999997,-0.8660254037844388,-0.7818314824680299,0.6234898018587334
2024-07-22,8.3,13.77,148.04,0.73,47.42,25.39,88.24,1.5,7.99,Hari Biasa,0,0,0,0,7,22,8.45,8.62,9.0,8.81857142857143,8.718571428571428,2.75,3.9900000000000038,7.31,7.666666666666667,89.0,13.86,1.11,163.0,39.83,-0.3594718130884232,-0.9331559438780432,11.985,-0.4999999999999997,-0.8660254037844388,0.0,1.0
2024-07-23,8.58,13.98,157.08,1.21,50.25,25.1,85.53,0.29,6.95,Hari Biasa,0,1,0,0,7,23,8.3,10.85,8.38,8.718571428571428,8.747142857142856,1.5,5.1700000000000035,7.99,7.523333333333333,88.24,13.77,0.73,148.04,47.42,-0.3754703786876202,-0.9268343944460494,2.0155,-0.4999999999999997,-0.8660254037844388,0.7818314824680298,0.6234898018587336
2024-07-24,8.63,13.82,151.83,1.34,38.62,25.33,84.74,1.13,4.75,Hari Biasa,0,2,0,0,7,24,8.58,8.45,7.39,8.747142857142856,8.924285714285714,0.29,4.540000000000004,6.95,7.416666666666667,85.53,13.98,1.21,157.08,50.25,-0.3913578365610259,-0.9202385798054075,5.3675,-0.4999999999999997,-0.8660254037844388,0.9749279121818236,-0.22252093395631434
2024-07-25,6.36,10.06,145.79,1.33,31.58,25.69,91.73,9.9,5.4,Hari Biasa,0,3,0,0,7,25,8.63,8.3,9.04,8.924285714285714,8.541428571428572,1.13,2.9200000000000035,4.75,6.5633333333333335,84.74,13.82,1.34,151.83,38.62,-0.4071294853542516,-0.9133704517637858,53.46000000000001,-0.4999999999999997,-0.8660254037844388,0.43388373911755823,-0.900968867902419
2024-07-26,6.83,10.53,147.88,1.55,26.71,26.15,90.38,8.6,6.3,Hari Biasa,0,4,0,0,7,26,6.36,8.58,8.62,8.541428571428572,8.285714285714286,9.9,11.320000000000004,5.4,5.7,91.73,10.06,1.33,145.79,31.58,-0.4227806579826773,-0.9062320427107697,54.18,-0.4999999999999997,-0.8660254037844388,-0.433883739117558,-0.9009688679024191
2024-07-27,6.51,9.78,160.71,1.55,25.5,26.33,90.08,11.57,5.87,Hari Biasa,0,5,1,1,7,27,6.83,8.63,10.85,8.285714285714286,7.665714285714286,8.6,19.630000000000003,6.3,5.483333333333333,90.38,10.53,1.55,147.88,26.71,-0.4383067230125192,-0.898825465016444,67.91590000000001,-0.4999999999999997,-0.8660254037844388,-0.9749279121818236,-0.2225209339563146
2024-07-28,10.78,16.24,237.79,2.89,21.04,26.25,90.43,23.21,6.48,Hari Biasa,0,6,1,1,7,28,6.51,6.36,8.45,7.665714285714286,7.99857142857143,11.57,30.07,5.87,5.8566666666666665,90.08,9.78,1.55,160.71,25.5,-0.45370308603134424,-0.8911529104063088,150.4008,-0.4999999999999997,-0.8660254037844388,-0.7818314824680299,0.6234898018587334
2024-07-29,7.32,11.9,125.62,0.91,26.79,26.25,89.73,6.5,6.84,Hari Biasa,0,0,0,0,7,29,10.78,6.83,8.3,7.99857142857143,7.858571428571429,23.21,43.38,6.48,6.216666666666666,90.43,16.24,2.89,237.79,21.04,-0.46896519100763184,-0.8832166493127127,44.46,-0.4999999999999997,-0.8660254037844388,0.0,1.0
2024-07-30,8.77,14.28,149.92,1.29,31.04,26.07,89.01,1.94,7.92,Hari Biasa,0,1,0,0,7,30,7.32,6.51,8.58,7.858571428571429,7.885714285714286,6.5,41.28,6.84,6.396666666666666,89.73,11.9,0.91,125.62,26.79,-0.48408852163897587,-0.8750190302029955,15.364799999999999,-0.4999999999999997,-0.8660254037844388,0.7818314824680298,0.6234898018587336
2024-07-31,7.93,12.84,147.08,1.2,30.12,26.07,87.41,1.18,7.31,Hari Biasa,0,2,0,0,7,31,8.77,10.78,8.63,7.885714285714286,7.785714285714286,1.94,31.650000000000002,7.92,7.080000000000001,89.01,14.28,1.29,149.92,31.04,-0.4990686026885319,-0.8665624788845385,8.6258,-0.4999999999999997,-0.8660254037844388,0.9749279121818236,-0.22252093395631434
2024-08-01,7.66,12.71,130.5,1.02,33.88,25.8,87.91,1.46,7.63,Hari Biasa,0,3,0,0,8,1,7.93,7.32,6.36,7.785714285714286,7.971428571428571,1.18,9.62,7.31,7.3566666666666665,87.41,12.84,1.2,147.08,30.12,-0.5139010013093103,-0.8578494977869301,11.1398,-0.8660254037844385,-0.5000000000000004,0.43388373911755823,-0.900968867902419
2024-08-02,9.0,14.72,155.92,1.38,31.12,25.68,87.81,0.99,7.38,Hari Biasa,0,4,0,0,8,2,7.66,8.77,6.83,7.971428571428571,8.281428571428572,1.46,4.58,7.63,7.62,87.91,12.71,1.02,130.5,33.88,-0.5285813283559292,-0.8488826652214553,7.3062,-0.8660254037844385,-0.5000000000000004,-0.433883739117558,-0.9009688679024191
2024-08-03,7.12,11.23,145.54,1.08,31.5,25.59,86.38,0.48,6.88,Hari Biasa,0,5,1,1,8,3,9.0,7.93,6.51,8.281428571428572,8.368571428571428,0.99,3.63,7.38,7.44,87.81,14.72,1.38,155.92,31.12,-0.5431052396834317,-0.8396646346181327,3.3024,-0.8660254037844385,-0.5000000000000004,-0.9749279121818236,-0.2225209339563146
2024-08-04,7.47,12.06,137.12,1.17,33.21,25.6,87.32,1.2,7.02,Hari Biasa,0,6,1,1,8,4,7.12,7.66,10.78,8.368571428571428,7.895714285714285,0.48,2.93,6.88,7.296666666666667,86.38,11.23,1.08,145.54,31.5,-0.5574684374327892,-0.8301981337405212,8.424,-0.8660254037844385,-0.5000000000000004,-0.7818314824680299,0.6234898018587334
2024-08-05,7.73,12.89,123.29,1.04,32.33,25.36,91.05,4.55,6.59,Hari Biasa,0,0,0,0,8,5,7.47,9.0,7.32,7.895714285714285,7.9542857142857155,1.2,2.67,7.02,7.093333333333334,87.32,12.06,1.17,137.12,33.21,-0.5716666713027052,-0.8204859638785327,29.984499999999997,-0.8660254037844385,-0.5000000000000004,0.0,1.0
2024-08-06,7.42,12.22,124.67,0.91,31.79,25.8,89.15,4.2,8.46,Hari Biasa,0,1,0,0,8,6,7.73,7.12,8.77,7.9542857142857155,7.761428571428572,4.55,6.2299999999999995,6.59,6.830000000000001,91.05,12.89,1.04,123.29,32.33,-0.5856957398073508,-0.8105309990194823,35.532000000000004,-0.8660254037844385,-0.5000000000000004,0.7818314824680298,0.6234898018587336
2024-08-07,8.94,14.8,136.96,1.07,34.0,25.95,86.16,3.91,6.91,Hari Biasa,0,2,0,0,8,7,7.42,7.47,7.93,7.761428571428572,7.905714285714287,4.2,9.95,8.46,7.3566666666666665,89.15,12.22,0.91,124.67,31.79,-0.5995514915196489,-0.8003361849976323,27.0181,-0.8660254037844385,-0.5000000000000004,0.9749279121818236,-0.22252093395631434
2024-08-08,7.61,12.49,124.71,0.88,36.96,25.84,88.8,5.28,7.49,Hari Biasa,0,3,0,0,8,8,8.94,7.73,7.66,7.905714285714287,7.8985714285714295,3.91,12.66,6.91,7.32,86.16,14.8,1.07,136.96,34.0,-0.6132298262997502,-0.7899045386224707,39.547200000000004,-0.8660254037844385,-0.5000000000000004,0.43388373911755823,-0.900968867902419
2024-08-09,7.45,12.6,142.88,1.03,43.46,25.25,83.83,0.12,7.63,Hari Biasa,0,4,0,0,8,9,7.61,7.42,9.0,7.8985714285714295,7.677142857142857,5.28,13.39,7.49,7.62,88.8,12.49,0.88,124.71,36.96,-0.6267266965083301,-0.7792391467859886,0.9156,-0.8660254037844385,-0.5000000000000004,-0.433883739117558,-0.9009688679024191
2024-08-10,8.67,14.26,166.25,1.0,51.08,25.06,82.94,0.07,7.06,Hari Biasa,0,5,1,1,8,10,7.45,8.94,7.12,7.677142857142857,7.898571428571429,0.12,9.31,7.63,7.343333333333334,83.83,12.6,1.03,142.88,43.46,-0.6400381082043503,-0.7683431655492202,0.49420000000000003,-0.8660254037844385,-0.5000000000000004,-0.9749279121818236,-0.2225209339563146
2024-08-11,8.5,14.13,132.62,0.92,38.54,25.08,85.3,0.44,6.66,Hari Biasa,0,6,1,1,8,11,8.67,7.61,7.47,7.898571428571429,8.045714285714286,0.07,5.470000000000001,7.06,7.3933333333333335,82.94,14.26,1.0,166.25,51.08,-0.65316012232693,-0.7572198192083127,2.9304,-0.8660254037844385,-0.5000000000000004,-0.7818314824680299,0.6234898018587334
2024-08-12,6.99,11.65,118.58,0.8,36.67,25.24,86.86,1.66,7.34,Hari Biasa,0,0,0,0,8,12,8.5,7.45,7.73,8.045714285714286,7.94,0.44,0.63,6.66,7.116666666666667,85.3,14.13,0.92,132.62,38.54,-0.666088855860977,-0.7458723993404063,12.184399999999998,-0.8660254037844385,-0.5000000000000004,0.0,1.0
2024-08-13,8.13,13.4,152.54,0.97,46.42,25.37,84.92,0.29,7.74,Hari Biasa,0,1,0,0,8,13,6.99,8.67,7.42,7.94,8.041428571428572,1.66,2.17,7.34,7.0200000000000005,86.86,11.65,0.8,118.58,36.67,-0.6788204829862355,-0.734304263829602,2.2445999999999997,-0.8660254037844385,-0.5000000000000004,0.7818314824680298,0.6234898018587336
2024-08-14,7.4,12.23,160.08,1.11,36.58,25.12,83.42,0.03,6.77,Hari Biasa,0,2,0,0,8,14,8.13,8.5,8.94,8.041428571428572,7.821428571428572,0.29,2.39,7.74,7.246666666666667,84.92,13.4,0.97,152.54,46.42,-0.6913512362094071,-0.722518835873311,0.20309999999999997,-0.8660254037844385,-0.5000000000000004,0.9749279121818236,-0.22252093395631434
2024-08-15,9.88,16.1,164.25,1.03,39.38,25.11,84.25,0.06,7.02,Hari Biasa,0,3,0,0,8,15,7.4,6.99,7.61,7.821428571428572,8.145714285714286,0.03,1.98,6.77,7.283333333333334,83.42,12.23,1.11,160.08,36.58,-0.7036774074790128,-0.7105196029692745,0.42119999999999996,-0.8660254037844385,-0.5000000000000004,0.43388373911755823,-0.900968867902419
2024-08-16,11.04,17.9,179.08,1.29,42.88,25.58,83.53,0.11,6.08,Hari Biasa,0,4,0,0,8,16,9.88,8.13,7.45,8.145714285714286,8.65857142857143,0.06,0.38,7.02,7.176666666666667,84.25,16.1,1.03,164.25,39.38,-0.7157953492826642,-0.6983101158835584,0.6688000000000001,-0.8660254037844385,-0.5000000000000004,-0.433883739117558,-0.9009688679024191
2024-08-17,8.87,14.4,182.29,1.2,43.08,25.42,83.02,0.02,6.52,Hari Ulang Tahun Kemerdekaan Republik Indonesia,1,5,1,1,8,17,11.04,7.4,8.67,8.65857142857143,8.687142857142858,0.11,0.2,6.08,6.623333333333332,83.53,17.9,1.29,179.08,42.88,-0.7277014757264236,-0.6858939875998223,0.1304,-0.8660254037844385,-0.5000000000000004,-0.9749279121818236,-0.2225209339563146
2024-08-18,9.42,15.45,165.67,0.95,40.21,25.69,84.38,0.07,6.62,Hari Biasa,0,6,1,1,8,18,8.87,9.88,8.5,8.687142857142858,8.81857142857143,0.02,0.19,6.52,6.539999999999999,83.02,14.4,1.2,182.29,43.08,-0.7393922635959241,-0.673274892250183,0.46340000000000003,-0.8660254037844385,-0.5000000000000004,-0.7818314824680299,0.6234898018587334
2024-08-19,6.43,10.5,133.75,0.79,28.33,25.94,86.37,0.73,6.84,Hari Biasa,0,0,0,0,8,19,9.42,11.04,6.99,8.81857142857143,8.73857142857143,0.07,0.2,6.62,6.406666666666666,84.38,15.45,0.95,165.67,40.21,-0.7508642533989489,-0.6604565640279754,4.9932,-0.8660254037844385,-0.5000000000000004,0.0,1.0
2024-08-20,6.91,11.21,131.88,0.91,29.17,25.92,85.65,0.32,6.84,Hari Biasa,0,1,0,0,8,20,6.43,8.87,8.13,8.73857142857143,8.564285714285715,0.73,0.82,6.84,6.66,86.37,10.5,0.79,133.75,28.33,-0.7621140503891487,-0.6474427960827475,2.1888,-0.8660254037844385,-0.5000000000000004,0.7818314824680298,0.6234898018587336
2024-08-21,6.33,9.98,146.29,1.19,31.29,26.1,85.67,0.46,6.08,Hari Biasa,0,2,0,0,8,21,6.91,9.42,7.4,8.564285714285715,8.411428571428571,0.32,1.1199999999999999,6.84,6.766666666666667,85.65,11.21,0.91,131.88,29.17,-0.7731383255706026,-0.6342374393978054,2.7968,-0.8660254037844385,-0.5000000000000004,0.9749279121818236,-0.22252093395631434
2024-08-22,8.2,12.85,165.29,1.5,26.96,26.39,87.39,2.47,6.08,Hari Biasa,0,3,0,0,8,22,6.33,6.43,9.88,8.411428571428571,8.171428571428573,0.46,1.5099999999999998,6.08,6.586666666666666,85.67,9.98,1.19,146.29,31.29,-0.7839338166829201,-0.620844401650647,15.017600000000002,-0.8660254037844385,-0.5000000000000004,0.43388373911755823,-0.900968867902419
2024-08-23,7.85,12.21,149.0,1.18,24.62,25.5,89.26,12.61,5.33,Hari Biasa,0,4,0,0,8,23,8.2,6.91,11.04,8.171428571428573,7.715714285714284,2.47,3.25,6.08,6.333333333333333,87.39,12.85,1.5,165.29,26.96,-0.7944973291665992,-0.6072676460566135,67.2113,-0.8660254037844385,-0.5000000000000004,-0.433883739117558,-0.9009688679024191
2024-08-24,6.23,9.83,164.96,1.05,32.0,25.92,86.54,4.99,6.62,Hari Biasa,0,5,1,1,8,24,7.85,6.33,8.87,7.715714285714284,7.338571428571428,12.61,15.54,5.33,5.829999999999999,89.26,12.21,1.18,149.0,24.62,-0.8048257371083452,-0.593511190196115,33.0338,-0.8660254037844385,-0.5000000000000004,-0.9749279121818236,-0.2225209339563146
2024-08-25,7.44,11.61,167.88,1.22,26.96,25.79,90.46,3.87,5.98,Hari Biasa,0,6,1,1,8,25,6.23,8.2,9.42,7.338571428571428,7.055714285714286,4.99,20.07,6.62,6.010000000000001,86.54,9.83,1.05,164.96,32.0,-0.8149159841660791,-0.5795791048257612,23.1426,-0.8660254037844385,-0.5000000000000004,-0.7818314824680299,0.6234898018587334
2024-08-26,7.92,12.32,174.0,1.65,23.54,26.12,88.73,5.02,6.37,Hari Biasa,0,0,0,0,8,26,7.44,7.85,6.43,7.055714285714286,7.268571428571428,3.87,21.47,5.98,5.976666666666667,90.46,11.61,1.22,167.88,26.96,-0.8247650844733614,-0.5654755126737576,31.9774,-0.8660254037844385,-0.5000000000000004,0.0,1.0
2024-08-27,8.13,13.0,141.67,0.92,33.17,26.27,86.34,1.87,6.66,Hari Biasa,0,1,0,0,8,27,7.92,6.23,6.91,7.268571428571428,7.442857142857143,5.02,13.879999999999999,6.37,6.323333333333334,88.73,12.32,1.65,174.0,23.54,-0.8343701235229538,-0.5512045872199277,12.4542,-0.8660254037844385,-0.5000000000000004,0.7818314824680298,0.6234898018587336
2024-08-28,9.09,14.68,172.67,1.21,40.42,25.59,87.6,5.78,6.77,Hari Biasa,0,2,0,0,8,28,8.13,7.44,6.33,7.442857142857143,7.837142857142857,1.87,10.76,6.66,6.336666666666667,86.34,13.0,0.92,141.67,33.17,-0.8437282590292712,-0.5367705514607103,39.1306,-0.8660254037844385,-0.5000000000000004,0.9749279121818236,-0.22252093395631434
2024-08-29,9.33,15.5,152.0,1.05,43.33,25.67,85.93,1.88,5.69,Hari Biasa,0,3,0,0,8,29,9.09,7.92,8.2,7.837142857142857,7.998571428571429,5.78,12.67,6.77,6.6000000000000005,87.6,14.68,1.21,172.67,40.42,-0.8528367217694595,-0.522177676659508,10.6972,-0.8660254037844385,-0.5000000000000004,0.43388373911755823,-0.900968867902419
2024-08-30,8.12,12.85,133.46,0.91,38.88,25.91,84.31,1.63,5.76,Hari Biasa,0,4,0,0,8,30,9.33,8.13,7.85,7.998571428571429,8.037142857142857,1.88,9.530000000000001,5.69,6.373333333333332,85.93,15.5,1.05,152.0,43.33,-0.8616928164028522,-0.5074302810827518,9.3888,-0.8660254037844385,-0.5000000000000004,-0.433883739117558,-0.9009688679024191
2024-08-31,9.08,14.59,162.58,0.96,46.21,26.42,84.81,0.76,4.9,Hari Biasa,0,5,1,1,8,31,8.12,9.09,6.23,8.037142857142857,8.444285714285714,1.63,9.29,5.76,6.073333333333333,84.31,12.85,0.91,133.46,38.88,-0.8702939222685674,-0.49253272872205434,3.724,-0.8660254037844385,-0.5000000000000004,-0.9749279121818236,-0.2225209339563146
2024-09-01,6.88,11.07,143.58,0.85,39.67,26.37,83.3,0.07,6.77,Hari Biasa,0,6,1,1,9,1,9.08,9.33,7.44,8.444285714285714,8.364285714285716,0.76,4.27,4.9,5.45,84.81,14.59,0.96,162.58,46.21,-0.8786374941610001,-0.4774894280028391,0.4739,-1.0,-1.8369701987210297e-16,-0.7818314824680299,0.6234898018587334
2024-09-02,6.97,11.22,145.25,1.05,31.42,25.93,82.85,0.28,6.66,Hari Biasa,0,0,0,0,9,2,6.88,8.12,7.92,8.364285714285716,8.22857142857143,0.07,2.46,6.77,5.81,83.3,11.07,0.85,143.58,39.67,-0.886721063082993,-0.46230483047981086,1.8648000000000002,-1.0,-1.8369701987210297e-16,0.0,1.0
2024-09-03,6.84,10.78,145.92,0.99,28.5,26.07,86.76,1.09,6.34,Hari Biasa,0,1,0,0,9,3,6.97,9.08,8.13,8.22857142857143,8.044285714285715,0.28,1.11,6.66,6.109999999999999,82.85,11.22,1.05,145.25,31.42,-0.8945422369764496,-0.4469834295196741,6.9106000000000005,-1.0,-1.8369701987210297e-16,0.7818314824680298,0.6234898018587336
2024-09-04,8.75,13.51,190.96,1.85,26.5,26.31,87.3,1.96,3.85,Hari Biasa,0,2,0,0,9,4,6.84,6.88,9.09,8.044285714285715,7.9957142857142856,1.09,1.4400000000000002,6.34,6.59,86.76,10.78,0.99,145.92,28.5,-0.9020987014301837,-0.43152975897147144,7.546,-1.0,-1.8369701987210297e-16,0.9749279121818236,-0.22252093395631434
2024-09-05,7.5,12.0,151.46,1.01,28.17,26.63,84.52,2.03,6.84,Hari Biasa,0,3,0,0,9,5,8.75,6.97,9.33,7.9957142857142856,7.734285714285714,1.96,3.33,3.85,5.616666666666667,87.3,13.51,1.85,190.96,26.5,-0.9093882203647925,-0.4159483918249421,13.885199999999998,-1.0,-1.8369701987210297e-16,0.43388373911755823,-0.900968867902419
2024-09-06,7.14,11.54,126.88,0.84,30.96,26.41,87.39,4.01,6.05,Hari Biasa,0,4,0,0,9,6,7.5,6.84,8.12,7.734285714285714,7.594285714285713,2.03,5.08,6.84,5.676666666666667,84.52,12.0,1.01,151.46,28.17,-0.9164086366943458,-0.4002439388573056,24.260499999999997,-1.0,-1.8369701987210297e-16,-0.433883739117558,-0.9009688679024191
2024-09-07,9.25,14.91,157.46,1.27,31.25,26.72,86.67,1.88,7.52,Hari Biasa,0,5,1,1,9,7,7.14,8.75,9.08,7.594285714285713,7.618571428571428,4.01,8.0,6.05,5.579999999999999,87.39,11.54,0.84,126.88,30.96,-0.9231578729647039,-0.38442104726885545,14.137599999999999,-1.0,-1.8369701987210297e-16,-0.9749279121818236,-0.2225209339563146
2024-09-08,9.38,14.38,190.04,1.68,25.12,26.61,89.19,18.76,5.58,Hari Biasa,0,6,1,1,9,8,9.25,7.5,6.88,7.618571428571428,7.975714285714285,1.88,7.92,7.52,6.803333333333334,86.67,14.91,1.27,157.46,31.25,-0.9296339319682695,-0.3684843993077793,104.6808,-1.0,-1.8369701987210297e-16,-0.7818314824680299,0.6234898018587334
2024-09-09,7.4,11.59,174.42,1.21,42.62,26.48,84.32,1.03,7.34,Hari Biasa,0,0,0,0,9,9,9.38,7.14,6.97,7.975714285714285,8.037142857142857,18.76,24.650000000000002,5.58,6.383333333333333,89.19,14.38,1.68,190.04,25.12,-0.9358348973349941,-0.35243871088460327,7.5602,-1.0,-1.8369701987210297e-16,0.0,1.0
2024-09-10,10.71,16.23,236.21,1.71,41.29,26.03,81.03,0.11,6.84,Hari Biasa,0,1,0,0,9,10,7.4,9.25,6.84,8.037142857142857,8.59,1.03,21.67,7.34,6.813333333333333,84.32,11.59,1.21,174.42,42.62,-0.9417589340994617,-0.33628873017668287,0.7524,-1.0,-1.8369701987210297e-16,0.7818314824680298,0.6234898018587336
2024-09-11,9.04,13.77,195.71,1.45,41.79,25.96,80.24,0.06,7.09,Hari Biasa,0,2,0,0,9,11,10.71,9.38,8.75,8.59,8.631428571428572,0.11,19.900000000000002,6.84,6.586666666666666,81.03,16.23,1.71,236.21,41.29,-0.9474042892438845,-0.32003923622313857,0.4254,-1.0,-1.8369701987210297e-16,0.9749279121818236,-0.22252093395631434
2024-09-12,8.73,13.48,191.42,1.29,42.88,25.94,79.67,0.75,7.42,Hari Biasa,0,3,0,0,9,12,9.04,7.4,7.5,8.631428571428572,8.807142857142857,0.06,1.2,7.09,7.09,80.24,13.77,1.45,195.71,41.79,-0.9527692922168511,-0.30369503751065885,5.5649999999999995,-1.0,-1.8369701987210297e-16,0.43388373911755823,-0.900968867902419
2024-09-13,8.21,12.78,173.42,1.18,44.5,25.9,78.8,0.21,7.09,Hari Biasa,0,4,0,0,9,13,8.73,10.71,7.14,8.807142857142857,8.96,0.75,0.92,7.42,7.116666666666667,79.67,13.48,1.29,191.42,42.88,-0.9578523554276669,-0.28726097055059635,1.4889,-1.0,-1.8369701987210297e-16,-0.433883739117558,-0.9009688679024191
2024-09-14,7.12,11.48,177.75,1.15,46.58,26.04,77.43,0.06,7.56,Hari Biasa,0,5,1,1,9,14,8.21,9.04,9.25,8.96,8.655714285714286,0.21,1.02,7.09,7.2,78.8,12.78,1.18,173.42,44.5,-0.9626519747161487,-0.2707418984477642,0.45359999999999995,-1.0,-1.8369701987210297e-16,-0.9749279121818236,-0.2225209339563146
2024-09-15,7.83,12.58,189.58,1.09,49.5,26.33,77.04,0.01,6.44,Hari Biasa,0,6,1,1,9,15,7.12,8.73,9.38,8.655714285714286,8.434285714285716,0.06,1.02,7.56,7.3566666666666665,77.43,11.48,1.15,177.75,46.58,-0.9671667297977312,-0.2541427094613622,0.0644,-1.0,-1.8369701987210297e-16,-0.7818314824680299,0.6234898018587334
2024-09-16,7.6,11.88,200.25,1.44,40.12,26.56,77.95,0.03,6.01,Hari Biasa,0,0,0,0,9,16,7.83,8.21,7.4,8.434285714285716,8.462857142857143,0.01,0.27999999999999997,6.44,7.03,77.04,12.58,1.09,189.58,49.5,-0.97139528468375,-0.23746831555846842,0.1803,-1.0,-1.8369701987210297e-16,0.0,1.0
2024-09-17,6.93,10.83,173.58,1.39,33.75,27.21,79.03,0.22,5.83,Hari Biasa,0,1,0,0,9,17,7.6,7.12,10.71,8.462857142857143,7.922857142857143,0.03,0.1,6.01,6.669999999999999,77.95,11.88,1.44,200.25,40.12,-0.9753363880767837,-0.2207236509605022,1.2826,-1.0,-1.8369701987210297e-16,0.7818314824680298,0.6234898018587336
2024-09-18,6.56,10.29,155.75,0.95,34.12,27.82,79.87,0.27,4.03,Hari Biasa,0,2,0,0,9,18,6.93,7.83,9.04,7.922857142857143,7.568571428571429,0.22,0.26,5.83,6.093333333333334,79.03,10.83,1.39,173.58,33.75,-0.9789888737409319,-0.20391367068311472,1.0881,-1.0,-1.8369701987210297e-16,0.9749279121818236,-0.22252093395631434
2024-09-19,5.62,8.89,140.5,0.79,31.12,26.95,83.77,0.18,6.52,Hari Biasa,0,3,0,0,9,19,6.56,7.6,8.73,7.568571428571429,7.124285714285714,0.27,0.52,4.03,5.29,79.87,10.29,0.95,155.75,34.12,-0.9823516608469237,-0.18704334906991657,1.1736,-1.0,-1.8369701987210297e-16,0.43388373911755823,-0.900968867902419
2024-09-20,6.81,10.35,160.04,0.91,30.0,26.98,83.09,0.83,6.55,Hari Biasa,0,4,0,0,9,20,5.62,6.93,8.21,7.124285714285714,6.924285714285714,0.18,0.67,6.52,5.46,83.77,8.89,0.79,140.5,31.12,-0.9854237542919524,-0.17011767832049052,5.4365,-1.0,-1.8369701987210297e-16,-0.433883739117558,-0.9009688679024191
2024-09-21,6.55,9.76,170.88,1.04,29.96,27.02,83.47,3.18,6.3,Hari Biasa,0,5,1,1,9,21,6.81,6.56,7.12,6.924285714285714,6.8428571428571425,0.83,1.28,6.55,5.7,83.09,10.35,0.91,160.04,30.0,-0.9882042449941422,-0.15314166701312007,20.034,-1.0,-1.8369701987210297e-16,-0.9749279121818236,-0.2225209339563146
2024-09-22,5.94,8.94,167.04,1.1,29.79,27.74,81.06,2.1,5.44,Hari Biasa,0,6,1,1,9,22,6.55,5.62,7.83,6.8428571428571425,6.572857142857143,3.18,4.19,6.3,6.456666666666666,83.47,9.76,1.04,170.88,29.96,-0.9906923101615609,-0.13612033862266704,11.424000000000001,-1.0,-1.8369701987210297e-16,-0.7818314824680299,0.6234898018587334
2024-09-23,5.8,8.58,189.33,1.57,27.38,28.03,81.32,1.45,5.58,Hari Biasa,0,0,0,0,9,23,5.94,6.81,7.6,6.572857142857143,6.315714285714286,2.1,6.11,5.44,6.096666666666667,81.06,8.94,1.1,167.04,29.79,-0.9928872135356962,-0.11905873003404988,8.091,-1.0,-1.8369701987210297e-16,0.0,1.0
2024-09-24,6.67,9.71,185.29,1.52,29.79,28.41,77.84,0.49,4.79,Hari Biasa,0,1,0,0,9,24,5.8,6.55,6.93,6.315714285714286,6.278571428571429,1.45,6.73,5.58,5.773333333333333,81.32,8.58,1.57,189.33,27.38,-0.994788305609327,-0.10196189005174576,2.3471,-1.0,-1.8369701987210297e-16,0.7818314824680298,0.6234898018587336
2024-09-25,6.88,10.52,178.5,1.6,27.88,28.05,79.5,0.59,3.71,Hari Biasa,0,2,0,0,9,25,6.67,5.94,6.56,6.278571428571429,6.324285714285714,0.49,4.039999999999999,4.79,5.2700000000000005,77.84,9.71,1.52,185.29,29.79,-0.9963950238187231,-0.08483487790576538,2.1889,-1.0,-1.8369701987210297e-16,0.9749279121818236,-0.22252093395631434
2024-09-26,5.32,8.48,156.29,1.04,25.62,27.82,79.92,0.11,5.29,Hari Biasa,0,3,0,0,9,26,6.88,5.8,5.62,6.324285714285714,6.281428571428571,0.59,2.5299999999999994,3.71,4.693333333333334,79.5,10.52,1.6,178.5,27.88,-0.9977068927101168,-0.06768276175455162,0.5819,-1.0,-1.8369701987210297e-16,0.43388373911755823,-0.900968867902419
2024-09-27,5.06,8.29,146.0,0.96,25.71,27.62,83.65,1.74,7.06,Hari Biasa,0,4,0,0,9,27,5.32,6.67,6.81,6.281428571428571,6.031428571428571,0.11,1.1899999999999995,5.29,4.596666666666667,79.92,8.48,1.04,156.29,25.62,-0.9987235240803972,-0.050510617185222886,12.2844,-1.0,-1.8369701987210297e-16,-0.433883739117558,-0.9009688679024191
2024-09-28,4.99,7.98,140.83,1.0,25.42,27.16,87.35,5.11,4.5,Hari Biasa,0,5,1,1,9,28,5.06,6.88,6.55,6.031428571428571,5.808571428571429,1.74,2.4399999999999995,7.06,5.353333333333333,83.65,8.29,0.96,146.0,25.71,-0.9994446170919858,-0.033323525711631344,22.995,-1.0,-1.8369701987210297e-16,-0.9749279121818236,-0.2225209339563146
2024-09-29,8.13,13.28,177.67,1.13,24.83,27.7,82.56,1.32,6.26,Hari Biasa,0,6,1,1,9,29,4.99,5.32,5.94,5.808571428571429,6.121428571428571,5.11,6.96,4.5,5.616666666666666,87.35,7.98,1.0,140.83,25.42,-0.9998699583618592,-0.016126573270657762,8.2632,-1.0,-1.8369701987210297e-16,-0.7818314824680299,0.6234898018587334
2024-09-30,9.05,14.77,226.33,1.31,40.17,28.07,78.34,0.07,6.05,Hari Biasa,0,0,0,0,9,30,8.13,5.06,5.8,6.121428571428571,6.585714285714286,1.32,8.17,6.26,5.94,82.56,13.28,1.13,177.67,24.83,-0.9999994220246925,0.001075151282798226,0.42350000000000004,-1.0,-1.8369701987210297e-16,0.0,1.0
2024-10-01,8.25,13.43,204.54,1.21,31.79,27.99,80.61,3.51,5.69,Hari Biasa,0,1,0,0,10,1,9.05,4.99,6.67,6.585714285714286,6.811428571428571,0.07,6.499999999999999,6.05,5.603333333333334,78.34,14.77,1.31,226.33,40.17,-0.999832969770105,0.018276557681691223,19.9719,-0.8660254037844386,0.5000000000000001,0.7818314824680298,0.6234898018587336
2024-10-02,10.02,15.24,239.33,2.13,20.08,27.01,87.65,12.89,6.7,Hari Biasa,0,2,0,0,10,2,8.25,8.13,6.88,6.811428571428571,7.259999999999999,3.51,4.9,5.69,6.0,80.61,13.43,1.21,204.54,31.79,-0.9993706508539969,0.03547255575312556,86.363,-0.8660254037844386,0.5000000000000001,0.9749279121818236,-0.22252093395631434
2024-10-03,11.8,18.25,265.67,1.62,31.75,28.07,79.15,4.01,5.26,Hari Biasa,0,3,0,0,10,3,10.02,9.05,5.32,7.259999999999999,8.185714285714287,12.89,16.47,6.7,6.146666666666666,87.65,15.24,2.13,239.33,20.08,-0.9986126020839734,0.052658056924614005,21.092599999999997,-0.8660254037844386,0.5000000000000001,0.43388373911755823,-0.900968867902419
2024-10-04,11.06,17.84,230.46,1.29,39.58,27.59,82.37,5.81,6.62,Hari Biasa,0,4,0,0,10,4,11.8,8.25,5.06,8.185714285714287,9.042857142857143,4.01,20.41,5.26,5.883333333333333,79.15,18.25,1.62,265.67,31.75,-0.9975590477788613,0.06982797572987089,38.462199999999996,-0.8660254037844386,0.5000000000000001,-0.433883739117558,-0.9009688679024191
2024-10-05,10.92,17.68,195.54,1.03,45.92,27.52,78.49,0.79,6.41,Hari Biasa,0,5,1,1,10,5,11.06,10.02,4.99,9.042857142857143,9.89,5.81,22.71,6.62,6.1933333333333325,82.37,17.84,1.29,230.46,39.58,-0.9962102997023297,0.0869772313136861,5.0639,-0.8660254037844386,0.5000000000000001,-0.9749279121818236,-0.2225209339563146
2024-10-06,8.88,15.09,178.46,0.85,49.04,27.73,74.09,0.05,6.44,Hari Biasa,0,6,1,1,10,6,10.92,11.8,8.13,9.89,9.997142857142858,0.79,10.61,6.41,6.096666666666667,78.49,17.68,1.03,195.54,45.92,-0.9945667569706337,0.1041007489354256,0.32200000000000006,-0.8660254037844386,0.5000000000000001,-0.7818314824680299,0.6234898018587334
2024-10-07,8.24,14.09,162.04,0.82,47.79,27.44,77.89,3.08,6.59,Hari Biasa,0,0,0,0,10,7,8.88,11.06,9.05,9.997142857142858,9.881428571428572,0.05,6.6499999999999995,6.44,6.489999999999999,74.09,15.09,0.85,178.46,49.04,-0.9926289059345095,0.121193461470736,20.2972,-0.8660254037844386,0.5000000000000001,0.0,1.0
2024-10-08,6.34,10.4,156.12,0.88,37.0,27.27,82.75,9.18,5.83,Hari Biasa,0,1,0,0,10,8,8.24,10.92,8.25,9.881428571428572,9.608571428571429,3.08,3.92,6.59,6.4799999999999995,77.89,14.09,0.82,162.04,47.79,-0.9903973200352558,0.1382503109109819,53.5194,-0.8660254037844386,0.5000000000000001,0.7818314824680298,0.6234898018587336
2024-10-09,8.39,13.27,212.54,1.73,28.12,27.27,86.33,14.53,4.39,Hari Biasa,0,2,0,0,10,9,6.34,8.88,10.02,9.608571428571429,9.375714285714286,9.18,12.309999999999999,5.83,6.286666666666666,82.75,10.4,0.88,156.12,37.0,-0.9878726596350429,0.15526624985999563,63.78669999999999,-0.8660254037844386,0.5000000000000001,0.9749279121818236,-0.22252093395631434
2024-10-10,5.88,8.94,186.62,1.54,28.54,27.09,87.08,12.13,4.5,Hari Biasa,0,3,0,0,10,10,8.39,8.24,11.8,9.375714285714286,8.53,14.53,26.79,4.39,5.603333333333333,86.33,13.27,1.73,212.54,28.12,-0.9850556718215013,0.172236243027682,54.585,-0.8660254037844386,0.5000000000000001,0.43388373911755823,-0.900968867902419
2024-10-11,7.74,11.8,192.33,1.44,22.75,28.03,83.15,6.6,4.18,Hari Biasa,0,4,0,0,10,11,5.88,6.34,11.06,8.53,8.055714285714286,12.13,35.84,4.5,4.906666666666666,87.08,8.94,1.54,186.62,28.54,-0.981947190186646,0.18915526872004093,27.587999999999997,-0.8660254037844386,0.5000000000000001,-0.433883739117558,-0.9009688679024191
2024-10-12,9.25,14.49,180.54,1.12,24.79,27.85,84.54,0.7,5.29,Hari Biasa,0,5,1,1,10,12,7.74,8.39,10.92,8.055714285714286,7.817142857142857,6.6,33.26,4.18,4.3566666666666665,83.15,11.8,1.44,192.33,22.75,-0.9785481345802031,0.20601832032517084,3.703,-0.8660254037844386,0.5000000000000001,-0.9749279121818236,-0.2225209339563146
2024-10-13,6.3,9.54,156.83,1.22,23.38,27.88,81.33,2.14,3.56,Hari Biasa,0,6,1,1,10,13,9.25,5.88,8.88,7.817142857142857,7.448571428571428,0.7,19.43,5.29,4.656666666666666,84.54,14.49,1.12,180.54,24.79,-0.9748595108374125,0.22282040779479959,7.6184,-0.8660254037844386,0.5000000000000001,-0.7818314824680299,0.6234898018587334
2024-10-14,6.35,9.57,162.54,1.32,24.33,27.96,82.29,5.69,3.71,Hari Biasa,0,0,0,0,10,14,6.3,7.74,8.24,7.448571428571428,7.178571428571429,2.14,9.44,3.56,4.343333333333333,81.33,9.54,1.22,156.83,23.38,-0.9708824104813836,0.23955655912092708,21.1099,-0.8660254037844386,0.5000000000000001,0.0,1.0
2024-10-15,8.34,12.12,209.12,1.72,21.79,27.67,85.25,12.23,4.25,Hari Biasa,0,1,0,0,10,15,6.35,9.25,6.34,7.178571428571429,7.464285714285714,5.69,8.530000000000001,3.71,4.1866666666666665,82.29,9.57,1.32,162.54,24.33,-0.9666180104000972,0.2562218218071163,51.9775,-0.8660254037844386,0.5000000000000001,0.7818314824680298,0.6234898018587336
2024-10-16,8.88,13.66,198.83,1.4,34.71,28.04,80.38,0.81,4.57,Hari Biasa,0,2,0,0,10,16,8.34,6.3,8.39,7.464285714285714,7.534285714285714,12.23,20.060000000000002,4.25,3.84,85.25,12.12,1.72,209.12,21.79,-0.9620675724981452,0.27281126433401914,3.7017000000000007,-0.8660254037844386,0.5000000000000001,0.9749279121818236,-0.22252093395631434
2024-10-17,8.2,12.89,225.62,1.15,40.71,28.3,76.08,0.06,4.43,Hari Biasa,0,3,0,0,10,17,8.88,6.35,5.88,7.534285714285714,7.865714285714286,0.81,18.73,4.57,4.176666666666667,80.38,13.66,1.4,198.83,34.71,-0.957232443323312,0.28931997761869527,0.2658,-0.8660254037844386,0.5000000000000001,0.43388373911755823,-0.900968867902419
2024-10-18,8.26,12.85,230.33,1.2,42.21,28.01,77.19,0.08,5.62,Hari Biasa,0,4,0,0,10,18,8.2,8.34,7.74,7.865714285714286,7.9399999999999995,0.06,13.100000000000001,4.43,4.416666666666667,76.08,12.89,1.15,225.62,40.71,-0.9521140536681102,0.3057430764672831,0.4496,-0.8660254037844386,0.5000000000000001,-0.433883739117558,-0.9009688679024191
2024-10-19,10.66,16.92,243.38,1.3,42.46,28.54,74.51,0.11,3.82,Hari Biasa,0,5,1,1,10,19,8.26,8.88,9.25,7.9399999999999995,8.141428571428571,0.08,0.9500000000000018,5.62,4.873333333333334,77.19,12.85,1.2,230.33,42.21,-0.9467139181463862,0.3220757010206104,0.42019999999999996,-0.8660254037844386,0.5000000000000001,-0.9749279121818236,-0.2225209339563146
2024-10-20,7.95,11.95,253.79,1.24,40.79,28.7,73.52,0.07,3.96,Hari Biasa,0,6,1,1,10,20,10.66,8.2,6.3,8.141428571428571,8.377142857142857,0.11,0.2500000000000018,3.82,4.623333333333333,74.51,16.92,1.3,243.38,42.46,-0.9410336347451197,0.3383130181923076,0.2772,-0.8660254037844386,0.5000000000000001,-0.7818314824680299,0.6234898018587334
2024-10-21,9.23,13.91,223.67,1.13,49.46,28.64,75.17,1.25,4.82,Hari Biasa,0,0,0,0,10,21,7.95,8.26,6.35,8.377142857142857,8.788571428571428,0.07,0.2600000000000018,3.96,4.466666666666667,73.52,11.95,1.24,253.79,40.79,-0.9350748843515574,0.3544502230989869,6.025,-0.8660254037844386,0.5000000000000001,0.0,1.0
2024-10-22,10.05,15.61,226.04,0.91,59.42,28.24,80.25,1.35,6.66,Hari Biasa,0,1,0,0,10,22,9.23,10.66,8.34,8.788571428571428,9.032857142857143,1.25,1.4300000000000017,4.82,4.2,75.17,13.91,1.13,223.67,49.46,-0.9288394302558068,0.3704825404820963,8.991000000000001,-0.8660254037844386,0.5000000000000001,0.7818314824680298,0.6234898018587336
2024-10-23,11.89,18.49,245.5,1.3,52.17,28.58,76.29,0.09,5.9,Hari Biasa,0,2,0,0,10,23,10.05,7.95,8.88,9.032857142857143,9.462857142857144,1.35,2.6700000000000017,6.66,5.146666666666667,80.25,15.61,0.91,226.04,59.42,-0.9223291176290545,0.3864052261209853,0.531,-0.8660254037844386,0.5000000000000001,0.9749279121818236,-0.22252093395631434
2024-10-24,11.41,17.51,220.25,0.9,54.83,28.79,75.71,0.15,4.28,Hari Biasa,0,3,0,0,10,24,11.89,9.23,8.2,9.462857142857144,9.921428571428573,0.09,2.6900000000000017,5.9,5.793333333333334,76.29,18.49,1.3,245.5,52.17,-0.9155458729775467,0.40221356823680365,0.642,-0.8660254037844386,0.5000000000000001,0.43388373911755823,-0.900968867902419
2024-10-25,15.54,24.16,259.25,1.38,42.58,28.81,77.01,1.02,5.18,Hari Biasa,0,4,0,0,10,25,11.41,10.05,8.26,9.921428571428573,10.961428571428572,0.15,1.5900000000000019,4.28,5.613333333333334,75.71,17.51,0.9,220.25,54.83,-0.9084917035725082,0.41790288888678667,5.2836,-0.8660254037844386,0.5000000000000001,-0.433883739117558,-0.9009688679024191
2024-10-26,9.85,15.41,335.5,1.22,45.42,29.04,75.91,0.68,4.68,Hari Biasa,0,5,1,1,10,26,15.54,11.89,10.66,10.961428571428572,10.845714285714285,1.02,1.2600000000000018,5.18,5.12,77.01,24.16,1.38,259.25,42.58,-0.9011686968561569,0.4334685453485363,3.1824,-0.8660254037844386,0.5000000000000001,-0.9749279121818236,-0.2225209339563146
2024-10-27,9.13,14.58,311.88,1.33,48.58,28.86,74.41,0.09,4.43,Hari Biasa,0,6,1,1,10,27,9.85,11.41,7.95,10.845714285714285,11.014285714285714,0.68,1.8500000000000019,4.68,4.713333333333334,75.91,15.41,1.22,335.5,45.42,-0.8935790198239952,0.4489059314938798,0.39869999999999994,-0.8660254037844386,0.5000000000000001,-0.7818314824680299,0.6234898018587334
2024-10-28,11.42,18.66,276.5,1.07,46.75,28.98,75.05,0.03,5.33,Hari Biasa,0,0,0,0,10,28,9.13,15.54,9.23,11.014285714285714,11.327142857142857,0.09,1.7900000000000018,4.43,4.763333333333333,74.41,14.58,1.33,311.88,48.58,-0.8857249183835637,0.4642104791518923,0.1599,-0.8660254037844386,0.5000000000000001,0.0,1.0
2024-10-29,8.39,13.7,269.42,1.01,42.67,28.54,77.07,0.1,5.22,Hari Biasa,0,1,0,0,10,29,11.42,9.85,10.05,11.327142857142857,11.09,0.03,0.8000000000000018,5.33,4.8133333333333335,75.05,18.66,1.07,276.5,46.75,-0.8776087166898392,0.4793776594606945,0.522,-0.8660254037844386,0.5000000000000001,0.7818314824680298,0.6234898018587336
2024-10-30,5.48,8.92,249.54,0.74,41.58,28.24,79.66,0.18,6.3,Hari Biasa,0,2,0,0,10,30,8.39,9.13,11.89,11.09,10.174285714285714,0.1,0.22000000000000178,5.22,4.993333333333333,77.07,13.7,1.01,269.42,42.67,-0.8692328164574792,0.49440298420761813,1.134,-0.8660254037844386,0.5000000000000001,0.9749279121818236,-0.22252093395631434
2024-10-31,6.62,10.47,230.25,0.85,41.75,28.03,80.29,2.3,7.06,Hari Biasa,0,3,0,0,10,31,5.48,11.42,11.41,10.174285714285714,9.49,0.18,0.3100000000000018,6.3,5.616666666666667,79.66,8.92,0.74,249.54,41.58,-0.8605996962501181,0.5092820071573356,16.238,-0.8660254037844386,0.5000000000000001,0.43388373911755823,-0.900968867902419
2024-11-01,14.06,20.91,266.42,1.66,32.12,27.53,81.77,2.99,7.27,Hari Biasa,0,4,0,0,11,1,6.62,8.39,15.54,9.49,9.278571428571428,2.3,2.580000000000002,7.06,6.1933333333333325,80.29,10.47,0.85,230.25,41.75,-0.8517119107469189,0.5240103253675756,21.7373,-0.5000000000000004,0.8660254037844384,-0.433883739117558,-0.9009688679024191
2024-11-02,13.09,19.22,322.83,1.52,38.38,27.37,80.97,28.05,4.57,Hari Biasa,0,5,1,1,11,2,14.06,5.48,9.85,9.278571428571428,9.741428571428571,2.99,5.470000000000002,7.27,6.876666666666666,81.77,20.91,1.66,266.42,32.12,-0.8425720899866032,0.5385835804920232,128.1885,-0.5000000000000004,0.8660254037844384,-0.9749279121818236,-0.2225209339563146
2024-11-03,11.45,16.63,336.08,1.41,37.17,27.65,79.45,19.49,3.6,Hari Biasa,0,6,1,1,11,3,13.09,6.62,9.13,9.741428571428571,10.072857142857144,28.05,33.34,4.57,6.3,80.97,19.22,1.52,322.83,38.38,-0.8331829385891785,0.5529974600700271,70.164,-0.5000000000000004,0.8660254037844384,-0.7818314824680299,0.6234898018587334
2024-11-04,9.9,14.57,291.17,1.32,32.79,26.96,84.1,17.06,5.58,Hari Biasa,0,0,0,0,11,4,11.45,14.06,11.42,10.072857142857144,9.855714285714285,19.49,50.53,3.6,5.146666666666667,79.45,16.63,1.41,336.08,37.17,-0.8235472349556007,0.5672476988027229,95.1948,-0.5000000000000004,0.8660254037844384,0.0,1.0
2024-11-05,10.82,17.4,252.46,1.18,43.71,27.27,81.5,1.99,6.05,Hari Biasa,0,1,0,0,11,5,9.9,13.09,8.39,9.855714285714285,10.202857142857143,17.06,64.6,5.58,4.583333333333334,84.1,14.57,1.32,291.17,32.79,-0.8136678304455991,0.5813300798152042,12.0395,-0.5000000000000004,0.8660254037844384,0.7818314824680298,0.6234898018587336
2024-11-06,9.48,15.2,257.04,1.08,42.0,27.79,78.88,2.0,5.98,Hari Biasa,0,2,0,0,11,6,10.82,11.45,5.48,10.202857142857143,10.774285714285714,1.99,38.54,6.05,5.076666666666667,81.5,17.4,1.18,252.46,43.71,-0.8035476485339116,0.5952404359043674,11.96,-0.5000000000000004,0.8660254037844384,0.9749279121818236,-0.22252093395631434
2024-11-07,7.57,11.51,301.29,1.35,35.0,27.03,85.29,8.98,5.36,Hari Biasa,0,3,0,0,11,7,9.48,9.9,6.62,10.774285714285714,10.91,2.0,21.050000000000004,5.98,5.870000000000001,78.88,15.2,1.08,257.04,42.0,-0.7931896839451843,0.6089746507720486,48.1328,-0.5000000000000004,0.8660254037844384,0.43388373911755823,-0.900968867902419
2024-11-08,8.27,12.2,259.25,1.85,31.0,27.5,83.83,1.52,4.86,Hari Biasa,0,4,0,0,11,8,7.57,10.82,14.06,10.91,10.082857142857142,8.98,12.970000000000004,5.36,5.796666666666667,85.29,11.51,1.35,301.29,35.0,-0.7825970017677834,0.6225286602431057,7.387200000000001,-0.5000000000000004,0.8660254037844384,-0.433883739117558,-0.9009688679024191
2024-11-09,6.21,9.2,336.71,1.58,30.5,27.55,83.64,8.75,5.04,Hari Biasa,0,5,1,1,11,9,8.27,9.48,13.09,10.082857142857142,9.1,1.52,12.500000000000004,4.86,5.400000000000001,83.83,12.2,1.85,259.25,31.0,-0.7717727365467836,0.6358984534680745,44.1,-0.5000000000000004,0.8660254037844384,-0.9749279121818236,-0.2225209339563146
2024-11-10,7.12,10.3,257.08,1.52,29.42,27.85,81.65,2.82,4.43,Hari Biasa,0,6,1,1,11,10,6.21,7.57,11.45,9.1,8.481428571428571,8.75,19.250000000000004,5.04,5.086666666666667,83.64,9.2,1.58,336.71,30.5,-0.7607200913564104,0.6490800741100398,12.492599999999998,-0.5000000000000004,0.8660254037844384,-0.7818314824680299,0.6234898018587334
2024-11-11,8.47,12.44,269.71,1.71,24.88,27.11,89.06,9.71,4.79,Hari Biasa,0,0,0,0,11,11,7.12,8.27,9.9,8.481428571428571,8.277142857142858,2.82,13.090000000000003,4.43,4.776666666666667,81.65,10.3,1.52,257.08,29.42,-0.7494423368521954,0.6620696215153815,46.51090000000001,-0.5000000000000004,0.8660254037844384,0.0,1.0
2024-11-12,20.16,22.09,243.12,6.88,26.17,26.82,87.37,14.09,3.53,Hari Biasa,0,1,0,0,11,12,8.47,6.21,10.82,8.277142857142858,9.611428571428572,9.71,21.280000000000005,4.79,4.753333333333334,89.06,12.44,1.71,269.71,24.88,-0.7379428103031386,0.6748632518680403,49.7377,-0.5000000000000004,0.8660254037844384,0.7818314824680298,0.6234898018587336
2024-11-13,11.7,12.39,264.83,5.79,35.67,27.24,82.16,1.17,3.56,Hari Biasa,0,2,0,0,11,13,20.16,7.12,9.48,9.611428571428572,9.928571428571429,14.09,26.620000000000005,3.53,4.250000000000001,87.37,22.09,6.88,243.12,26.17,-0.7262249146041543,0.6874571793269664,4.1652,-0.5000000000000004,0.8660254037844384,0.9749279121818236,-0.22252093395631434
2024-11-14,17.57,18.18,297.38,8.42,30.67,27.86,80.84,11.2,4.93,Hari Biasa,0,3,0,0,11,14,11.7,8.47,7.57,9.928571428571429,11.357142857142858,1.17,24.970000000000006,3.56,3.960000000000001,82.16,12.39,5.79,264.83,35.67,-0.7142921172691032,0.699847677146407,55.215999999999994,-0.5000000000000004,0.8660254037844384,0.43388373911755823,-0.900968867902419
2024-11-15,10.88,11.21,235.33,5.0,33.0,27.56,87.22,7.98,4.5,Hari Biasa,0,4,0,0,11,15,17.57,20.16,8.27,11.357142857142858,11.730000000000002,11.2,26.46,4.93,4.006666666666667,80.84,18.18,8.42,297.38,30.67,-0.7021479494046978,0.7120310787787131,35.910000000000004,-0.5000000000000004,0.8660254037844384,-0.433883739117558,-0.9009688679024191
2024-11-16,11.53,12.17,254.46,5.3,40.29,27.77,83.55,4.91,4.75,Hari Biasa,0,5,1,1,11,16,10.88,11.7,6.21,11.730000000000002,12.49,7.98,20.35,4.5,4.330000000000001,87.22,11.21,5.0,235.33,33.0,-0.6897960046655887,0.7240037789593305,23.3225,-0.5000000000000004,0.8660254037844384,-0.9749279121818236,-0.2225209339563146
2024-11-17,9.73,10.14,277.83,4.28,34.25,27.14,84.72,2.78,8.39,Hari Biasa,0,6,1,1,11,17,11.53,17.57,7.12,12.49,12.862857142857141,4.91,24.090000000000003,4.75,4.7266666666666675,83.55,12.17,5.3,254.46,40.29,-0.6772399381909491,0.7357622347736527,23.3242,-0.5000000000000004,0.8660254037844384,-0.7818314824680299,0.6234898018587334
2024-11-18,8.58,9.28,281.42,3.58,34.83,27.74,80.56,1.67,7.24,Hari Biasa,0,0,0,0,11,18,9.73,10.88,8.47,12.862857142857141,12.878571428571428,2.78,15.670000000000003,8.39,5.88,84.72,10.14,4.28,277.83,34.25,-0.6644834655228552,0.7473029667054296,12.0908,-0.5000000000000004,0.8660254037844384,0.0,1.0
2024-11-19,7.41,8.04,251.08,3.81,33.46,28.04,82.88,2.9,5.26,Hari Biasa,0,1,0,0,11,19,8.58,11.53,20.16,12.878571428571428,11.057142857142859,1.67,9.360000000000003,7.24,6.793333333333334,80.56,9.28,3.58,281.42,34.83,-0.6515303615068021,0.75862255966641,15.254,-0.5000000000000004,0.8660254037844384,0.7818314824680298,0.6234898018587336
2024-11-20,11.52,11.94,243.04,6.2,31.54,26.96,86.92,3.75,6.95,Hari Biasa,0,2,0,0,11,20,7.41,9.73,11.7,11.057142857142859,11.031428571428572,2.9,7.350000000000003,5.26,6.963333333333334,82.88,8.04,3.81,251.08,33.46,-0.6383844591746642,0.7697176640069211,26.0625,-0.5000000000000004,0.8660254037844384,0.9749279121818236,-0.22252093395631434
2024-11-21,23.15,23.82,237.92,9.52,27.83,28.0,79.31,5.31,6.16,Hari Biasa,0,3,0,0,11,21,11.52,8.58,17.57,11.031428571428572,11.828571428571431,3.75,8.320000000000004,6.95,6.483333333333334,86.92,11.94,6.2,243.04,31.54,-0.6250496486104377,0.7805849965070866,32.7096,-0.5000000000000004,0.8660254037844384,0.43388373911755823,-0.900968867902419
2024-11-22,13.77,14.01,237.67,5.47,37.88,28.65,78.83,3.47,4.43,Hari Biasa,0,4,0,0,11,22,23.15,7.41,10.88,11.828571428571431,12.241428571428571,5.31,11.960000000000004,6.16,6.123333333333334,79.31,23.82,9.52,237.92,27.83,-0.6115298757991053,0.7912213413483807,15.3721,-0.5000000000000004,0.8660254037844384,-0.433883739117558,-0.9009688679024191
2024-11-23,9.39,9.96,270.29,3.33,34.38,28.68,83.43,6.97,6.05,Hari Biasa,0,5,1,1,11,23,13.77,11.52,11.53,12.241428571428571,11.935714285714285,3.47,12.530000000000003,4.43,5.846666666666668,78.83,14.01,5.47,237.67,37.88,-0.5978291414589552,0.801623551065242,42.168499999999995,-0.5000000000000004,0.8660254037844384,-0.9749279121818236,-0.2225209339563146
2024-11-24,16.05,16.62,241.33,4.3,35.25,27.79,82.51,8.72,7.09,Hari Biasa,0,6,1,1,11,24,9.39,23.15,9.73,11.935714285714285,12.838571428571429,6.97,15.750000000000004,6.05,5.546666666666667,83.43,9.96,3.33,270.29,34.38,-0.5839514998576998,0.8117885474764613,61.8248,-0.5000000000000004,0.8660254037844384,-0.7818314824680299,0.6234898018587334
2024-11-25,10.02,10.28,235.83,3.03,47.25,28.27,81.22,3.69,4.64,Hari Biasa,0,0,0,0,11,25,16.05,13.77,8.58,12.838571428571429,13.044285714285715,8.72,19.160000000000004,7.09,5.8566666666666665,82.51,16.62,4.3,241.33,35.25,-0.5699010576127624,0.8217133225960589,17.121599999999997,-0.5000000000000004,0.8660254037844384,0.0,1.0
2024-11-26,13.79,14.03,321.71,4.13,45.04,28.35,82.5,3.82,5.98,Hari Biasa,0,1,0,0,11,26,10.02,9.39,7.41,13.044285714285715,13.955714285714285,3.69,19.380000000000006,4.64,5.926666666666667,81.22,10.28,3.03,235.83,47.25,-0.5556819724760489,0.8313949395234058,22.843600000000002,-0.5000000000000004,0.8660254037844384,0.7818314824680298,0.6234898018587336
2024-11-27,11.92,12.03,244.21,3.22,52.88,28.5,82.22,1.67,5.87,Hari Biasa,0,2,0,0,11,27,13.79,16.05,11.52,13.955714285714285,14.012857142857143,3.82,16.230000000000004,5.98,5.903333333333333,82.5,14.03,4.13,321.71,45.04,-0.5412984521036173,0.8408305333122887,9.8029,-0.5000000000000004,0.8660254037844384,0.9749279121818236,-0.22252093395631434
2024-11-28,9.83,9.92,303.21,3.7,53.75,28.96,79.62,5.8,5.58,Hari Biasa,0,3,0,0,11,28,11.92,10.02,23.15,14.012857142857143,12.11,1.67,9.180000000000003,5.87,5.496666666666667,82.22,12.03,3.22,244.21,52.88,-0.5267547528105542,0.8500173118187018,32.364,-0.5000000000000004,0.8660254037844384,0.43388373911755823,-0.900968867902419
2024-11-29,18.0,18.16,333.04,4.77,47.29,28.55,81.1,27.63,3.28,Hari Biasa,0,4,0,0,11,29,9.83,13.79,13.77,12.11,12.714285714285714,5.8,11.290000000000003,5.58,5.81,79.62,9.92,3.7,303.21,53.75,-0.5120551783114646,0.8589525565270845,90.62639999999999,-0.5000000000000004,0.8660254037844384,-0.433883739117558,-0.9009688679024191
2024-11-30,16.93,17.15,260.12,2.94,54.54,28.3,84.2,11.8,5.22,Hari Biasa,0,5,1,1,11,30,18.0,11.92,9.39,12.714285714285714,13.79142857142857,27.63,35.1,3.28,4.91,81.1,18.16,4.77,333.04,47.29,-0.4972040784469378,0.8676336233547726,61.596000000000004,-0.5000000000000004,0.8660254037844384,-0.9749279121818236,-0.2225209339563146
2024-12-01,22.04,22.15,337.75,7.15,38.67,27.09,87.33,24.6,3.74,Hari Biasa,0,6,1,1,12,1,16.93,9.83,16.05,13.79142857142857,14.647142857142857,11.8,45.230000000000004,5.22,4.693333333333334,84.2,17.15,2.94,260.12,54.54,-0.4822058478963526,0.8760579434344281,92.004,-2.4492935982947064e-16,1.0,-0.7818314824680299,0.6234898018587334
2024-12-02,15.06,15.14,351.33,4.22,43.5,27.16,85.41,10.29,4.46,Hari Biasa,0,0,0,0,12,2,22.04,18.0,10.02,14.647142857142857,15.367142857142857,24.6,64.03,3.74,4.080000000000001,87.33,22.15,7.15,337.75,38.67,-0.46706492487743034,0.8842230238742036,45.89339999999999,-2.4492935982947064e-16,1.0,0.0,1.0
2024-12-03,14.31,14.4,246.25,5.45,37.04,27.66,85.72,5.91,4.79,Hari Biasa,0,1,0,0,12,3,15.06,16.93,13.79,15.367142857142857,15.441428571428572,10.29,46.69000000000001,4.46,4.473333333333334,85.41,15.14,4.22,351.33,43.5,-0.451785789832884,0.8921264484954345,28.3089,-2.4492935982947064e-16,1.0,0.7818314824680298,0.6234898018587336
2024-12-04,10.38,10.47,282.25,4.09,52.33,27.58,87.82,6.27,4.61,Hari Biasa,0,2,0,0,12,4,14.31,22.04,11.92,15.441428571428572,15.221428571428572,5.91,40.800000000000004,4.79,4.330000000000001,85.72,14.4,5.45,246.25,37.04,-0.4363729641045924,0.8997658785476209,28.9047,-2.4492935982947064e-16,1.0,0.9749279121818236,-0.22252093395631434
2024-12-05,9.22,9.27,286.08,3.72,41.58,26.74,91.59,14.03,6.19,Hari Biasa,0,3,0,0,12,5,10.38,15.06,9.83,15.221428571428572,15.134285714285713,6.27,22.470000000000002,4.61,4.620000000000001,87.82,10.47,4.09,282.25,52.33,-0.42083100859565564,0.9071390534005044,86.84570000000001,-2.4492935982947064e-16,1.0,0.43388373911755823,-0.900968867902419
2024-12-06,16.06,16.22,340.67,4.85,50.75,26.75,89.05,14.25,3.78,Hari Biasa,0,4,0,0,12,6,9.22,14.31,18.0,15.134285714285713,14.857142857142858,14.03,26.21,6.19,5.196666666666667,91.59,9.27,3.72,286.08,41.58,-0.4051645224207563,0.9142437912130223,53.864999999999995,-2.4492935982947064e-16,1.0,-0.433883739117558,-0.9009688679024191
2024-12-07,21.04,21.21,376.54,6.53,42.54,26.82,87.26,4.33,4.9,Hari Biasa,0,5,1,1,12,7,16.06,10.38,16.93,14.857142857142858,15.444285714285714,14.25,34.550000000000004,3.78,4.86,89.05,16.22,4.85,340.67,50.75,-0.3893781415452015,0.9210779895789526,21.217000000000002,-2.4492935982947064e-16,1.0,-0.9749279121818236,-0.2225209339563146
2024-12-08,12.82,13.12,316.21,3.21,41.75,27.88,83.79,1.51,4.0,Hari Biasa,0,6,1,1,12,8,21.04,9.22,22.04,15.444285714285714,14.127142857142857,4.33,32.61,4.9,4.956666666666668,87.26,21.21,6.53,376.54,42.54,-0.37347653741307074,0.9276396261490467,6.04,-2.4492935982947064e-16,1.0,-0.7818314824680299,0.6234898018587334
2024-12-09,10.81,10.97,337.29,4.01,38.5,28.03,86.17,8.83,4.68,Hari Biasa,0,0,0,0,12,9,12.82,16.06,15.06,14.127142857142857,13.52,1.51,20.090000000000003,4.0,4.2266666666666675,83.79,13.12,3.21,316.21,41.75,-0.3574644155648614,0.9339267592294762,41.3244,-2.4492935982947064e-16,1.0,0.0,1.0
2024-12-10,16.08,16.23,390.25,6.86,32.04,27.24,88.77,8.25,5.44,Hari Biasa,0,1,0,0,12,10,10.81,21.04,14.31,13.52,13.772857142857143,8.83,14.670000000000003,4.68,4.526666666666667,86.17,10.97,4.01,337.29,38.5,-0.34134651424503615,0.9399375283564133,44.88,-2.4492935982947064e-16,1.0,0.7818314824680298,0.6234898018587336
2024-12-11,14.85,14.98,289.46,5.3,31.21,27.04,88.85,17.33,4.54,Hari Biasa,0,2,0,0,12,11,16.08,12.82,10.38,13.772857142857143,14.411428571428571,8.25,18.590000000000003,5.44,4.706666666666667,88.77,16.23,6.86,390.25,32.04,-0.3251276029999093,0.9456701548465688,78.67819999999999,-2.4492935982947064e-16,1.0,0.9749279121818236,-0.22252093395631434
2024-12-12,19.81,20.03,336.62,5.76,45.08,27.11,86.12,7.04,4.61,Hari Biasa,0,3,0,0,12,12,14.85,10.81,9.22,14.411428571428571,15.924285714285714,17.33,34.41,4.54,4.886666666666668,88.85,14.98,5.3,289.46,31.21,-0.30881248126625377,0.9511229423235357,32.4544,-2.4492935982947064e-16,1.0,0.43388373911755823,-0.900968867902419
2024-12-13,27.09,27.32,470.04,10.75,33.08,26.89,88.88,12.39,4.28,Hari Biasa,0,4,0,0,12,13,19.81,16.08,16.06,15.924285714285714,17.499999999999996,7.04,32.620000000000005,4.61,4.863333333333334,86.12,20.03,5.76,336.62,45.08,-0.29240597695107734,0.9562942772197719,53.0292,-2.4492935982947064e-16,1.0,-0.433883739117558,-0.9009688679024191
2024-12-14,19.71,19.91,333.17,9.61,35.71,27.18,85.78,3.41,4.39,Hari Biasa,0,5,1,1,12,14,27.09,14.85,21.04,17.499999999999996,17.31,12.39,36.760000000000005,4.28,4.4766666666666675,88.88,27.32,10.75,470.04,33.08,-0.27591294500296043,0.9611826292540837,14.969899999999999,-2.4492935982947064e-16,1.0,-0.9749279121818236,-0.2225209339563146
2024-12-15,22.06,22.58,323.42,6.36,41.5,26.88,89.92,9.59,4.57,Hari Biasa,0,6,1,1,12,15,19.71,19.81,12.82,17.31,18.63,3.41,22.840000000000003,4.39,4.426666666666667,85.78,19.91,9.61,333.17,35.71,-0.2593382659754056,0.9657865518844574,43.8263,-2.4492935982947064e-16,1.0,-0.7818314824680299,0.6234898018587334
2024-12-16,19.24,19.88,228.17,4.17,50.21,27.29,83.88,1.07,3.82,Hari Biasa,0,0,0,0,12,16,22.06,27.09,10.81,18.63,19.83428571428571,9.59,25.390000000000004,4.57,4.413333333333334,89.92,22.58,6.36,323.42,41.5,-0.2426868445825954,0.9701046827361175,4.0874,-2.4492935982947064e-16,1.0,0.0,1.0
2024-12-17,20.64,21.02,304.75,7.37,35.71,27.3,86.58,0.66,6.34,Hari Biasa,0,1,0,0,12,17,19.24,19.71,16.08,19.83428571428571,20.485714285714288,1.07,14.070000000000004,3.82,4.260000000000001,83.88,19.88,4.17,228.17,50.21,-0.22596360824801906,0.974135744004672,4.1844,-2.4492935982947064e-16,1.0,0.7818314824680298,0.6234898018587336
2024-12-18,17.18,17.85,211.38,5.28,37.92,27.05,88.93,1.53,8.24,Hari Biasa,0,2,0,0,12,18,20.64,22.06,14.85,20.485714285714288,20.81857142857143,0.66,11.320000000000004,6.34,4.91,86.58,21.02,7.37,304.75,35.71,-0.20917350564635637,0.9778785428342386,12.6072,-2.4492935982947064e-16,1.0,0.9749279121818236,-0.22252093395631434
2024-12-19,8.02,8.44,184.29,2.37,49.38,27.29,87.02,0.96,6.55,Hari Biasa,0,3,0,0,12,19,17.18,19.24,19.81,20.81857142857143,19.134285714285713,1.53,3.260000000000004,8.24,6.133333333333333,88.93,17.85,5.28,211.38,37.92,-0.19232150523909483,0.9813319716704275,6.287999999999999,-2.4492935982947064e-16,1.0,0.43388373911755823,-0.900968867902419
2024-12-20,8.25,8.75,205.92,2.98,45.88,27.86,83.7,1.94,7.16,Hari Biasa,0,4,0,0,12,20,8.02,20.64,27.09,19.134285714285713,16.442857142857143,0.96,3.150000000000004,6.55,7.043333333333334,87.02,8.44,2.37,184.29,49.38,-0.17541259380427843,0.9844950085880858,13.8904,-2.4492935982947064e-16,1.0,-0.433883739117558,-0.9009688679024191
2024-12-21,5.95,6.36,189.79,2.35,47.71,27.49,85.7,3.36,4.9,Hari Biasa,0,5,1,1,12,21,8.25,17.18,19.71,16.442857142857143,14.477142857142855,1.94,4.430000000000003,7.16,7.316666666666667,83.7,8.75,2.98,205.92,45.88,-0.15845177496083632,0.9873667175937016,16.464000000000002,-2.4492935982947064e-16,1.0,-0.9749279121818236,-0.2225209339563146
2024-12-22,8.36,8.75,204.54,3.65,39.75,27.28,86.05,14.69,4.57,Hari Biasa,0,6,1,1,12,22,5.95,8.02,22.06,14.477142857142855,12.52,3.36,6.260000000000003,4.9,6.203333333333334,85.7,6.36,2.35,189.79,47.71,-0.14144406768794202,0.9899462489023779,67.1333,-2.4492935982947064e-16,1.0,-0.7818314824680299,0.6234898018587334
2024-12-23,14.02,14.6,234.42,4.85,40.04,27.08,86.56,5.58,4.43,Hari Biasa,0,0,0,0,12,23,8.36,8.25,19.24,12.52,11.774285714285712,14.69,19.990000000000002,4.57,5.543333333333334,86.05,8.75,3.65,204.54,39.75,-0.12439450483979998,0.9922328391893008,24.7194,-2.4492935982947064e-16,1.0,0.0,1.0
2024-12-24,11.38,11.49,263.92,4.14,41.33,27.02,89.71,3.3,4.18,Hari Biasa,0,1,0,0,12,24,14.02,5.95,20.64,11.774285714285712,10.45142857142857,5.58,23.630000000000003,4.43,4.633333333333334,86.56,14.6,4.85,234.42,40.04,-0.10730813165636247,0.9942258118156161,13.793999999999999,-2.4492935982947064e-16,1.0,0.7818314824680298,0.6234898018587336
2024-12-25,11.33,11.78,234.96,3.72,46.29,26.52,90.5,4.24,5.44,Hari Raya Natal,1,2,0,1,12,25,11.38,8.36,17.18,10.45142857142857,9.615714285714287,3.3,23.570000000000004,4.18,4.393333333333334,89.71,11.49,4.14,263.92,41.33,-0.09019000427034513,0.9959245770286599,23.065600000000003,-2.4492935982947064e-16,1.0,0.9749279121818236,-0.22252093395631434
2024-12-26,18.01,18.07,394.25,6.26,32.71,26.65,89.59,7.01,5.15,Hari Biasa,0,3,0,0,12,26,11.33,14.02,8.02,9.615714285714287,11.042857142857143,4.24,13.120000000000005,5.44,4.6833333333333345,90.5,11.78,3.72,234.96,46.29,-0.07304518821104743,0.9973286321364752,36.1015,-2.4492935982947064e-16,1.0,0.43388373911755823,-0.900968867902419
2024-12-27,11.86,12.22,333.42,3.9,48.29,27.31,86.45,3.96,3.42,Hari Biasa,0,4,0,0,12,27,18.01,11.38,8.25,11.042857142857143,11.558571428571428,7.01,14.550000000000004,5.15,4.923333333333334,89.59,18.07,6.26,394.25,32.71,-0.05587875690537313,0.9984375616565666,13.543199999999999,-2.4492935982947064e-16,1.0,-0.433883739117558,-0.9009688679024191
2024-12-28,18.57,18.75,359.21,6.48,35.17,26.74,89.41,7.9,3.28,Hari Biasa,0,5,1,1,12,28,11.86,11.33,5.95,11.558571428571428,13.361428571428572,3.96,15.210000000000004,3.42,4.670000000000001,86.45,12.22,3.9,333.42,48.29,-0.03869579017652689,0.9992510374388481,25.912,-2.4492935982947064e-16,1.0,-0.9749279121818236,-0.2225209339563146
2024-12-29,13.48,13.67,351.62,5.22,34.04,26.56,88.52,5.84,4.86,Hari Biasa,0,6,1,1,12,29,18.57,18.01,8.36,13.361428571428572,14.092857142857143,7.9,18.870000000000005,3.28,3.9500000000000006,89.41,18.75,6.48,359.21,35.17,-0.021501372740813793,0.999768818762748,28.3824,-2.4492935982947064e-16,1.0,-0.7818314824680299,0.6234898018587334
2024-12-30,19.5,19.74,337.29,5.63,39.67,27.06,87.34,3.84,4.39,Hari Biasa,0,0,0,0,12,30,13.48,11.86,14.02,14.092857142857143,14.875714285714285,5.84,17.700000000000003,4.86,3.853333333333334,88.52,13.67,5.22,351.62,34.04,-0.004300592702981974,0.9999907524084426,16.857599999999998,-2.4492935982947064e-16,1.0,0.0,1.0
2024-12-31,20.88,21.02,332.12,7.76,33.12,26.99,88.83,7.83,2.81,Hari Biasa,0,1,0,0,12,31,19.5,18.57,11.38,14.875714285714285,16.232857142857146,3.84,17.580000000000005,4.39,4.176666666666667,87.34,19.74,5.63,337.29,39.67,0.012901459949419653,0.9999167727021953,22.0023,-2.4492935982947064e-16,1.0,0.7818314824680298,0.6234898018587336
2025-01-01,23.35,23.69,261.08,7.93,34.62,26.08,89.87,6.32,3.89,Tahun Baru Masehi,1,2,0,1,1,1,20.88,13.48,11.33,16.232857142857146,17.95,7.83,17.510000000000005,2.81,4.0200000000000005,88.83,21.02,7.76,332.12,33.12,0.017201575418260506,0.9998520419557735,24.5848,0.49999999999999994,0.8660254037844387,0.9749279121818236,-0.22252093395631434
2025-01-02,18.74,18.92,298.12,6.51,38.62,26.45,86.66,5.19,3.24,Hari Biasa,0,3,0,0,1,2,23.35,19.5,18.01,17.95,18.054285714285715,6.32,17.990000000000006,3.89,3.696666666666667,89.87,23.69,7.93,261.08,34.62,0.03439806061360801,0.9994082116062598,16.815600000000003,0.49999999999999994,0.8660254037844387,0.43388373911755823,-0.900968867902419
2025-01-03,14.66,14.82,334.54,5.24,43.0,26.6,85.88,6.57,4.61,Hari Biasa,0,4,0,0,1,3,18.74,20.88,11.86,18.054285714285715,18.454285714285714,5.19,19.340000000000007,3.24,3.313333333333334,86.66,18.92,6.51,298.12,38.62,0.051584366869408364,0.9986686402879997,30.287700000000005,0.49999999999999994,0.8660254037844387,-0.433883739117558,-0.9009688679024191
2025-01-04,15.11,15.2,284.54,5.0,43.62,26.92,86.81,20.88,3.89,Hari Biasa,0,5,1,1,1,4,14.66,23.35,18.57,18.454285714285714,17.96,6.57,18.080000000000005,4.61,3.913333333333334,85.88,14.82,5.24,334.54,43.0,0.06875540848113941,0.9976335468520451,81.2232,0.49999999999999994,0.8660254037844387,-0.9749279121818236,-0.2225209339563146
2025-01-05,12.8,12.87,284.5,5.28,40.83,26.25,90.74,15.65,5.87,Hari Biasa,0,6,1,1,1,5,15.11,18.74,13.48,17.96,17.862857142857145,20.88,32.64,3.89,3.913333333333334,86.81,15.2,5.0,284.54,43.62,0.08590610426133272,0.9963032375991965,91.8655,0.49999999999999994,0.8660254037844387,-0.7818314824680299,0.6234898018587334
2025-01-06,12.0,12.26,340.54,3.36,42.54,27.18,84.09,0.32,5.47,Hari Biasa,0,0,0,0,1,6,12.8,14.66,19.5,17.862857142857145,16.791428571428572,15.65,43.1,5.87,4.790000000000001,90.74,12.87,5.28,284.5,40.83,0.10303137904317879,0.9946781061893646,1.7504,0.49999999999999994,0.8660254037844387,0.0,1.0
2025-01-07,11.88,12.23,371.62,3.29,45.71,27.79,84.06,3.69,4.07,Hari Biasa,0,1,0,0,1,7,12.0,15.11,20.88,16.791428571428572,15.505714285714285,0.32,36.85,5.47,5.076666666666667,84.09,12.26,3.36,340.54,42.54,0.1201261651823505,0.9927586335250793,15.0183,0.49999999999999994,0.8660254037844387,0.7818314824680298,0.6234898018587336
2025-01-08,22.95,23.03,350.88,6.88,38.92,27.6,86.73,6.55,4.1,Hari Biasa,0,2,0,0,1,8,11.88,12.8,23.35,15.505714285714285,15.448571428571428,3.69,19.660000000000004,4.07,5.136666666666668,84.06,12.23,3.29,371.62,45.71,0.13718540405660057,0.9905453876091833,26.854999999999997,0.49999999999999994,0.8660254037844387,0.9749279121818236,-0.22252093395631434
2025-01-09,13.92,14.12,320.08,3.13,51.33,27.02,86.3,3.52,4.72,Hari Biasa,0,3,0,0,1,9,22.95,12.0,18.74,15.448571428571428,14.760000000000002,6.55,10.560000000000002,4.1,4.546666666666667,86.73,23.03,6.88,350.88,38.92,0.1542040475626894,0.988039023376751,16.6144,0.49999999999999994,0.8660254037844387,0.43388373911755823,-0.900968867902419
2025-01-10,9.92,10.07,304.54,3.7,35.5,26.93,87.25,1.42,4.5,Hari Biasa,0,4,0,0,1,10,13.92,11.88,14.66,14.760000000000002,14.082857142857142,3.52,13.760000000000003,4.72,4.296666666666668,86.3,14.12,3.13,320.08,51.33,0.17117705961019986,0.985240282501282,6.39,0.49999999999999994,0.8660254037844387,-0.433883739117558,-0.9009688679024191
2025-01-11,14.92,15.4,251.46,4.66,35.54,27.03,87.33,2.97,6.8,Hari Biasa,0,5,1,1,1,11,9.92,22.95,15.11,14.082857142857142,14.055714285714286,1.42,11.490000000000004,4.5,4.44,87.25,10.07,3.7,304.54,35.5,0.18809941761179758,0.9821499931752291,20.196,0.49999999999999994,0.8660254037844387,-0.9749279121818236,-0.2225209339563146
2025-01-12,12.44,12.65,272.54,4.53,40.5,27.79,85.01,2.42,5.29,Hari Biasa,0,6,1,1,1,12,14.92,13.92,12.8,14.055714285714286,14.004285714285714,2.97,7.910000000000004,6.8,5.340000000000001,87.33,15.4,4.66,251.46,35.54,0.20496611396949532,0.9787690698649216,12.8018,0.49999999999999994,0.8660254037844387,-0.7818314824680299,0.6234898018587334
2025-01-13,18.89,19.08,388.04,5.25,44.58,27.12,87.3,2.49,5.47,Hari Biasa,0,0,0,0,1,13,12.44,9.92,12.0,14.004285714285714,14.98857142857143,2.42,6.810000000000004,5.29,5.530000000000001,85.01,12.65,4.53,272.54,40.5,0.22177215755648186,0.975098513039961,13.6203,0.49999999999999994,0.8660254037844387,0.0,1.0
2025-01-14,16.71,16.94,300.58,2.51,50.42,26.97,88.71,4.05,6.91,Hari Biasa,0,1,0,0,1,14,18.89,14.92,11.88,14.98857142857143,15.678571428571429,2.49,7.880000000000004,5.47,5.853333333333334,87.3,19.08,5.25,388.04,44.58,0.23851257519407648,0.9711394088771653,27.9855,0.49999999999999994,0.8660254037844387,0.7818314824680298,0.6234898018587336
2025-01-15,18.54,18.68,405.83,6.29,42.75,27.26,84.93,11.21,3.82,Hari Biasa,0,2,0,0,1,15,16.71,12.44,22.95,15.678571428571429,15.04857142857143,4.05,8.960000000000004,6.91,5.890000000000001,88.71,16.94,2.51,300.58,50.42,0.2551824131233728,0.9668929289391521,42.8222,0.49999999999999994,0.8660254037844387,0.9749279121818236,-0.22252093395631434
2025-01-16,18.18,18.34,353.75,5.18,32.12,27.01,86.1,6.08,3.13,Hari Biasa,0,3,0,0,1,16,18.54,18.89,13.92,15.04857142857143,15.657142857142857,11.21,17.750000000000007,3.82,5.400000000000001,84.93,18.68,6.29,405.83,42.75,0.2717767384711357,0.9623603298276545,19.0304,0.49999999999999994,0.8660254037844387,0.43388373911755823,-0.900968867902419
2025-01-17,13.79,14.12,377.12,3.78,37.08,27.2,85.18,8.57,5.29,Hari Biasa,0,4,0,0,1,17,18.18,16.71,9.92,15.657142857142857,16.21,6.08,21.340000000000003,3.13,4.620000000000001,86.1,18.34,5.18,353.75,32.12,0.2882906407095177,0.9575429528116719,45.335300000000004,0.49999999999999994,0.8660254037844387,-0.433883739117558,-0.9009688679024191
2025-01-18,9.94,10.28,239.21,3.65,33.71,27.21,87.65,8.67,7.09,Hari Biasa,0,5,1,1,1,18,13.79,18.54,14.92,16.21,15.498571428571427,8.57,25.860000000000007,5.29,4.080000000000001,85.18,14.12,3.78,377.12,37.08,0.3047192331091634,0.9524422234305676,61.4703,0.49999999999999994,0.8660254037844387,-0.9749279121818236,-0.2225209339563146
2025-01-19,11.97,12.25,272.54,3.41,36.33,26.98,87.38,4.21,4.75,Hari Biasa,0,6,1,1,1,19,9.94,18.18,12.44,15.498571428571427,15.43142857142857,8.67,23.320000000000004,7.09,5.170000000000001,87.65,10.28,3.65,239.21,33.71,0.321057654185271,0.9470596510722283,19.9975,0.49999999999999994,0.8660254037844387,-0.7818314824680299,0.6234898018587334
2025-01-20,13.8,14.06,347.25,5.07,34.54,27.03,84.54,4.19,4.28,Hari Biasa,0,0,0,0,1,20,11.97,13.79,18.89,15.43142857142857,14.704285714285714,4.21,21.450000000000003,4.75,5.710000000000001,87.38,12.25,3.41,272.54,36.33,0.3373010691361842,0.9413968285264122,17.933200000000003,0.49999999999999994,0.8660254037844387,0.0,1.0
2025-01-21,17.3,17.6,326.0,5.49,40.29,26.8,88.24,10.65,5.72,Hari Biasa,0,1,0,0,1,21,13.8,9.94,16.71,14.704285714285714,14.78857142857143,4.19,17.070000000000004,4.28,5.373333333333334,84.54,14.06,5.07,347.25,34.54,0.3534446712740877,0.9354554315134164,60.918,0.49999999999999994,0.8660254037844387,0.7818314824680298,0.6234898018587336
2025-01-22,15.74,15.91,285.12,5.62,41.67,26.21,89.08,20.42,3.46,Hari Biasa,0,2,0,0,1,22,17.3,11.97,18.54,14.78857142857143,14.388571428571428,10.65,19.050000000000004,5.72,4.916666666666667,88.24,17.6,5.49,326.0,40.29,0.3694836834473831,0.9292372181882051,70.6532,0.49999999999999994,0.8660254037844387,0.9749279121818236,-0.22252093395631434
2025-01-23,11.43,11.57,235.62,3.99,43.17,27.07,84.78,1.78,3.89,Hari Biasa,0,3,0,0,1,23,15.74,13.8,18.18,14.388571428571428,13.424285714285714,20.42,35.260000000000005,3.46,4.486666666666667,89.08,15.91,5.62,285.12,41.67,0.38541335945432564,0.9227440286201427,6.9242,0.49999999999999994,0.8660254037844387,0.43388373911755823,-0.900968867902419
2025-01-24,12.54,12.66,355.29,3.87,42.5,26.88,89.36,7.71,5.54,Hari Biasa,0,4,0,0,1,24,11.43,17.3,13.79,13.424285714285714,13.245714285714286,1.78,32.85000000000001,3.89,4.3566666666666665,84.78,11.57,3.99,235.62,43.17,0.4012289854475009,0.9159777842484877,42.7134,0.49999999999999994,0.8660254037844387,-0.433883739117558,-0.9009688679024191
2025-01-25,10.34,10.45,356.38,3.42,45.21,26.44,89.54,5.66,3.89,Hari Biasa,0,5,1,1,1,25,12.54,15.74,9.94,13.245714285714286,13.302857142857144,7.71,29.910000000000004,5.54,4.296666666666667,89.36,12.66,3.87,355.29,42.5,0.4169258813287287,0.908940487313808,22.017400000000002,0.49999999999999994,0.8660254037844387,-0.9749279121818236,-0.2225209339563146
2025-01-26,16.4,16.55,323.75,5.0,37.67,26.84,85.14,2.56,4.72,Hari Biasa,0,6,1,1,1,26,10.34,11.43,11.97,13.302857142857144,13.935714285714285,5.66,15.150000000000004,3.89,4.44,89.54,10.45,3.42,356.38,45.21,0.4324994021339788,0.901634220265486,12.0832,0.49999999999999994,0.8660254037844387,-0.7818314824680299,0.6234898018587334
2025-01-27,10.22,10.37,260.42,2.9,46.29,26.93,86.81,11.46,4.18,Hari Biasa,0,0,0,0,1,27,16.4,12.54,13.8,13.935714285714285,13.424285714285714,2.56,15.930000000000005,4.72,4.716666666666667,85.14,16.55,5.0,323.75,37.67,0.44794493940789115,0.8940611451454876,47.9028,0.49999999999999994,0.8660254037844387,0.0,1.0
2025-01-28,21.25,21.46,391.29,7.33,38.79,26.46,87.53,11.02,5.33,Hari Biasa,0,1,0,0,1,28,10.22,10.34,17.3,13.424285714285714,13.988571428571428,11.46,19.680000000000007,4.18,4.263333333333333,86.81,10.37,2.9,260.42,46.29,0.4632579225674917,0.88622350294858,58.736599999999996,0.49999999999999994,0.8660254037844387,0.7818314824680298,0.6234898018587336
2025-01-29,12.67,12.86,359.75,3.97,37.67,26.47,86.08,3.52,2.81,Hari Biasa,0,2,0,0,1,29,21.25,16.4,15.74,13.988571428571428,13.549999999999999,11.02,25.040000000000006,5.33,4.743333333333333,87.53,21.46,7.33,391.29,38.79,0.4784338202547012,0.8781236129591848,9.8912,0.49999999999999994,0.8660254037844387,0.9749279121818236,-0.22252093395631434
2025-01-30,11.95,12.22,378.38,5.53,32.25,26.15,88.46,4.82,3.31,Hari Biasa,0,3,0,0,1,30,12.67,10.22,11.43,13.549999999999999,13.624285714285715,3.52,26.000000000000007,2.81,4.1066666666666665,86.08,12.86,3.97,359.75,37.67,0.49346814167723735,0.8697638720650646,15.954200000000002,0.49999999999999994,0.8660254037844387,0.43388373911755823,-0.900968867902419
2025-01-31,8.24,8.54,310.04,2.62,40.54,27.02,84.74,8.85,5.04,Hari Biasa,0,4,0,0,1,31,11.95,21.25,12.54,13.624285714285715,13.01,4.82,19.360000000000003,3.31,3.8166666666666664,88.46,12.22,5.53,378.38,32.25,0.5083564379375122,0.8611467540480452,44.604,0.49999999999999994,0.8660254037844387,-0.433883739117558,-0.9009688679024191
2025-02-01,14.71,14.99,281.67,6.22,33.21,26.57,88.49,7.2,5.22,Hari Biasa,0,5,1,1,2,1,8.24,12.67,10.34,13.01,13.634285714285713,8.85,17.190000000000005,5.04,3.72,84.74,8.54,2.62,310.04,40.54,0.5230943033491326,0.8522748088519838,37.583999999999996,0.8660254037844386,0.5000000000000001,-0.9749279121818236,-0.2225209339563146
2025-02-02,15.57,15.98,323.54,4.83,37.25,27.65,82.03,2.12,4.0,Hari Biasa,0,6,1,1,2,2,14.71,11.95,16.4,13.634285714285713,13.515714285714285,7.2,20.870000000000005,5.22,4.523333333333333,88.49,14.99,6.22,281.67,33.21,0.5376773767406141,0.8431506618282,8.48,0.8660254037844386,0.5000000000000001,-0.7818314824680299,0.6234898018587334
2025-02-03,15.08,15.67,314.0,3.45,44.5,26.89,83.58,2.14,2.95,Hari Biasa,0,0,0,0,2,3,15.57,8.24,10.22,13.515714285714285,14.209999999999999,2.12,18.17,4.0,4.753333333333334,82.03,15.98,4.83,323.54,37.25,0.5521013427459208,0.8337770129585915,6.313000000000001,0.8660254037844386,0.5000000000000001,0.0,1.0
2025-02-04,13.08,13.57,277.29,2.78,50.17,27.28,82.22,1.56,3.82,Hari Biasa,0,1,0,0,2,4,15.08,14.71,21.25,14.209999999999999,13.042857142857143,2.14,11.460000000000004,2.95,4.056666666666667,83.58,15.67,3.45,314.0,44.5,0.5663619330814524,0.8241566360566663,5.9592,0.8660254037844386,0.5000000000000001,0.7818314824680298,0.6234898018587336
2025-02-05,13.92,14.42,300.38,2.75,52.67,26.92,84.47,1.86,3.85,Hari Biasa,0,2,0,0,2,5,13.08,15.57,12.67,13.042857142857143,13.221428571428572,1.56,5.820000000000004,3.82,3.59,82.22,13.57,2.78,277.29,50.17,0.580454927809098,0.8142923779467267,7.1610000000000005,0.8660254037844386,0.5000000000000001,0.9749279121818236,-0.22252093395631434
2025-02-06,17.1,17.51,350.62,5.01,41.46,26.5,87.37,5.44,4.32,Hari Biasa,0,3,0,0,2,6,13.92,15.08,11.95,13.221428571428572,13.957142857142856,1.86,5.560000000000004,3.85,3.5400000000000005,84.47,14.42,2.75,300.38,52.67,0.5943761565849831,0.804187157621448,23.5008,0.8660254037844386,0.5000000000000001,0.43388373911755823,-0.900968867902419
2025-02-07,19.11,19.58,356.33,5.66,37.58,26.26,88.72,6.34,6.91,Hari Biasa,0,4,0,0,2,7,17.1,13.08,8.24,13.957142857142856,15.51,5.44,8.860000000000005,4.32,3.9966666666666666,87.37,17.51,5.01,350.62,41.46,0.6081214998935418,0.7938439653781019,43.8094,0.8660254037844386,0.5000000000000001,-0.433883739117558,-0.9009688679024191
2025-02-08,14.5,15.11,314.21,3.16,44.33,27.13,82.79,3.74,4.54,Hari Biasa,0,5,1,1,2,8,19.11,13.92,14.71,15.51,15.479999999999999,6.34,13.640000000000004,6.91,5.026666666666666,88.72,19.58,5.66,356.33,37.58,0.6216868902665479,0.7832658619336791,16.9796,0.8660254037844386,0.5000000000000001,-0.9749279121818236,-0.2225209339563146
2025-02-09,17.44,18.13,478.46,3.99,44.0,27.15,84.08,2.51,5.83,Hari Biasa,0,6,1,1,2,9,14.5,17.1,15.57,15.479999999999999,15.747142857142858,3.74,15.520000000000003,4.54,5.256666666666667,82.79,15.11,3.16,314.21,44.33,0.6350683134867438,0.7724559775191742,14.633299999999998,0.8660254037844386,0.5000000000000001,-0.7818314824680299,0.6234898018587334
2025-02-10,19.48,20.51,317.12,2.65,52.33,26.67,86.5,2.16,5.29,Hari Biasa,0,0,0,0,2,10,17.44,19.11,15.08,15.747142857142858,16.375714285714285,2.51,12.590000000000003,5.83,5.760000000000001,84.08,18.13,3.99,478.46,44.0,0.6482618097757122,0.7614175109532997,11.426400000000001,0.8660254037844386,0.5000000000000001,0.0,1.0
2025-02-11,20.51,21.28,379.71,4.71,41.79,27.06,88.24,2.28,5.15,Hari Biasa,0,1,0,0,2,11,19.48,14.5,13.08,16.375714285714285,17.437142857142856,2.16,8.410000000000004,5.29,5.22,86.5,20.51,2.65,317.12,52.33,0.6612634749656386,0.7501537286959042,11.741999999999999,0.8660254037844386,0.5000000000000001,0.7818314824680298,0.6234898018587336
2025-02-12,14.66,15.26,337.17,2.92,45.12,25.97,89.17,4.24,5.33,Hari Biasa,0,2,0,0,2,12,20.51,17.44,13.92,17.437142857142856,17.542857142857144,2.28,6.950000000000003,5.15,5.423333333333335,88.24,21.28,4.71,379.71,41.79,0.6740694616546161,0.7386679638813748,22.5992,0.8660254037844386,0.5000000000000001,0.9749279121818236,-0.22252093395631434
2025-02-13,17.04,17.46,362.62,4.3,42.67,26.54,91.19,3.67,5.47,Hari Biasa,0,3,0,0,2,13,14.66,19.48,17.1,17.542857142857144,17.534285714285716,4.24,8.680000000000003,5.33,5.256666666666667,89.17,15.26,2.92,337.17,45.12,0.6866759803451553,0.726963615332308,20.0749,0.8660254037844386,0.5000000000000001,0.43388373911755823,-0.900968867902419
2025-02-14,9.55,9.94,265.58,3.72,41.21,27.18,89.12,1.0,7.09,Hari Biasa,0,4,0,0,2,14,17.04,20.51,19.11,17.534285714285716,16.16857142857143,3.67,10.190000000000003,5.47,5.316666666666666,91.19,17.46,4.3,362.62,42.67,0.6990793005655562,0.7150441465537444,7.09,0.8660254037844386,0.5000000000000001,-0.433883739117558,-0.9009688679024191
2025-02-15,13.38,14.13,221.46,2.65,39.62,27.46,87.75,1.92,6.44,Hari Biasa,0,5,1,1,2,15,9.55,14.66,14.5,16.16857142857143,16.008571428571432,1.0,8.910000000000004,7.09,5.963333333333334,89.12,9.94,3.72,265.58,41.21,0.7112757519738152,0.7029130847082615,12.3648,0.8660254037844386,0.5000000000000001,-0.9749279121818236,-0.2225209339563146
2025-02-16,11.65,11.9,322.71,3.18,40.67,27.41,87.57,8.47,4.57,Hari Biasa,0,6,1,1,2,16,13.38,17.04,17.44,16.008571428571432,15.18142857142857,1.92,6.590000000000003,6.44,6.333333333333333,87.75,14.13,2.65,221.46,39.62,0.7232617254437388,0.6905740195722293,38.7079,0.8660254037844386,0.5000000000000001,-0.7818314824680299,0.6234898018587334
2025-02-17,14.77,15.18,486.25,3.96,42.08,27.07,83.08,5.07,4.57,Hari Biasa,0,0,0,0,2,17,11.65,9.55,19.48,15.18142857142857,14.508571428571429,8.47,11.390000000000004,4.57,6.033333333333334,87.57,11.9,3.18,322.71,40.67,0.7350336741329413,0.6780306024735382,23.169900000000002,0.8660254037844386,0.5000000000000001,0.0,1.0
2025-02-18,15.61,15.82,486.92,4.95,42.25,26.51,84.21,2.38,2.74,Hari Biasa,0,1,0,0,2,18,14.77,13.38,20.51,14.508571428571429,13.808571428571428,5.07,15.460000000000004,4.57,5.193333333333334,83.08,15.18,3.96,486.25,42.08,0.746588114532413,0.6652865452111116,6.5212,0.8660254037844386,0.5000000000000001,0.7818314824680298,0.6234898018587336
2025-02-19,10.31,10.58,377.17,2.51,46.79,26.46,83.39,4.11,4.72,Hari Biasa,0,2,0,0,2,19,15.61,11.65,14.66,13.808571428571428,13.187142857142858,2.38,15.920000000000005,2.74,3.9600000000000004,84.21,15.82,4.95,486.92,42.25,0.7579216274973472,0.6523456189565257,19.3992,0.8660254037844386,0.5000000000000001,0.9749279121818236,-0.22252093395631434
2025-02-20,13.3,13.55,384.92,4.13,40.38,27.0,85.13,6.44,4.43,Hari Biasa,0,3,0,0,2,20,10.31,14.77,17.04,13.187142857142858,12.652857142857144,4.11,11.560000000000004,4.72,4.010000000000001,83.39,10.58,2.51,377.17,46.79,0.7690308592589181,0.6392116531380588,28.5292,0.8660254037844386,0.5000000000000001,0.43388373911755823,-0.900968867902419
2025-02-21,10.47,10.57,312.25,4.66,33.08,26.18,87.82,3.18,3.2,Hari Biasa,0,4,0,0,2,21,13.3,15.61,9.55,12.652857142857144,12.784285714285716,6.44,12.930000000000003,4.43,3.9633333333333334,85.13,13.55,4.13,384.92,40.38,0.7799125224167177,0.6258885343075018,10.176000000000002,0.8660254037844386,0.5000000000000001,-0.433883739117558,-0.9009688679024191
2025-02-22,11.88,12.19,221.46,3.15,37.92,26.12,87.74,10.1,4.61,Hari Biasa,0,5,1,1,2,22,10.47,10.31,13.38,12.784285714285716,12.569999999999999,3.18,13.730000000000006,3.2,4.116666666666666,87.82,10.57,4.66,312.25,33.08,0.7905633969115482,0.612380204990065,46.561,0.8660254037844386,0.5000000000000001,-0.9749279121818236,-0.2225209339563146
2025-02-23,12.45,12.67,271.79,2.29,47.25,25.66,89.83,12.36,5.87,Hari Biasa,0,6,1,1,2,23,11.88,13.3,11.65,12.569999999999999,12.684285714285716,10.1,19.720000000000006,4.61,4.08,87.74,12.19,3.15,221.46,37.92,0.8009803309782905,0.5986906625177214,72.5532,0.8660254037844386,0.5000000000000001,-0.7818314824680299,0.6234898018587334
2025-02-24,13.5,13.57,258.54,4.25,36.04,26.38,84.03,5.39,5.44,Hari Biasa,0,0,0,0,2,24,12.45,10.47,14.77,12.684285714285716,12.502857142857144,12.36,25.64,5.87,4.56,89.83,12.67,2.29,271.79,47.25,0.8111602420785621,0.5848239578463322,29.3216,0.8660254037844386,0.5000000000000001,0.0,1.0
2025-02-25,13.02,13.66,301.0,3.44,40.62,27.17,81.96,12.31,5.11,Hari Biasa,0,1,0,0,2,25,13.5,11.88,15.61,12.502857142857144,12.132857142857143,5.39,27.85,5.44,5.3066666666666675,84.03,13.57,4.25,258.54,36.04,0.8211001178128892,0.5707841943569036,62.90410000000001,0.8660254037844386,0.5000000000000001,0.7818314824680298,0.6234898018587336
2025-02-26,12.8,13.2,278.46,3.66,43.33,27.2,85.04,9.94,5.15,Hari Biasa,0,2,0,0,2,26,13.02,12.45,10.31,12.132857142857143,12.48857142857143,12.31,30.060000000000002,5.11,5.473333333333334,81.96,13.66,3.44,301.0,40.62,0.8307970168121247,0.5565755266413303,51.191,0.8660254037844386,0.5000000000000001,0.9749279121818236,-0.22252093395631434
2025-02-27,25.01,25.34,354.83,7.06,36.67,25.43,90.68,21.25,4.82,Hari Biasa,0,3,0,0,2,27,12.8,13.5,13.3,12.48857142857143,14.161428571428571,9.94,27.64,5.15,5.233333333333333,85.04,13.2,3.66,278.46,43.33,0.8402480696078469,0.5422021592729844,102.42500000000001,0.8660254037844386,0.5000000000000001,0.43388373911755823,-0.900968867902419
2025-02-28,10.6,10.75,372.5,2.99,47.96,27.35,82.94,2.49,4.75,Hari Biasa,0,4,0,0,2,28,25.01,13.02,10.47,14.161428571428571,14.179999999999998,21.25,43.5,4.82,5.026666666666667,90.68,25.34,7.06,354.83,36.67,0.8494504794814806,0.527668345562516,11.8275,0.8660254037844386,0.5000000000000001,-0.433883739117558,-0.9009688679024191
2025-03-01,9.88,10.1,411.17,3.9,41.83,27.78,84.99,3.46,5.11,Hari Biasa,0,5,1,1,3,1,10.6,12.8,11.88,14.179999999999998,13.894285714285715,2.49,33.68,4.75,4.906666666666667,82.94,10.75,2.99,372.5,47.96,0.8584015232918917,0.512978386299228,17.680600000000002,1.0,6.123233995736766e-17,-0.9749279121818236,-0.2225209339563146
2025-03-02,12.77,13.15,372.25,2.54,50.83,27.31,86.49,1.85,4.43,Hari Biasa,0,6,1,1,3,2,9.88,25.01,12.45,13.894285714285715,13.94,3.46,27.200000000000003,5.11,4.8933333333333335,84.99,10.1,3.9,411.17,41.83,0.8670985522812081,0.4981366284784055,8.1955,1.0,6.123233995736766e-17,-0.7818314824680299,0.6234898018587334
2025-03-03,10.45,10.89,293.04,2.94,39.42,27.58,84.75,2.89,6.01,Hari Biasa,0,0,0,0,3,3,12.77,10.6,13.5,13.94,13.504285714285714,1.85,7.800000000000004,4.43,4.763333333333333,86.49,13.15,2.54,372.25,50.83,0.8755389928586302,0.4831474640149687,17.3689,1.0,6.123233995736766e-17,0.0,1.0
2025-03-04,9.91,10.68,239.21,3.29,36.0,27.73,83.09,5.78,3.89,Hari Biasa,0,1,0,0,3,4,10.45,9.88,13.02,13.504285714285714,13.06,2.89,8.200000000000003,6.01,5.183333333333333,84.75,10.89,2.94,293.04,39.42,0.8837203473619977,0.4680153284438345,22.4842,1.0,6.123233995736766e-17,0.7818314824680298,0.6234898018587336
2025-03-05,14.39,15.38,278.25,4.38,30.67,27.22,87.01,4.01,5.36,Hari Biasa,0,2,0,0,3,5,9.91,12.77,12.8,13.06,13.287142857142857,5.78,10.520000000000003,3.89,4.776666666666666,83.09,10.68,3.29,239.21,36.0,0.8916401947968874,0.45274469960737107,21.4936,1.0,6.123233995736766e-17,0.9749279121818236,-0.22252093395631434
2025-03-06,11.21,11.66,233.46,3.89,31.79,27.35,84.2,7.42,5.54,Hari Biasa,0,3,0,0,3,6,14.39,10.45,25.01,13.287142857142857,11.315714285714288,4.01,12.680000000000003,5.36,5.086666666666667,87.01,15.38,4.38,278.25,30.67,0.8992961915530253,0.4373400963303323,41.1068,1.0,6.123233995736766e-17,0.43388373911755823,-0.900968867902419
2025-03-07,7.92,8.09,253.21,2.16,34.17,26.59,89.03,12.99,8.32,Hari Biasa,0,4,0,0,3,7,11.21,9.91,10.6,11.315714285714288,10.932857142857143,7.42,17.210000000000004,5.54,4.93,84.2,11.66,3.89,233.46,31.79,0.9066860720977985,0.4218060770826634,108.0768,1.0,6.123233995736766e-17,-0.433883739117558,-0.9009688679024191
2025-03-08,16.01,16.1,413.33,5.74,29.75,26.36,88.35,3.35,9.61,Hari Biasa,0,5,1,1,3,8,7.92,14.39,9.88,10.932857142857143,11.808571428571428,12.99,24.42,8.32,6.406666666666666,89.03,8.09,2.16,253.21,34.17,0.9138076496466615,0.4061472386305789,32.1935,1.0,6.123233995736766e-17,-0.9749279121818236,-0.2225209339563146
2025-03-09,14.7,14.96,267.25,3.85,33.88,27.03,84.8,0.81,5.65,Hari Biasa,0,6,1,1,3,9,16.01,11.21,12.77,11.808571428571428,12.084285714285715,3.35,23.760000000000005,9.61,7.823333333333333,88.35,16.1,5.74,413.33,29.75,0.9206588168102428,0.3903682146763026,4.5765,1.0,6.123233995736766e-17,-0.7818314824680299,0.6234898018587334
2025-03-10,18.24,18.88,246.54,5.17,29.46,26.84,86.37,11.81,6.62,Hari Biasa,0,0,0,0,3,10,14.7,7.92,10.45,12.084285714285715,13.197142857142856,0.81,17.150000000000002,5.65,7.859999999999999,84.8,14.96,3.85,267.25,33.88,0.9272375462179537,0.374473674486883,78.18220000000001,1.0,6.123233995736766e-17,0.0,1.0
2025-03-11,13.58,14.03,247.08,3.23,36.83,27.02,85.88,5.83,7.09,Hari Biasa,0,1,0,0,3,11,18.24,16.01,9.91,13.197142857142856,13.721428571428572,11.81,15.970000000000004,6.62,7.293333333333333,86.37,18.88,5.17,246.54,29.46,0.9335418911179212,0.35846832151248087,41.3347,1.0,6.123233995736766e-17,0.7818314824680298,0.6234898018587336
2025-03-12,10.61,11.05,205.58,2.98,27.17,26.96,84.56,5.04,8.32,Hari Biasa,0,2,0,0,3,12,13.58,14.7,14.39,13.721428571428572,13.18142857142857,5.83,18.450000000000003,7.09,6.453333333333333,85.88,14.03,3.23,247.08,36.83,0.9395699859530622,0.342356891994542,41.9328,1.0,6.123233995736766e-17,0.9749279121818236,-0.22252093395631434
2025-03-13,12.38,12.51,309.58,4.0,35.0,27.42,84.27,3.84,6.59,Hari Biasa,0,3,0,0,3,13,10.61,18.24,11.21,13.18142857142857,13.348571428571429,5.04,22.680000000000003,8.32,7.343333333333334,84.56,11.05,2.98,205.58,27.17,0.945320046913132,0.3261441535642696,25.3056,1.0,6.123233995736766e-17,0.43388373911755823,-0.900968867902419
2025-03-14,12.58,12.79,347.38,2.87,42.54,27.39,84.36,1.58,3.1,Hari Biasa,0,4,0,0,3,14,12.38,13.58,7.92,13.348571428571429,14.014285714285716,3.84,14.710000000000004,6.59,7.333333333333333,84.27,12.51,4.0,309.58,35.0,0.9507903724625832,0.3098349038318025,4.898000000000001,1.0,6.123233995736766e-17,-0.433883739117558,-0.9009688679024191
2025-03-15,17.09,17.26,325.08,5.7,39.38,27.27,85.3,1.39,3.6,Hari Biasa,0,5,1,1,3,15,12.58,10.61,16.01,14.014285714285716,14.168571428571429,1.58,10.460000000000004,3.1,6.003333333333333,84.36,12.79,2.87,347.38,42.54,0.9559793438440766,0.2934339689665273,5.004,1.0,6.123233995736766e-17,-0.9749279121818236,-0.2225209339563146
2025-03-16,13.53,13.97,233.08,4.58,36.83,26.74,91.22,11.22,4.64,Hari Biasa,0,6,1,1,3,16,17.09,12.38,14.7,14.168571428571429,14.001428571428571,1.39,6.810000000000003,3.6,4.43,85.3,17.26,5.7,325.08,39.38,0.9608854255574977,0.27694620226893646,52.0608,1.0,6.123233995736766e-17,-0.7818314824680299,0.6234898018587334
2025-03-17,16.19,16.65,209.25,4.01,36.08,25.91,89.2,9.33,4.36,Hari Biasa,0,0,0,0,3,17,13.53,12.58,18.24,14.001428571428571,13.70857142857143,11.22,14.190000000000005,4.64,3.7799999999999994,91.22,13.97,4.58,233.08,36.83,0.9655071658143364,0.2603764827344581,40.6788,1.0,6.123233995736766e-17,0.0,1.0
2025-03-18,14.84,15.1,259.5,5.38,28.29,26.85,84.99,3.21,3.82,Hari Biasa,0,1,0,0,3,18,16.19,17.09,13.58,13.70857142857143,13.888571428571428,9.33,21.940000000000005,4.36,4.199999999999999,89.2,16.65,4.01,209.25,36.08,0.969843196967294,0.24372971360968387,12.2622,1.0,6.123233995736766e-17,0.7818314824680298,0.6234898018587336
2025-03-19,12.13,12.44,216.08,3.67,37.83,27.08,85.56,13.78,3.42,Hari Biasa,0,2,0,0,3,19,14.84,13.53,10.61,13.888571428571428,14.105714285714287,3.21,23.76,3.82,4.2733333333333325,84.99,15.1,5.38,259.5,28.29,0.9738922359149924,0.22701082094141847,47.127599999999994,1.0,6.123233995736766e-17,0.9749279121818236,-0.22252093395631434
2025-03-20,17.43,17.68,252.29,5.38,34.62,26.71,88.05,9.59,4.32,Hari Biasa,0,3,0,0,3,20,12.13,16.19,12.38,14.105714285714287,14.827142857142858,13.78,26.32,3.42,3.866666666666666,85.56,12.44,3.67,216.08,37.83,0.9776530844816641,0.2102247521189836,41.4288,1.0,6.123233995736766e-17,0.43388373911755823,-0.900968867902419
2025-03-21,18.56,18.99,382.33,5.6,38.62,26.89,87.57,6.64,5.26,Hari Biasa,0,4,0,0,3,21,17.43,14.84,12.58,14.827142857142858,15.68142857142857,9.59,26.580000000000005,4.32,3.853333333333333,88.05,17.68,5.38,252.29,34.62,0.981124629771712,0.19337647441020586,34.926399999999994,1.0,6.123233995736766e-17,-0.433883739117558,-0.9009688679024191
2025-03-22,12.87,13.16,258.17,3.0,39.29,25.83,91.26,8.81,4.72,Hari Biasa,0,5,1,1,3,22,18.56,12.13,17.09,15.68142857142857,15.078571428571427,6.64,30.01,5.26,4.333333333333332,87.57,18.99,5.6,382.33,38.62,0.984305844499033,0.17647097349152166,41.5832,1.0,6.123233995736766e-17,-0.9749279121818236,-0.2225209339563146
2025-03-23,17.25,17.53,336.08,4.2,39.5,27.31,85.79,1.61,5.18,Hari Biasa,0,6,1,1,3,23,12.87,17.43,13.53,15.078571428571427,15.610000000000001,8.81,25.040000000000003,4.72,4.766666666666666,91.26,13.16,3.0,258.17,39.29,0.9871957872910085,0.15951325197263655,8.3398,1.0,6.123233995736766e-17,-0.7818314824680299,0.6234898018587334
2025-03-24,13.79,13.94,265.58,3.8,43.21,26.9,85.65,5.79,5.87,Hari Biasa,0,0,0,0,3,24,17.25,18.56,16.19,15.610000000000001,15.267142857142858,1.61,17.060000000000002,5.18,5.053333333333332,85.79,17.53,4.2,336.08,39.5,0.9897936029670716,0.14250832791617088,33.9873,1.0,6.123233995736766e-17,0.0,1.0
2025-03-25,9.05,9.2,307.79,2.54,41.79,27.3,83.57,6.65,3.96,Hari Biasa,0,1,0,0,3,25,13.79,12.87,14.84,15.267142857142858,14.44,5.79,16.21,5.87,5.256666666666665,85.65,13.94,3.8,265.58,43.21,0.992098522791769,0.12546123335273648,26.334,1.0,6.123233995736766e-17,0.7818314824680298,0.6234898018587336
2025-03-26,14.44,14.76,319.42,3.96,35.67,27.1,84.77,3.33,3.85,Hari Biasa,0,2,0,0,3,26,9.05,17.25,12.13,14.44,14.769999999999998,6.65,14.050000000000004,3.96,5.003333333333333,83.57,9.2,2.54,307.79,41.79,0.9941098647022418,0.10837701279187609,12.820500000000001,1.0,6.123233995736766e-17,0.9749279121818236,-0.22252093395631434
2025-03-27,13.13,13.51,278.79,3.02,37.75,27.49,86.07,3.13,4.61,Hari Biasa,0,3,0,0,3,27,14.44,13.79,17.43,14.769999999999998,14.155714285714286,3.33,15.770000000000005,3.85,4.56,84.77,14.76,3.96,319.42,35.67,0.9958270335100595,0.09126072172931188,14.429300000000001,1.0,6.123233995736766e-17,0.43388373911755823,-0.900968867902419
2025-03-28,10.47,10.78,319.21,3.08,38.12,27.37,90.32,2.17,6.52,Hari Biasa,0,4,0,0,3,28,13.13,9.05,18.56,14.155714285714286,13.0,3.13,13.110000000000003,4.61,4.14,86.07,13.51,3.02,278.79,37.75,0.9972495210773451,0.07411742515094437,14.148399999999999,1.0,6.123233995736766e-17,-0.433883739117558,-0.9009688679024191
2025-03-29,17.38,17.76,317.04,3.66,37.62,27.22,92.47,19.92,4.97,Hari Biasa,0,5,1,1,3,29,10.47,14.44,12.87,13.0,13.644285714285715,2.17,8.630000000000003,6.52,4.993333333333332,90.32,10.78,3.08,319.21,38.12,0.998376906467142,0.056952196034039754,99.00240000000001,1.0,6.123233995736766e-17,-0.9749279121818236,-0.2225209339563146
2025-03-30,16.12,16.46,357.12,4.62,36.25,26.68,85.36,8.06,4.28,Hari Biasa,0,6,1,1,3,30,17.38,13.13,17.25,13.644285714285715,13.482857142857142,19.92,25.220000000000006,4.97,5.366666666666666,92.47,17.76,3.66,317.04,37.62,0.9992088560679753,0.03977011384605572,34.49680000000001,1.0,6.123233995736766e-17,-0.7818314824680299,0.6234898018587334
2025-03-31,12.19,12.42,303.71,2.3,47.33,27.27,84.59,0.49,4.93,Hari Biasa,0,0,0,0,3,31,16.12,10.47,13.79,13.482857142857142,13.254285714285714,8.06,30.150000000000006,4.28,5.256666666666666,85.36,16.46,4.62,357.12,36.25,0.9997451236925734,0.022576263041545485,2.4156999999999997,1.0,6.123233995736766e-17,0.0,1.0
2025-04-01,15.5,15.78,345.71,3.1,54.62,26.65,88.54,17.07,4.14,Hari Biasa,0,1,0,0,4,1,12.19,17.38,9.05,13.254285714285714,14.175714285714287,0.49,28.470000000000006,4.93,4.726666666666666,84.59,12.42,2.3,303.71,47.33,0.9999855506507186,0.005375731557583884,70.6698,0.8660254037844387,-0.4999999999999998,0.7818314824680298,0.6234898018587336
2025-04-02,16.8,17.05,322.38,4.83,44.04,25.75,89.78,11.32,3.96,Hari Biasa,0,2,0,0,4,2,15.5,16.12,14.44,14.175714285714287,14.512857142857143,17.07,25.620000000000005,4.14,4.449999999999999,88.54,15.78,3.1,345.71,54.62,0.9999300657962057,-0.011826390691832589,44.8272,0.8660254037844387,-0.4999999999999998,0.9749279121818236,-0.22252093395631434
2025-04-03,13.3,13.61,260.17,3.89,45.08,26.57,85.76,9.16,2.92,Hari Biasa,0,3,0,0,4,3,16.8,12.19,13.13,14.512857142857143,14.537142857142856,11.32,28.880000000000003,3.96,4.343333333333333,89.78,17.05,4.83,322.38,44.04,0.9995786855478958,-0.029025013321975237,26.7472,0.8660254037844387,-0.4999999999999998,0.43388373911755823,-0.900968867902419
2025-04-04,13.47,13.7,411.42,2.98,50.75,26.63,87.23,6.19,4.54,Hari Biasa,0,4,0,0,4,4,13.3,15.5,10.47,14.537142857142856,14.965714285714284,9.16,37.550000000000004,2.92,3.6733333333333325,85.76,13.61,3.89,260.17,45.08,0.9989315138848577,-0.046215046983708354,28.102600000000002,0.8660254037844387,-0.4999999999999998,-0.433883739117558,-0.9009688679024191
2025-04-05,14.85,15.07,430.88,3.6,43.88,26.83,88.62,4.4,4.79,Hari Biasa,0,5,1,1,4,5,13.47,16.8,17.38,14.965714285714284,14.604285714285714,6.19,26.670000000000005,4.54,3.806666666666666,87.23,13.7,2.98,411.42,50.75,0.9979887423155984,-0.06339140486951038,21.076,0.8660254037844387,-0.4999999999999998,-0.9749279121818236,-0.2225209339563146
2025-04-06,15.76,15.89,341.54,4.53,39.92,26.16,92.63,8.95,5.58,Hari Biasa,0,6,1,1,4,6,14.85,13.3,16.12,14.604285714285714,14.55285714285714,4.4,19.750000000000004,4.79,4.083333333333333,88.62,15.07,3.6,430.88,43.88,0.9967506498213929,-0.08054900421874167,49.940999999999995,0.8660254037844387,-0.4999999999999998,-0.7818314824680299,0.6234898018587334
2025-04-07,11.53,11.72,344.12,3.78,45.71,26.88,84.54,0.74,4.97,Hari Biasa,0,0,0,0,4,7,15.76,13.47,12.19,14.55285714285714,14.458571428571428,8.95,19.540000000000003,5.58,4.97,92.63,15.89,4.53,341.54,39.92,0.9952176027737294,-0.09768276782171598,3.6778,0.8660254037844387,-0.4999999999999998,0.0,1.0
2025-04-08,14.25,15.31,265.62,5.24,36.21,27.15,85.86,1.13,5.51,Hari Biasa,0,1,0,0,4,8,11.53,14.85,15.5,14.458571428571428,14.28,0.74,14.090000000000002,4.97,5.113333333333332,84.54,11.72,3.78,344.12,45.71,0.9933900548258936,-0.11478762552212701,6.226299999999999,0.8660254037844387,-0.4999999999999998,0.7818314824680298,0.6234898018587336
2025-04-09,7.78,8.32,314.0,2.15,39.33,26.9,87.76,2.89,4.07,Hari Biasa,0,2,0,0,4,9,14.25,15.76,16.8,14.28,12.991428571428571,1.13,10.82,5.51,5.353333333333333,85.86,15.31,5.24,265.62,36.21,0.9912685467787256,-0.13185851571739118,11.762300000000002,0.8660254037844387,-0.4999999999999998,0.9749279121818236,-0.22252093395631434
2025-04-10,10.99,11.1,330.62,4.84,33.08,27.3,84.45,2.18,4.5,Hari Biasa,0,3,0,0,4,10,7.78,11.53,13.3,12.991428571428571,12.661428571428571,2.89,4.760000000000002,4.07,4.849999999999999,87.76,8.32,2.15,314.0,39.33,0.9888537064205885,-0.1488903868564548,9.81,0.8660254037844387,-0.4999999999999998,0.43388373911755823,-0.900968867902419
2025-04-11,10.6,10.69,297.79,4.13,32.42,26.73,87.62,2.73,4.25,Hari Biasa,0,4,0,0,4,11,10.99,14.25,13.47,12.661428571428571,12.251428571428573,2.18,6.200000000000001,4.5,4.6933333333333325,84.45,11.1,4.84,330.62,33.08,0.986146248341595,-0.16587819893463143,11.6025,0.8660254037844387,-0.4999999999999998,-0.433883739117558,-0.9009688679024191
2025-04-12,10.37,10.44,294.88,2.75,43.38,27.36,84.65,0.3,4.72,Hari Biasa,0,5,1,1,4,12,10.6,7.78,14.85,12.251428571428573,11.611428571428572,2.73,7.800000000000002,4.25,4.2733333333333325,87.62,10.69,4.13,297.79,32.42,0.9831469737221499,-0.1828169249850199,1.416,0.8660254037844387,-0.4999999999999998,-0.9749279121818236,-0.2225209339563146
2025-04-13,9.52,9.55,278.54,2.78,46.17,27.41,85.68,3.59,4.21,Hari Biasa,0,6,1,1,4,13,10.37,10.99,15.76,11.611428571428572,10.72,0.3,5.210000000000002,4.72,4.489999999999999,84.65,10.44,2.75,294.88,43.38,0.9798567700958665,-0.1997015525660636,15.1139,0.8660254037844387,-0.4999999999999998,-0.7818314824680299,0.6234898018587334
2025-04-14,7.82,7.89,326.67,2.75,42.0,27.58,86.64,9.81,6.05,Hari Biasa,0,0,0,0,4,14,9.52,10.6,11.53,10.72,10.19,3.59,6.620000000000001,4.21,4.3933333333333335,85.68,9.55,2.78,278.54,46.17,0.9762766110869321,-0.21652708524481437,59.350500000000004,0.8660254037844387,-0.4999999999999998,0.0,1.0
2025-04-15,9.53,9.75,319.5,2.55,50.67,27.75,84.17,5.44,3.85,Hari Biasa,0,1,0,0,4,15,7.82,10.37,14.25,10.19,9.515714285714285,9.81,13.700000000000001,6.05,4.993333333333333,86.64,7.89,2.75,326.67,42.0,0.9724075561219968,-0.23328854407545518,20.944000000000003,0.8660254037844387,-0.4999999999999998,0.7818314824680298,0.6234898018587336
2025-04-16,12.82,13.15,281.54,3.41,39.21,26.63,89.37,4.06,5.04,Hari Biasa,0,2,0,0,4,16,9.53,9.52,7.78,9.515714285714285,10.235714285714286,5.44,18.84,3.85,4.703333333333332,84.17,9.75,2.55,319.5,50.67,0.9682507501166718,-0.2499809690726521,20.4624,0.8660254037844387,-0.4999999999999998,0.9749279121818236,-0.22252093395631434
2025-04-17,7.58,7.81,284.42,2.68,33.21,27.2,82.77,3.49,5.8,Hari Biasa,0,3,0,0,4,17,12.82,7.82,10.99,10.235714285714286,9.748571428571427,4.06,19.310000000000002,5.04,4.9799999999999995,89.37,13.15,3.41,281.54,39.21,0.9638074231367307,-0.26659942067929354,20.242,0.8660254037844387,-0.4999999999999998,0.43388373911755823,-0.900968867902419
2025-04-18,15.05,15.17,373.38,4.89,36.62,26.63,88.45,15.2,4.07,Wafat Isa Almasih,1,4,0,1,4,18,7.58,9.53,10.6,9.748571428571427,10.384285714285713,3.49,12.990000000000002,5.8,4.896666666666666,82.77,7.81,2.68,284.42,33.21,0.9590788900341131,-0.28313898122818354,61.864000000000004,0.8660254037844387,-0.4999999999999998,-0.433883739117558,-0.9009688679024191
2025-04-19,18.31,18.52,307.17,5.34,38.46,27.05,84.51,8.79,5.47,Hari Biasa,0,5,1,1,4,19,15.05,12.82,10.37,10.384285714285713,11.518571428571429,15.2,22.75,4.07,4.97,88.45,15.17,4.89,373.38,36.62,0.9540665500578387,-0.2995947563972602,48.08129999999999,0.8660254037844387,-0.4999999999999998,-0.9749279121818236,-0.2225209339563146
2025-04-20,13.18,13.44,277.25,3.27,43.42,27.88,83.1,0.86,3.82,Paskah,1,6,1,1,4,20,18.31,7.58,9.52,11.518571428571429,12.041428571428572,8.79,27.48,5.47,5.113333333333332,84.51,18.52,5.34,307.17,38.46,0.9487718864399473,-0.31596187665790293,3.2851999999999997,0.8660254037844387,-0.4999999999999998,-0.7818314824680299,0.6234898018587334
2025-04-21,16.55,16.83,335.25,3.97,45.0,27.61,85.93,3.16,2.66,Hari Biasa,0,0,0,0,4,21,13.18,15.05,7.82,12.041428571428572,13.288571428571428,0.86,24.849999999999998,3.82,4.453333333333333,83.1,13.44,3.27,277.25,43.42,0.9431964659565866,-0.33223549871590435,8.405600000000002,0.8660254037844387,-0.4999999999999998,0.0,1.0
2025-04-22,11.08,11.45,376.42,3.77,37.79,26.42,87.87,3.14,3.2,Hari Biasa,0,1,0,0,4,22,16.55,18.31,9.53,13.288571428571428,13.51,3.16,12.809999999999999,2.66,3.983333333333333,85.93,16.83,3.97,335.25,45.0,0.9373419384643772,-0.3484108069446808,10.048000000000002,0.8660254037844387,-0.4999999999999998,0.7818314824680298,0.6234898018587336
2025-04-23,20.99,21.56,492.88,5.94,32.33,26.47,84.94,4.24,3.96,Hari Biasa,0,2,0,0,4,23,11.08,13.18,12.82,13.51,14.677142857142858,3.14,7.16,3.2,3.226666666666666,87.87,11.45,3.77,376.42,37.79,0.9312100364121947,-0.3644830148102912,16.7904,0.8660254037844387,-0.4999999999999998,0.9749279121818236,-0.22252093395631434
2025-04-24,13.64,14.01,324.71,4.2,39.83,26.66,83.9,12.35,3.24,Hari Biasa,0,3,0,0,4,24,20.99,16.55,7.58,14.677142857142858,15.542857142857144,4.24,10.54,3.96,3.273333333333333,84.94,21.56,5.94,492.88,32.33,0.9248025743285089,-0.38044736628785164,40.014,0.8660254037844387,-0.4999999999999998,0.43388373911755823,-0.900968867902419
2025-04-25,13.32,13.81,369.04,4.7,40.58,26.35,89.74,8.48,4.46,Hari Biasa,0,4,0,0,4,25,13.64,11.08,15.05,15.542857142857144,15.295714285714284,12.35,19.73,3.24,3.4666666666666663,83.9,14.01,4.2,324.71,39.83,0.9181214482844364,-0.39629913726891813,37.8208,0.8660254037844387,-0.4999999999999998,-0.433883739117558,-0.9009688679024191
2025-04-26,11.5,12.05,291.96,3.27,43.25,26.35,85.21,2.17,3.64,Hari Biasa,0,5,1,1,4,26,13.32,20.99,18.31,15.295714285714284,14.322857142857144,8.48,25.07,4.46,3.8866666666666663,89.74,13.81,4.7,369.04,40.58,0.9111686353326631,-0.41203363695942635,7.8988,0.8660254037844387,-0.4999999999999998,-0.9749279121818236,-0.2225209339563146
2025-04-27,8.86,9.33,360.83,2.74,38.17,26.58,87.15,2.09,5.58,Hari Biasa,0,6,1,1,4,27,11.5,13.64,13.18,14.322857142857144,13.705714285714285,2.17,23.0,3.64,3.7799999999999994,85.21,12.05,3.27,291.96,43.25,0.9039461929224011,-0.42764620926777464,11.662199999999999,0.8660254037844387,-0.4999999999999998,-0.7818314824680299,0.6234898018587334
2025-04-28,13.77,14.38,374.67,4.35,37.29,26.2,90.31,2.92,6.62,Hari Biasa,0,0,0,0,4,28,8.86,13.32,16.55,13.705714285714285,13.308571428571428,2.09,12.74,5.58,4.56,87.15,9.33,2.74,360.83,38.17,0.8964562582905575,-0.44313223418263453,19.3304,0.8660254037844387,-0.4999999999999998,0.0,1.0
2025-04-29,14.37,15.48,348.54,4.05,39.62,27.12,84.93,0.41,6.37,Hari Biasa,0,1,0,0,4,29,13.77,11.5,11.08,13.308571428571428,13.778571428571428,2.92,7.18,6.62,5.28,90.31,14.38,4.35,374.67,37.29,0.8887010478292915,-0.45848712914008766,2.6117,0.8660254037844387,-0.4999999999999998,0.7818314824680298,0.6234898018587336
2025-04-30,25.05,26.68,461.0,4.59,57.33,27.22,83.98,1.9,5.33,Hari Biasa,0,2,0,0,4,30,14.37,8.86,20.99,13.778571428571428,14.358571428571429,0.41,5.42,6.37,6.19,84.93,15.48,4.05,348.54,39.62,0.8806828564301475,-0.47370635037968,10.126999999999999,0.8660254037844387,-0.4999999999999998,0.9749279121818236,-0.22252093395631434
2025-05-01,16.06,17.4,262.54,4.3,34.96,26.99,87.35,5.72,5.26,Hari Buruh Internasional,1,3,0,1,5,1,25.05,13.77,13.64,14.358571428571429,14.704285714285716,1.9,5.2299999999999995,5.33,6.1066666666666665,83.98,26.68,4.59,461.0,57.33,0.8724040568049612,-0.48878539428899265,30.087199999999996,0.49999999999999994,-0.8660254037844387,0.43388373911755823,-0.900968867902419
2025-05-02,9.2,11.19,235.38,2.45,38.38,27.45,86.96,4.49,4.43,Hari Biasa,0,4,0,0,5,2,16.06,14.37,13.32,14.704285714285716,14.115714285714287,5.72,8.03,5.26,5.653333333333332,87.35,17.4,4.3,262.54,34.96,0.8638670987837349,-0.503719798736334,19.8907,0.49999999999999994,-0.8660254037844387,-0.433883739117558,-0.9009688679024191
2025-05-03,7.3,7.78,246.79,3.83,27.58,26.45,93.2,20.93,6.41,Hari Biasa,0,5,1,1,5,3,9.2,25.05,11.5,14.115714285714287,13.515714285714285,4.49,12.11,4.43,5.006666666666666,86.96,11.19,2.45,235.38,38.38,0.8550745085896932,-0.518505144391157,134.1613,0.49999999999999994,-0.8660254037844387,-0.9749279121818236,-0.2225209339563146
2025-05-04,4.95,5.4,212.67,2.79,31.5,26.85,87.42,3.25,4.5,Hari Biasa,0,6,1,1,5,4,7.3,16.06,8.86,13.515714285714285,12.957142857142856,20.93,31.14,6.41,5.366666666666666,93.2,7.78,3.83,246.79,27.58,0.8460288880917339,-0.533137056031809,14.625,0.49999999999999994,-0.8660254037844387,-0.7818314824680299,0.6234898018587334
2025-05-05,9.17,9.77,288.92,4.28,29.54,26.75,89.97,3.81,4.32,Hari Biasa,0,0,0,0,5,5,4.95,9.2,13.77,12.957142857142856,12.299999999999999,3.25,28.67,4.5,5.113333333333332,87.42,5.4,2.79,212.67,31.5,0.8367329140344921,-0.5476112038402312,16.459200000000003,0.49999999999999994,-0.8660254037844387,0.0,1.0
2025-05-06,7.18,7.7,265.04,3.11,30.67,26.02,93.29,8.83,6.91,Hari Biasa,0,1,0,0,5,6,9.17,7.3,14.37,12.299999999999999,11.272857142857143,3.81,27.99,4.32,5.076666666666666,89.97,9.77,4.28,288.92,29.54,0.8271893372462497,-0.5619233046832195,61.0153,0.49999999999999994,-0.8660254037844387,0.7818314824680298,0.6234898018587336
2025-05-07,10.49,11.29,290.29,3.74,32.08,26.15,88.98,4.13,6.23,Hari Biasa,0,2,0,0,5,7,7.18,4.95,25.05,11.272857142857143,9.192857142857141,8.83,15.89,6.91,5.243333333333333,93.29,7.7,3.11,265.04,30.67,0.8174009818249189,-0.5760691233798758,25.7299,0.49999999999999994,-0.8660254037844387,0.9749279121818236,-0.22252093395631434
2025-05-08,5.27,5.78,288.25,2.29,34.08,26.41,90.8,12.79,5.69,Hari Biasa,0,3,0,0,5,8,10.49,9.17,16.06,9.192857142857141,7.65142857142857,4.13,16.77,6.23,5.82,88.98,11.29,3.74,290.29,32.08,0.8073707443023492,-0.5900444739548627,72.7751,0.49999999999999994,-0.8660254037844387,0.43388373911755823,-0.900968867902419
2025-05-09,8.94,9.44,298.5,4.8,28.21,26.21,89.94,7.59,5.4,Hari Biasa,0,4,0,0,5,9,5.27,7.18,9.2,7.65142857142857,7.614285714285714,12.79,25.75,5.69,6.276666666666666,90.8,5.78,2.29,288.25,34.08,0.7971015927871943,-0.6038452208771035,40.986000000000004,0.49999999999999994,-0.8660254037844387,-0.433883739117558,-0.9009688679024191
2025-05-10,10.48,11.12,315.79,6.12,26.12,26.47,85.42,5.35,3.67,Hari Biasa,0,5,1,1,5,10,8.94,10.49,7.3,7.614285714285714,8.06857142857143,7.59,24.509999999999998,5.4,5.773333333333333,89.94,9.44,4.8,298.5,28.21,0.7865965660866021,-0.6174672802835514,19.6345,0.49999999999999994,-0.8660254037844387,-0.9749279121818236,-0.2225209339563146
2025-05-11,7.26,8.14,217.38,3.17,31.96,26.76,87.02,11.83,5.26,Hari Biasa,0,6,1,1,5,11,10.48,5.27,4.95,8.06857142857143,8.398571428571428,5.35,25.729999999999997,3.67,4.919999999999999,85.42,11.12,6.12,315.79,26.12,0.7758587728069828,-0.6309066211876704,62.2258,0.49999999999999994,-0.8660254037844387,-0.7818314824680299,0.6234898018587334
2025-05-12,10.44,11.42,235.75,4.79,31.38,26.82,90.14,5.24,6.19,Hari Biasa,0,0,0,0,5,12,7.26,8.94,9.17,8.398571428571428,8.58,11.83,24.769999999999996,5.26,4.776666666666666,87.02,8.14,3.17,217.38,31.96,0.7648913904341225,-0.6441592666722685,32.4356,0.49999999999999994,-0.8660254037844387,0.0,1.0
2025-05-13,11.92,13.2,273.38,4.46,33.54,27.38,86.1,1.33,5.65,Hari Biasa,0,1,0,0,5,13,10.44,10.48,7.18,8.58,9.257142857142856,5.24,22.419999999999998,6.19,5.04,90.14,11.42,4.79,235.75,31.38,0.753697664392914,-0.6572212950663319,7.514500000000001,0.49999999999999994,-0.8660254037844387,0.7818314824680298,0.6234898018587336
2025-05-14,7.32,8.25,223.08,2.5,33.75,27.44,87.31,1.81,5.36,Hari Biasa,0,2,0,0,5,14,11.92,7.26,10.49,9.257142857142856,8.804285714285715,1.33,18.4,5.65,5.7,86.1,13.2,4.46,273.38,33.54,0.742280907086982,-0.6700888411055113,9.701600000000001,0.49999999999999994,-0.8660254037844387,0.9749279121818236,-0.22252093395631434
2025-05-15,12.52,13.87,331.5,4.16,30.88,27.2,89.14,13.31,4.68,Hari Biasa,0,3,0,0,5,15,7.32,10.44,5.27,8.804285714285715,9.84,1.81,8.379999999999999,5.36,5.733333333333333,87.31,8.25,2.5,223.08,33.75,0.7306444969184916,-0.6827580970759147,62.2908,0.49999999999999994,-0.8660254037844387,0.43388373911755823,-0.900968867902419
2025-05-16,13.27,14.65,290.42,4.36,32.33,26.57,92.95,15.95,6.91,Hari Biasa,0,4,0,0,5,16,12.52,11.92,8.94,9.84,10.45857142857143,13.31,16.45,4.68,5.2299999999999995,89.14,13.87,4.16,331.5,30.88,0.7187918772884232,-0.6952253139408722,110.2145,0.49999999999999994,-0.8660254037844387,-0.433883739117558,-0.9009688679024191
2025-05-17,15.75,17.32,224.83,4.89,36.08,27.44,84.99,0.39,5.4,Hari Biasa,0,5,1,1,5,17,13.27,7.32,10.48,10.45857142857143,11.21142857142857,15.95,31.07,6.91,5.6499999999999995,92.95,14.65,4.36,290.42,32.33,0.7067265555776158,-0.7074868024503348,2.1060000000000003,0.49999999999999994,-0.8660254037844387,-0.9749279121818236,-0.2225209339563146
2025-05-18,18.23,19.72,261.33,5.7,36.42,26.91,87.64,1.04,7.31,Hari Biasa,0,6,1,1,5,18,15.75,12.52,7.26,11.21142857142857,12.778571428571428,0.39,29.65,5.4,5.663333333333333,84.99,17.32,4.89,224.83,36.08,0.6944521021088763,-0.719538934232584,7.6024,0.49999999999999994,-0.8660254037844387,-0.7818314824680299,0.6234898018587334
2025-05-19,12.59,13.63,251.12,4.8,37.42,26.26,90.84,4.21,5.83,Hari Biasa,0,0,0,0,5,19,18.23,13.27,10.44,12.778571428571428,13.085714285714285,1.04,17.38,7.31,6.539999999999999,87.64,19.72,5.7,261.33,36.42,0.6819721490904629,-0.7313781428679254,24.5443,0.49999999999999994,-0.8660254037844387,0.0,1.0
2025-05-20,15.4,17.33,279.12,4.66,36.17,26.12,93.89,5.6,6.01,Hari Biasa,0,1,0,0,5,20,12.59,15.75,11.92,13.085714285714285,13.582857142857145,4.21,5.639999999999999,5.83,6.18,90.84,13.63,4.8,251.12,37.42,0.6692903895412567,-0.7430009249440493,33.656,0.49999999999999994,-0.8660254037844387,0.7818314824680298,0.6234898018587336
2025-05-21,9.69,11.0,313.38,3.13,37.29,26.49,91.34,4.46,3.67,Hari Biasa,0,2,0,0,5,21,15.4,18.23,7.32,13.582857142857145,13.921428571428573,5.6,10.849999999999998,6.01,6.383333333333333,93.89,17.33,4.66,279.12,36.17,0.6564105761979381,-0.7544038410927472,16.368199999999998,0.49999999999999994,-0.8660254037844387,0.9749279121818236,-0.22252093395631434
2025-05-22,10.0,10.57,357.17,3.83,29.88,26.62,87.7,1.38,4.0,Hari Biasa,0,3,0,0,5,22,9.69,12.59,12.52,13.921428571428573,13.561428571428573,4.46,14.269999999999998,3.67,5.169999999999999,91.34,11.0,3.13,313.38,37.29,0.6433365204044917,-0.765583517007675,5.52,0.49999999999999994,-0.8660254037844387,0.43388373911755823,-0.900968867902419
2025-05-23,8.47,9.33,212.92,3.91,30.25,27.14,86.96,0.86,5.58,Hari Biasa,0,4,0,0,5,23,10.0,15.4,13.27,13.561428571428573,12.875714285714285,1.38,11.439999999999998,4.0,4.56,87.7,10.57,3.83,357.17,29.88,0.6300720909843687,-0.7765366444428655,4.7988,0.49999999999999994,-0.8660254037844387,-0.433883739117558,-0.9009688679024191
2025-05-24,8.22,9.09,301.12,3.87,30.38,25.87,89.48,10.77,3.96,Hari Biasa,0,5,1,1,5,24,8.47,9.69,15.75,12.875714285714285,11.799999999999999,0.86,6.699999999999999,5.58,4.416666666666666,86.96,9.33,3.91,212.92,30.25,0.6166212130956382,-0.7872599821916922,42.6492,0.49999999999999994,-0.8660254037844387,-0.9749279121818236,-0.2225209339563146
2025-05-25,8.44,9.04,241.21,4.08,30.33,25.73,85.96,4.42,3.74,Hari Biasa,0,6,1,1,5,25,8.22,10.0,18.23,11.799999999999999,10.401428571428571,10.77,13.009999999999998,3.96,4.513333333333333,89.48,9.09,3.87,301.12,30.38,0.6029878670694714,-0.7977503570459932,16.5308,0.49999999999999994,-0.8660254037844387,-0.7818314824680299,0.6234898018587334
2025-05-26,9.21,10.16,236.92,4.18,30.04,27.01,84.11,0.23,5.08,Hari Biasa,0,0,0,0,5,26,8.44,8.47,12.59,10.401428571428571,9.918571428571429,4.42,16.049999999999997,3.74,4.426666666666666,85.96,9.04,4.08,241.21,30.33,0.5891760872322963,-0.8080046647350754,1.1684,0.49999999999999994,-0.8660254037844387,0.0,1.0
2025-05-27,9.76,10.5,236.38,4.1,29.08,27.15,87.79,1.75,4.0,Hari Biasa,0,1,0,0,5,27,9.21,8.22,15.4,9.918571428571429,9.112857142857143,0.23,15.419999999999998,5.08,4.259999999999999,84.11,10.16,4.18,236.92,30.04,0.5751899607119775,-0.8180198708443174,7.0,0.49999999999999994,-0.8660254037844387,0.7818314824680298,0.6234898018587336
2025-05-28,8.36,8.6,311.25,3.59,32.04,26.82,90.65,2.17,4.86,Hari Biasa,0,2,0,0,5,28,9.76,8.44,9.69,9.112857142857143,8.922857142857143,1.75,6.399999999999999,4.0,4.2733333333333325,87.79,10.5,4.1,236.38,29.08,0.5610336262283677,-0.8277930117131022,10.5462,0.49999999999999994,-0.8660254037844387,0.9749279121818236,-0.22252093395631434
2025-05-29,9.44,10.05,245.46,3.45,31.12,27.24,86.28,1.27,4.36,Kenaikan Isa Almasih,1,3,0,1,5,29,8.36,9.21,10.0,8.922857142857143,8.842857142857143,2.17,4.149999999999999,4.86,4.6466666666666665,90.65,8.6,3.59,311.25,32.04,0.5467112728685939,-0.8373211953118121,5.5372,0.49999999999999994,-0.8660254037844387,0.43388373911755823,-0.900968867902419
2025-05-30,10.57,11.33,230.5,4.48,25.75,27.06,88.27,10.89,4.32,Hari Biasa,0,4,0,0,5,30,9.44,9.76,8.47,8.842857142857143,9.142857142857142,1.27,5.189999999999998,4.36,4.406666666666666,86.28,10.05,3.45,245.46,31.12,0.5322271388474397,-0.8466016020976267,47.0448,0.49999999999999994,-0.8660254037844387,-0.433883739117558,-0.9009688679024191
2025-05-31,7.99,8.72,209.96,3.59,27.38,26.11,91.4,16.13,5.9,Hari Biasa,0,5,1,1,5,31,10.57,8.36,8.22,9.142857142857142,9.11,10.89,14.329999999999998,4.32,4.513333333333333,88.27,11.33,4.48,230.5,25.75,0.5175855102531889,-0.8556314858488706,95.167,0.49999999999999994,-0.8660254037844387,-0.9749279121818236,-0.2225209339563146
2025-06-01,5.03,5.19,212.5,2.91,30.58,25.86,90.12,14.28,4.54,Hari Lahir Pancasila,1,6,1,1,6,1,7.99,9.44,8.44,9.11,8.622857142857143,16.13,28.29,5.9,4.859999999999999,91.4,8.72,3.59,209.96,27.38,0.5027907197793043,-0.8644081744776648,64.8312,1.2246467991473532e-16,-1.0,-0.7818314824680299,0.6234898018587334
2025-06-02,6.37,6.69,251.46,3.33,28.33,25.46,90.61,22.02,7.13,Hari Biasa,0,0,0,0,6,2,5.03,10.57,9.21,8.622857142857143,8.217142857142857,14.28,41.3,4.54,4.92,90.12,5.19,2.91,212.5,30.58,0.4878471454423119,-0.8729290708206411,157.0026,1.2246467991473532e-16,-1.0,0.0,1.0
2025-06-03,8.91,9.01,361.38,4.33,30.54,25.05,93.72,25.06,5.69,Hari Biasa,0,1,0,0,6,3,6.37,7.99,9.76,8.217142857142857,8.095714285714285,22.02,52.42999999999999,7.13,5.856666666666666,90.61,6.69,3.33,251.46,28.33,0.47275920928627757,-0.881191653407483,142.5914,1.2246467991473532e-16,-1.0,0.7818314824680298,0.6234898018587336
2025-06-04,14.78,15.1,389.12,4.24,37.04,26.04,87.05,2.4,4.07,Hari Biasa,0,2,0,0,6,4,8.91,5.03,8.36,8.095714285714285,9.012857142857143,25.06,61.36,5.69,5.786666666666666,93.72,9.01,4.33,361.38,30.54,0.4575313760742512,-0.8891934772070711,9.768,1.2246467991473532e-16,-1.0,0.9749279121818236,-0.22252093395631434
2025-06-05,18.3,18.66,326.38,5.87,42.79,26.44,87.32,1.79,6.01,Hari Biasa,0,3,0,0,6,5,14.78,6.37,9.44,9.012857142857143,10.278571428571428,2.4,49.48,4.07,5.63,87.05,15.1,4.24,389.12,37.04,0.44216815196707204,-0.8969321743510065,10.7579,1.2246467991473532e-16,-1.0,0.43388373911755823,-0.900968867902419
2025-06-06,7.31,8.25,226.29,2.9,36.46,26.68,86.88,1.21,5.54,Hari Biasa,0,4,0,0,6,6,18.3,8.91,10.57,10.278571428571428,9.812857142857142,1.79,29.249999999999993,6.01,5.256666666666667,87.32,18.66,5.87,326.38,42.79,0.42667408318992467,-0.9044054548343001,6.7034,1.2246467991473532e-16,-1.0,-0.433883739117558,-0.9009688679024191
2025-06-07,8.52,9.6,229.42,4.46,27.96,26.65,88.94,4.05,6.95,Hari Biasa,0,5,1,1,6,7,7.31,14.78,7.99,9.812857142857142,9.888571428571428,1.21,5.399999999999993,5.54,5.206666666666666,86.88,8.25,2.9,226.29,36.46,0.4110537546870351,-0.9116111071930239,28.1475,1.2246467991473532e-16,-1.0,-0.9749279121818236,-0.2225209339563146
2025-06-08,9.31,10.99,228.58,2.65,44.83,26.27,86.08,0.69,7.63,Hari Biasa,0,6,1,1,6,8,8.52,18.3,5.03,9.888571428571428,10.5,4.05,7.049999999999992,6.95,6.166666666666667,88.94,9.6,4.46,229.42,27.96,0.3953117887649151,-0.9185469991587165,5.2646999999999995,1.2246467991473532e-16,-1.0,-0.7818314824680299,0.6234898018587334
2025-06-09,6.65,8.11,269.79,2.22,44.92,25.99,88.24,38.24,5.18,Hari Biasa,0,0,0,0,6,9,9.31,7.31,6.37,10.5,10.540000000000001,0.69,5.949999999999992,7.63,6.706666666666666,86.08,10.99,2.65,228.58,44.83,0.37945284372454435,-0.925211078289358,198.0832,1.2246467991473532e-16,-1.0,0.0,1.0
2025-06-10,8.86,9.6,241.5,4.31,35.83,25.97,92.07,32.05,6.05,Hari Biasa,0,1,0,0,6,10,6.65,8.52,8.91,10.540000000000001,10.532857142857143,38.24,42.98,5.18,6.586666666666666,88.24,8.11,2.22,269.79,44.92,0.36348161248290634,-0.9316013725767187,193.90249999999997,1.2246467991473532e-16,-1.0,0.7818314824680298,0.6234898018587336
2025-06-11,11.6,12.42,189.62,5.19,34.54,26.35,94.76,29.03,5.83,Hari Biasa,0,2,0,0,6,11,8.86,9.31,14.78,10.532857142857143,10.078571428571427,32.05,70.97999999999999,6.05,6.286666666666666,92.07,9.6,4.31,241.5,35.83,0.3474028211842774,-0.9377159910299093,169.2449,1.2246467991473532e-16,-1.0,0.9749279121818236,-0.22252093395631434
2025-06-12,5.05,5.62,165.71,2.0,36.79,26.66,94.79,14.23,6.84,Hari Biasa,0,3,0,0,6,12,11.6,6.65,18.3,10.078571428571427,8.185714285714287,29.03,99.32,5.83,5.6866666666666665,94.76,12.42,5.19,189.62,34.54,0.3312212278016865,-0.9435531242349544,97.3332,1.2246467991473532e-16,-1.0,0.43388373911755823,-0.900968867902419
2025-06-13,8.2,9.16,226.79,3.72,33.12,26.56,90.8,6.54,5.83,Hari Biasa,0,4,0,0,6,13,5.05,8.86,7.31,8.185714285714287,8.312857142857142,14.23,75.30999999999999,6.84,6.239999999999999,94.79,5.62,2.0,165.71,36.79,0.31494162072895193,-0.9491110448902284,38.1282,1.2246467991473532e-16,-1.0,-0.433883739117558,-0.9009688679024191
2025-06-14,11.16,12.22,214.08,4.68,29.38,25.7,93.0,4.32,5.26,Hari Biasa,0,5,1,1,6,14,8.2,11.6,8.52,8.312857142857142,8.69,6.54,49.8,5.83,6.166666666666667,90.8,9.16,3.72,226.79,33.12,0.2985688173637202,-0.9543881083175908,22.723200000000002,1.2246467991473532e-16,-1.0,-0.9749279121818236,-0.2225209339563146
2025-06-15,12.11,14.44,232.08,3.6,42.46,26.15,87.64,0.14,6.16,Hari Biasa,0,6,1,1,6,15,11.16,5.05,9.31,8.69,9.09,4.32,25.089999999999993,5.26,5.976666666666667,93.0,12.22,4.68,214.08,29.38,0.2821076626819194,-0.9593827529490743,0.8624,1.2246467991473532e-16,-1.0,-0.7818314824680299,0.6234898018587334
2025-06-16,11.88,14.11,228.04,3.37,42.25,26.24,84.85,0.29,6.95,Hari Biasa,0,0,0,0,6,16,12.11,8.2,6.65,9.09,9.837142857142856,0.14,10.999999999999993,6.16,5.75,87.64,14.44,3.6,232.08,42.46,0.26556302780405594,-0.9640935007889755,2.0155,1.2246467991473532e-16,-1.0,0.0,1.0
2025-06-17,13.16,15.35,206.83,2.58,49.38,26.31,86.14,0.3,7.13,Hari Biasa,0,1,0,0,6,17,11.88,11.16,8.86,9.837142857142856,10.45142857142857,0.29,4.749999999999993,6.95,6.123333333333332,84.85,14.11,3.37,228.04,42.25,0.24893980855376657,-0.9685189578512204,2.139,1.2246467991473532e-16,-1.0,0.7818314824680298,0.6234898018587336
2025-06-18,13.34,14.8,359.25,4.45,37.58,26.19,87.47,1.65,5.62,Hari Biasa,0,2,0,0,6,18,13.16,12.11,11.6,10.45142857142857,10.700000000000001,0.3,0.7299999999999929,7.13,6.746666666666666,86.14,15.35,2.58,206.83,49.38,0.23224292400907015,-0.9726578145718654,9.273,1.2246467991473532e-16,-1.0,0.9749279121818236,-0.22252093395631434
2025-06-19,11.09,12.33,245.17,4.26,33.17,25.42,93.94,9.99,4.97,Hari Biasa,0,3,0,0,6,19,13.34,11.88,5.05,10.700000000000001,11.562857142857142,1.65,2.2399999999999927,5.62,6.566666666666666,87.47,14.8,4.45,359.25,37.58,0.21547731504673012,-0.976508846196619,49.6503,1.2246467991473532e-16,-1.0,0.43388373911755823,-0.900968867902419
2025-06-20,12.25,13.19,205.33,4.88,28.17,25.49,90.82,8.89,4.32,Hari Biasa,0,4,0,0,6,20,11.09,13.16,8.2,11.562857142857142,12.141428571428571,9.99,11.939999999999992,4.97,5.906666666666666,93.94,12.33,4.26,245.17,33.17,0.19864794288017112,-0.9800709131432666,38.4048,1.2246467991473532e-16,-1.0,-0.433883739117558,-0.9009688679024191
2025-06-21,13.28,15.14,278.96,4.85,39.92,25.53,89.74,3.21,4.72,Hari Biasa,0,5,1,1,6,21,12.25,13.34,11.16,12.141428571428571,12.444285714285714,8.89,20.529999999999994,4.32,4.97,90.82,13.19,4.88,205.33,28.17,0.18175978759137534,-0.9833429613388902,15.1512,1.2246467991473532e-16,-1.0,-0.9749279121818236,-0.2225209339563146
2025-06-22,13.27,14.47,349.75,4.51,35.79,24.75,89.75,6.48,5.15,Hari Biasa,0,6,1,1,6,22,13.28,11.09,12.11,12.444285714285714,12.610000000000001,3.21,22.089999999999993,4.72,4.669999999999999,89.74,15.14,4.85,278.96,39.92,0.16481784665719793,-0.9863240225317866,33.37200000000001,1.2246467991473532e-16,-1.0,-0.7818314824680299,0.6234898018587334
2025-06-23,10.33,10.87,265.75,5.93,29.04,25.16,93.56,52.18,7.16,Hari Biasa,0,0,0,0,6,23,13.27,12.25,11.88,12.610000000000001,12.388571428571428,6.48,18.579999999999995,5.15,4.7299999999999995,89.75,14.47,4.51,349.75,35.79,0.14782713347053048,-0.9890132145779883,373.60880000000003,1.2246467991473532e-16,-1.0,0.0,1.0
2025-06-24,12.08,13.63,400.5,4.98,33.75,25.26,93.42,8.51,5.76,Hari Biasa,0,1,0,0,6,24,10.33,13.28,13.16,12.388571428571428,12.234285714285715,52.18,61.86999999999999,7.16,5.676666666666666,93.56,10.87,5.93,265.75,29.04,0.13079267585675922,-0.9914097417023038,49.017599999999995,1.2246467991473532e-16,-1.0,0.7818314824680298,0.6234898018587336
2025-06-25,7.39,8.65,285.5,2.88,34.67,25.74,91.17,2.63,5.11,Hari Biasa,0,2,0,0,6,25,12.08,13.27,13.34,12.234285714285715,11.384285714285713,8.51,67.17,5.76,6.023333333333333,93.42,13.63,4.98,400.5,33.75,0.11371951458594969,-0.9935128947338007,13.439300000000001,1.2246467991473532e-16,-1.0,0.9749279121818236,-0.22252093395631434
2025-06-26,7.64,8.61,229.62,3.28,31.42,25.74,94.59,8.69,7.2,Hari Biasa,0,3,0,0,6,26,7.39,10.33,11.09,11.384285714285713,10.891428571428573,2.63,63.32,5.11,6.009999999999999,91.17,8.65,2.88,285.5,34.67,0.0966127018812031,-0.9953220513156602,62.568,1.2246467991473532e-16,-1.0,0.43388373911755823,-0.900968867902419
2025-06-27,5.85,6.45,265.21,3.49,31.29,25.71,92.94,5.62,5.9,Hari Biasa,0,4,0,0,6,27,7.64,12.08,12.25,10.891428571428573,9.977142857142857,8.69,19.83,7.2,6.0233333333333325,94.59,8.61,3.28,229.62,31.42,0.07947729992362097,-0.9968366760893436,33.158,1.2246467991473532e-16,-1.0,-0.433883739117558,-0.9009688679024191
2025-06-28,8.94,10.24,178.83,3.38,41.29,25.36,94.12,7.6,6.7,Hari Biasa,0,5,1,1,6,28,5.85,7.39,13.28,9.977142857142857,9.357142857142858,5.62,16.939999999999998,5.9,6.07,92.94,6.45,3.49,265.21,31.29,0.062318379354325076,-0.998056320853012,50.92,1.2246467991473532e-16,-1.0,-0.9749279121818236,-0.2225209339563146
2025-06-29,15.06,16.6,315.04,4.62,37.71,25.53,91.49,5.7,6.48,Hari Biasa,0,6,1,1,6,29,8.94,7.64,13.27,9.357142857142858,9.612857142857141,7.6,21.91,6.7,6.599999999999999,94.12,10.24,3.38,178.83,41.29,0.04514101777397193,-0.9989806246941579,36.93600000000001,1.2246467991473532e-16,-1.0,-0.7818314824680299,0.6234898018587334
2025-06-30,14.0,14.92,333.0,5.44,32.12,25.19,95.46,12.85,6.77,Hari Biasa,0,0,0,0,6,30,15.06,5.85,10.33,9.612857142857141,10.137142857142859,5.7,18.919999999999998,6.48,6.359999999999999,91.49,16.6,4.62,315.04,37.71,0.02795029824021032,-0.999609314096404,86.99449999999999,1.2246467991473532e-16,-1.0,0.0,1.0
2025-07-01,11.49,12.61,393.04,5.06,34.83,25.35,93.72,9.2,6.3,Hari Biasa,0,1,0,0,7,1,14.0,8.94,12.08,10.137142857142859,10.052857142857144,12.85,26.15,6.77,6.649999999999999,95.46,14.92,5.44,333.0,32.12,0.01075130776352193,-0.9999422030204416,57.959999999999994,-0.4999999999999997,-0.8660254037844388,0.7818314824680298,0.6234898018587336
2025-07-02,9.72,10.5,243.21,5.91,32.75,24.82,93.69,6.63,5.0,Hari Biasa,0,2,0,0,7,2,11.49,15.06,7.39,10.052857142857144,10.385714285714286,9.2,27.75,6.3,6.516666666666666,93.72,12.61,5.06,393.04,34.83,-0.00645086419810515,-0.9999791929590823,33.15,-0.4999999999999997,-0.8660254037844388,0.9749279121818236,-0.22252093395631434
2025-07-03,9.5,10.59,244.88,5.6,35.04,25.36,90.31,8.7,3.53,Hari Biasa,0,3,0,0,7,3,9.72,14.0,7.64,10.385714285714286,10.651428571428571,6.63,28.679999999999996,5.0,6.0233333333333325,93.69,10.5,5.91,243.21,32.75,-0.023651127245231586,-0.9997202729664083,30.710999999999995,-0.4999999999999997,-0.8660254037844388,0.43388373911755823,-0.900968867902419
2025-07-04,7.11,8.1,217.29,3.47,35.12,26.05,91.8,31.25,6.16,Hari Biasa,0,4,0,0,7,4,9.5,11.49,5.85,10.651428571428571,10.831428571428573,8.7,24.529999999999998,3.53,4.9433333333333325,90.31,10.59,5.6,244.88,35.04,-0.04084439154329611,-0.9991655196610109,192.5,-0.4999999999999997,-0.8660254037844388,-0.433883739117558,-0.9009688679024191
2025-07-05,11.61,13.18,262.92,5.0,34.04,25.94,93.53,17.99,7.45,Hari Biasa,0,5,1,1,7,5,7.11,9.72,8.94,10.831428571428573,11.212857142857143,31.25,46.58,6.16,4.896666666666666,91.8,8.1,3.47,217.29,35.12,-0.05802556932878035,-0.9983150972033183,134.0255,-0.4999999999999997,-0.8660254037844388,-0.9749279121818236,-0.2225209339563146
2025-07-06,14.09,15.93,205.46,5.5,32.33,25.88,88.35,1.43,7.45,Hari Biasa,0,6,1,1,7,6,11.61,9.5,15.06,11.212857142857143,11.074285714285713,17.99,57.94,7.45,5.713333333333332,93.53,13.18,5.0,262.92,34.04,-0.07518957641475855,-0.9971692572470178,10.6535,-0.4999999999999997,-0.8660254037844388,-0.7818314824680299,0.6234898018587334
2025-07-07,14.04,16.6,235.54,4.43,38.46,25.33,87.45,4.02,4.1,Hari Biasa,0,0,0,0,7,7,14.09,7.11,14.0,11.074285714285713,11.08,1.43,50.67,7.45,7.02,88.35,15.93,5.5,205.46,32.33,-0.09233133369539122,-0.9957283388645872,16.481999999999996,-0.4999999999999997,-0.8660254037844388,0.0,1.0
2025-07-08,11.53,12.83,282.08,3.77,37.17,25.03,90.43,0.85,6.08,Hari Biasa,0,1,0,0,7,8,14.04,11.61,11.49,11.08,11.085714285714287,4.02,23.439999999999998,4.1,6.333333333333333,87.45,16.6,4.43,235.54,38.46,-0.10944576864891556,-0.993992768446958,5.168,-0.4999999999999997,-0.8660254037844388,0.7818314824680298,0.6234898018587336
2025-07-09,18.57,20.05,371.0,8.54,36.33,24.84,91.78,2.29,5.44,Hari Biasa,0,2,0,0,7,9,11.53,14.09,9.72,11.085714285714287,12.349999999999998,0.85,6.299999999999999,6.08,5.876666666666666,90.43,12.83,3.77,282.08,37.17,-0.12652781683868314,-0.9919630595773397,12.457600000000001,-0.4999999999999997,-0.8660254037844388,0.9749279121818236,-0.22252093395631434
2025-07-10,8.25,9.16,250.75,3.18,37.38,25.5,90.23,3.33,5.51,Hari Biasa,0,3,0,0,7,10,18.57,14.04,9.5,12.349999999999998,12.171428571428569,2.29,7.16,5.44,5.206666666666666,91.78,20.05,8.54,371.0,36.33,-0.1435724234118113,-0.9896398128792412,18.3483,-0.4999999999999997,-0.8660254037844388,0.43388373911755823,-0.900968867902419
2025-07-11,9.7,11.82,232.83,2.66,40.83,25.43,90.8,4.99,6.01,Hari Biasa,0,4,0,0,7,11,8.25,11.53,7.11,12.171428571428569,12.54142857142857,3.33,6.470000000000001,5.51,5.676666666666666,90.23,9.16,3.18,250.75,37.38,-0.16057454459499376,-0.9870237158387383,29.9899,-0.4999999999999997,-0.8660254037844388,-0.433883739117558,-0.9009688679024191
2025-07-12,15.8,18.35,250.88,6.39,30.0,25.87,87.98,0.66,6.08,Hari Biasa,0,5,1,1,7,12,9.7,18.57,11.61,12.54142857142857,13.14,4.99,10.610000000000001,6.01,5.653333333333332,90.8,11.82,2.66,232.83,40.83,-0.17752914918703497,-0.984115542601034,4.0128,-0.4999999999999997,-0.8660254037844388,-0.9749279121818236,-0.2225209339563146
2025-07-13,9.71,10.73,377.0,5.67,28.88,25.51,91.69,4.44,5.22,Hari Biasa,0,6,1,1,7,13,15.8,8.25,14.09,13.14,12.514285714285714,0.66,8.98,6.08,5.866666666666666,87.98,18.35,6.39,250.88,30.0,-0.19443122004766195,-0.9809161537413774,23.1768,-0.4999999999999997,-0.8660254037844388,-0.7818314824680299,0.6234898018587334
2025-07-14,8.47,9.83,214.96,4.4,32.08,25.95,93.25,4.66,6.44,Hari Biasa,0,0,0,0,7,14,9.71,9.7,14.04,12.514285714285714,11.718571428571428,4.44,10.09,5.22,5.77,91.69,10.73,5.67,377.0,28.88,-0.2112757555821793,-0.9774264960104055,30.010400000000004,-0.4999999999999997,-0.8660254037844388,0.0,1.0
2025-07-15,13.1,15.37,325.75,4.81,33.33,25.81,88.46,1.44,6.77,Hari Biasa,0,1,0,0,7,15,8.47,15.8,11.53,11.718571428571428,11.942857142857141,4.66,9.760000000000002,6.44,5.913333333333333,93.25,9.83,4.4,214.96,32.08,-0.2280577712215198,-0.9736476020539838,9.7488,-0.4999999999999997,-0.8660254037844388,0.7818314824680298,0.6234898018587336
2025-07-16,11.89,13.95,230.71,3.46,48.46,25.01,85.69,1.15,7.56,Hari Biasa,0,2,0,0,7,16,13.1,9.71,18.57,11.942857142857141,10.98857142857143,1.44,10.540000000000001,6.77,6.1433333333333335,88.46,15.37,4.81,325.75,33.33,-0.24477230089725957,-0.9695805901076308,8.693999999999999,-0.4999999999999997,-0.8660254037844388,0.9749279121818236,-0.22252093395631434
2025-07-17,15.57,17.47,273.33,4.77,51.71,24.48,83.57,0.53,6.55,Hari Biasa,0,3,0,0,7,17,11.89,8.47,8.25,10.98857142857143,12.034285714285716,1.15,7.25,7.56,6.923333333333332,85.69,13.95,3.46,230.71,48.46,-0.2614143985111562,-0.965226663665613,3.4715000000000003,-0.4999999999999997,-0.8660254037844388,0.43388373911755823,-0.900968867902419
2025-07-18,13.07,14.47,323.79,4.62,49.75,24.58,81.51,0.06,7.24,Hari Biasa,0,4,0,0,7,18,15.57,13.1,9.7,12.034285714285716,12.515714285714285,0.53,3.12,6.55,6.959999999999998,83.57,17.47,4.77,273.33,51.71,-0.2779791393987801,-0.9605871111248129,0.4344,-0.4999999999999997,-0.8660254037844388,-0.433883739117558,-0.9009688679024191
2025-07-19,16.79,18.22,327.08,5.28,54.08,24.61,83.22,0.05,7.24,Hari Biasa,0,5,1,1,7,19,13.07,11.89,15.8,12.515714285714285,12.657142857142857,0.06,1.74,7.24,7.116666666666666,81.51,14.47,4.62,323.79,49.75,-0.2944616217868012,-0.9556633054034704,0.36200000000000004,-0.4999999999999997,-0.8660254037844388,-0.9749279121818236,-0.2225209339563146
2025-07-20,12.43,14.0,304.33,4.65,41.21,25.25,87.04,0.72,6.41,Hari Biasa,0,6,1,1,7,20,16.79,15.57,9.71,12.657142857142857,13.045714285714284,0.05,0.64,7.24,7.009999999999999,83.22,18.22,5.28,327.08,54.08,-0.3108569682435036,-0.9504567035349151,4.6152,-0.4999999999999997,-0.8660254037844388,-0.7818314824680299,0.6234898018587334
2025-07-21,9.65,11.25,232.96,4.0,37.92,25.95,88.29,1.93,5.69,Hari Biasa,0,0,0,0,7,21,12.43,13.07,8.47,13.045714285714284,13.214285714285714,0.72,0.83,6.41,6.963333333333332,87.04,14.0,4.65,304.33,41.21,-0.3271603271220951,-0.9449688462364056,10.9817,-0.4999999999999997,-0.8660254037844388,0.0,1.0
2025-07-22,15.25,17.21,291.33,6.91,33.67,26.16,87.54,0.86,6.95,Hari Biasa,0,1,0,0,7,22,9.65,16.79,13.1,13.214285714285714,13.521428571428572,1.93,2.7,5.69,6.446666666666666,88.29,11.25,4.0,232.96,37.92,-0.34336687399638804,-0.939201357453208,5.977,-0.4999999999999997,-0.8660254037844388,0.7818314824680298,0.6234898018587336
2025-07-23,12.17,14.43,242.29,4.85,32.92,26.04,86.85,0.11,6.59,Hari Biasa,0,2,0,0,7,23,15.25,12.43,11.89,13.521428571428572,13.561428571428573,0.86,3.51,6.95,6.349999999999999,87.54,17.21,6.91,291.33,33.67,-0.3594718130884232,-0.9331559438780432,0.7249,-0.4999999999999997,-0.8660254037844388,0.9749279121818236,-0.22252093395631434
2025-07-24,10.81,12.93,264.0,3.89,33.71,26.52,86.35,0.51,5.87,Hari Biasa,0,3,0,0,7,24,12.17,9.65,15.57,13.561428571428573,12.881428571428572,0.11,2.9,6.59,6.409999999999999,86.85,14.43,4.85,242.29,32.92,-0.3754703786876202,-0.9268343944460494,2.9937,-0.4999999999999997,-0.8660254037844388,0.43388373911755823,-0.900968867902419
2025-07-25,10.3,11.69,282.38,4.8,28.46,26.55,86.58,0.2,6.16,Hari Biasa,0,4,0,0,7,25,10.81,15.25,13.07,12.881428571428572,12.485714285714286,0.51,1.48,5.87,6.469999999999999,86.35,12.93,3.89,264.0,33.71,-0.3913578365610259,-0.9202385798054075,1.2320000000000002,-0.4999999999999997,-0.8660254037844388,-0.433883739117558,-0.9009688679024191
2025-07-26,13.47,15.08,320.17,5.66,26.83,26.26,88.2,0.14,5.87,Hari Biasa,0,5,1,1,7,26,10.3,12.17,16.79,12.485714285714286,12.011428571428572,0.2,0.8200000000000001,6.16,6.206666666666666,86.58,11.69,4.8,282.38,28.46,-0.4071294853542516,-0.9133704517637858,0.8218000000000001,-0.4999999999999997,-0.8660254037844388,-0.9749279121818236,-0.2225209339563146
2025-07-27,12.95,14.96,417.46,5.5,27.08,25.86,89.36,0.83,4.36,Hari Biasa,0,6,1,1,7,27,13.47,10.81,12.43,12.011428571428572,12.085714285714285,0.14,0.8500000000000001,5.87,5.966666666666666,88.2,15.08,5.66,320.17,26.83,-0.4227806579826773,-0.9062320427107697,3.6188000000000002,-0.4999999999999997,-0.8660254037844388,-0.7818314824680299,0.6234898018587334
2025-07-28,9.48,10.8,354.58,4.71,27.96,26.24,87.55,0.31,5.4,Hari Biasa,0,0,0,0,7,28,12.95,10.3,9.65,12.085714285714285,12.06142857142857,0.83,1.17,4.36,5.463333333333334,89.36,14.96,5.5,417.46,27.08,-0.4383067230125192,-0.898825465016444,1.6740000000000002,-0.4999999999999997,-0.8660254037844388,0.0,1.0
2025-07-29,10.87,12.42,329.33,4.4,30.38,26.45,87.37,0.22,5.94,Hari Biasa,0,1,0,0,7,29,9.48,13.47,15.25,12.06142857142857,11.435714285714285,0.31,1.28,5.4,5.21,87.55,10.8,4.71,354.58,27.96,-0.45370308603134424,-0.8911529104063088,1.3068000000000002,-0.4999999999999997,-0.8660254037844388,0.7818314824680298,0.6234898018587336
2025-07-30,8.85,10.42,237.21,4.16,32.12,26.56,87.28,0.24,6.41,Hari Biasa,0,2,0,0,7,30,10.87,12.95,12.17,11.435714285714285,10.96142857142857,0.22,1.3599999999999999,5.94,5.233333333333333,87.37,12.42,4.4,329.33,30.38,-0.46896519100763184,-0.8832166493127127,1.5384,-0.4999999999999997,-0.8660254037844388,0.9749279121818236,-0.22252093395631434
2025-07-31,10.54,12.23,264.0,4.58,29.08,26.73,88.29,0.6,5.29,Hari Biasa,0,3,0,0,7,31,8.85,9.48,10.81,10.96142857142857,10.922857142857143,0.24,0.77,6.41,5.916666666666667,87.28,10.42,4.16,237.21,32.12,-0.48408852163897587,-0.8750190302029955,3.174,-0.4999999999999997,-0.8660254037844388,0.43388373911755823,-0.900968867902419
2025-08-01,7.69,9.48,229.42,3.25,33.04,26.51,89.41,1.32,6.66,Hari Biasa,0,4,0,0,8,1,10.54,10.87,10.3,10.922857142857143,10.549999999999999,0.6,1.06,5.29,5.88,88.29,12.23,4.58,264.0,29.08,-0.4990686026885319,-0.8665624788845385,8.7912,-0.8660254037844385,-0.5000000000000004,-0.433883739117558,-0.9009688679024191
2025-08-02,8.66,10.8,184.58,3.58,34.38,26.32,89.05,1.01,7.24,Hari Biasa,0,5,1,1,8,2,7.69,8.85,13.47,10.549999999999999,9.862857142857141,1.32,2.16,6.66,6.12,89.41,9.48,3.25,229.42,33.04,-0.5139010013093103,-0.8578494977869301,7.3124,-0.8660254037844385,-0.5000000000000004,-0.9749279121818236,-0.2225209339563146
2025-08-03,9.56,12.02,225.58,3.33,39.21,26.36,87.78,1.05,7.27,Hari Biasa,0,6,1,1,8,3,8.66,10.54,12.95,9.862857142857141,9.37857142857143,1.01,2.9299999999999997,7.24,6.396666666666666,89.05,10.8,3.58,184.58,34.38,-0.5285813283559292,-0.8488826652214553,7.6335,-0.8660254037844385,-0.5000000000000004,-0.7818314824680299,0.6234898018587334
2025-08-04,12.09,13.87,275.08,4.79,38.88,26.1,86.91,0.42,7.24,Hari Biasa,0,0,0,0,8,4,9.56,7.69,9.48,9.37857142857143,9.751428571428571,1.05,3.38,7.27,7.056666666666666,87.78,12.02,3.33,225.58,39.21,-0.5431052396834317,-0.8396646346181327,3.0408,-0.8660254037844385,-0.5000000000000004,0.0,1.0
2025-08-05,10.74,12.3,269.83,4.51,36.96,25.95,86.2,0.13,6.77,Hari Biasa,0,1,0,0,8,5,12.09,8.66,10.87,9.751428571428571,9.732857142857142,0.42,2.48,7.24,7.25,86.91,13.87,4.79,275.08,38.88,-0.5574684374327892,-0.8301981337405212,0.8801,-0.8660254037844385,-0.5000000000000004,0.7818314824680298,0.6234898018587336
2025-08-06,10.99,12.82,277.71,4.74,37.5,25.8,86.28,0.23,6.62,Hari Biasa,0,2,0,0,8,6,10.74,9.56,8.85,9.732857142857142,10.03857142857143,0.13,1.6,6.77,7.093333333333333,86.2,12.3,4.51,269.83,36.96,-0.5716666713027052,-0.8204859638785327,1.5226000000000002,-0.8660254037844385,-0.5000000000000004,0.9749279121818236,-0.22252093395631434
2025-08-07,9.05,11.44,230.62,2.5,47.79,25.97,86.24,0.53,6.44,Hari Biasa,0,3,0,0,8,7,10.99,12.09,10.54,10.03857142857143,9.825714285714286,0.23,0.78,6.62,6.876666666666666,86.28,12.82,4.74,277.71,37.5,-0.5856957398073508,-0.8105309990194823,3.4132000000000002,-0.8660254037844385,-0.5000000000000004,0.43388373911755823,-0.900968867902419
2025-08-08,15.14,17.63,260.29,6.07,33.17,25.83,88.42,2.41,6.52,Hari Biasa,0,4,0,0,8,8,9.05,10.74,7.69,9.825714285714286,10.89,0.53,0.8900000000000001,6.44,6.609999999999999,86.24,11.44,2.5,230.62,47.79,-0.5995514915196489,-0.8003361849976323,15.7132,-0.8660254037844385,-0.5000000000000004,-0.433883739117558,-0.9009688679024191
2025-08-09,11.85,13.92,301.46,4.99,34.75,25.47,92.41,5.67,6.12,Hari Biasa,0,5,1,1,8,9,15.14,10.99,8.66,10.89,11.345714285714285,2.41,3.1700000000000004,6.52,6.526666666666666,88.42,17.63,6.07,260.29,33.17,-0.6132298262997502,-0.7899045386224707,34.7004,-0.8660254037844385,-0.5000000000000004,-0.9749279121818236,-0.2225209339563146
2025-08-10,14.48,15.93,244.71,7.2,33.0,25.23,93.58,4.63,5.87,Hari Biasa,0,6,1,1,8,10,11.85,9.05,9.56,11.345714285714285,12.04857142857143,5.67,8.61,6.12,6.359999999999999,92.41,13.92,4.99,301.46,34.75,-0.6267266965083301,-0.7792391467859886,27.1781,-0.8660254037844385,-0.5000000000000004,-0.7818314824680299,0.6234898018587334
2025-08-11,10.31,12.48,220.71,3.86,50.17,25.39,84.48,0.56,7.2,Hari Biasa,0,0,0,0,8,11,14.48,15.14,12.09,12.04857142857143,11.794285714285715,4.63,12.71,5.87,6.169999999999999,93.58,15.93,7.2,244.71,33.0,-0.6400381082043503,-0.7683431655492202,4.032000000000001,-0.8660254037844385,-0.5000000000000004,0.0,1.0
2025-08-12,9.33,11.06,240.62,3.79,52.33,25.02,82.34,0.05,7.24,Hari Biasa,0,1,0,0,8,12,10.31,11.85,10.74,11.794285714285715,11.592857142857143,0.56,10.860000000000001,7.2,6.396666666666666,84.48,12.48,3.86,220.71,50.17,-0.65316012232693,-0.7572198192083127,0.36200000000000004,-0.8660254037844385,-0.5000000000000004,0.7818314824680298,0.6234898018587336
2025-08-13,10.68,12.58,233.0,3.71,54.04,24.53,82.0,0.01,6.66,Hari Biasa,0,2,0,0,8,13,9.33,14.48,10.99,11.592857142857143,11.54857142857143,0.05,5.24,7.24,6.77,82.34,11.06,3.79,240.62,52.33,-0.666088855860977,-0.7458723993404063,0.0666,-0.8660254037844385,-0.5000000000000004,0.9749279121818236,-0.22252093395631434
2025-08-14,10.7,12.15,275.46,4.4,43.17,24.91,84.75,0.34,7.09,Hari Biasa,0,3,0,0,8,14,10.68,10.31,9.05,11.54857142857143,11.784285714285714,0.01,0.6200000000000001,6.66,7.033333333333332,82.0,12.58,3.71,233.0,54.04,-0.6788204829862355,-0.734304263829602,2.4106,-0.8660254037844385,-0.5000000000000004,0.43388373911755823,-0.900968867902419
2025-08-15,13.46,15.66,297.75,4.99,44.21,25.23,83.38,0.08,7.78,Hari Biasa,0,4,0,0,8,15,10.7,9.33,15.14,11.784285714285714,11.544285714285715,0.34,0.4,7.09,6.996666666666666,84.75,12.15,4.4,275.46,43.17,-0.6913512362094071,-0.722518835873311,0.6224000000000001,-0.8660254037844385,-0.5000000000000004,-0.433883739117558,-0.9009688679024191
2025-08-16,11.78,14.57,264.5,4.54,39.62,25.05,85.23,0.7,7.52,Hari Biasa,0,5,1,1,8,16,13.46,10.68,11.85,11.544285714285715,11.534285714285716,0.08,0.43000000000000005,7.78,7.176666666666666,83.38,15.66,4.99,297.75,44.21,-0.7036774074790128,-0.7105196029692745,5.263999999999999,-0.8660254037844385,-0.5000000000000004,-0.9749279121818236,-0.2225209339563146
2025-08-17,11.02,13.3,255.08,5.09,42.21,25.41,88.7,2.44,6.16,Hari Ulang Tahun Kemerdekaan Republik Indonesia,1,6,1,1,8,17,11.78,10.7,14.48,11.534285714285716,11.040000000000001,0.7,1.12,7.52,7.463333333333332,85.23,14.57,4.54,264.5,39.62,-0.7157953492826642,-0.6983101158835584,15.0304,-0.8660254037844385,-0.5000000000000004,-0.7818314824680299,0.6234898018587334
2025-08-18,10.5,11.95,304.25,5.71,37.67,25.86,89.12,3.11,7.38,Hari Biasa,0,0,0,0,8,18,11.02,13.46,10.31,11.040000000000001,11.067142857142857,2.44,3.2199999999999998,6.16,7.153333333333332,88.7,13.3,5.09,255.08,42.21,-0.7277014757264236,-0.6858939875998223,22.9518,-0.8660254037844385,-0.5000000000000004,0.0,1.0
2025-08-19,11.49,14.0,231.96,4.75,46.25,26.02,86.19,1.0,7.92,Hari Biasa,0,1,0,0,8,19,10.5,11.78,9.33,11.067142857142857,11.375714285714285,3.11,6.25,7.38,7.02,89.12,11.95,5.71,304.25,37.67,-0.7393922635959241,-0.673274892250183,7.92,-0.8660254037844385,-0.5000000000000004,0.7818314824680298,0.6234898018587336
2025-08-20,9.82,11.9,247.08,3.38,46.08,25.61,83.6,0.07,7.09,Hari Biasa,0,2,0,0,8,20,11.49,11.02,10.68,11.375714285714285,11.252857142857142,1.0,6.55,7.92,7.153333333333332,86.19,14.0,4.75,231.96,46.25,-0.7508642533989489,-0.6604565640279754,0.4963,-0.8660254037844385,-0.5000000000000004,0.9749279121818236,-0.22252093395631434
2025-08-21,13.03,14.96,245.17,4.75,40.5,25.16,82.45,0.16,7.24,Hari Biasa,0,3,0,0,8,21,9.82,10.5,10.7,11.252857142857142,11.585714285714287,0.07,4.180000000000001,7.09,7.463333333333332,83.6,11.9,3.38,247.08,46.08,-0.7621140503891487,-0.6474427960827475,1.1584,-0.8660254037844385,-0.5000000000000004,0.43388373911755823,-0.900968867902419
2025-08-22,11.12,13.12,254.58,4.48,39.54,24.91,84.31,0.48,5.33,Hari Biasa,0,4,0,0,8,22,13.03,11.49,13.46,11.585714285714287,11.251428571428571,0.16,1.2300000000000004,7.24,7.416666666666667,82.45,14.96,4.75,245.17,40.5,-0.7731383255706026,-0.6342374393978054,2.5584,-0.8660254037844385,-0.5000000000000004,-0.433883739117558,-0.9009688679024191
2025-08-23,16.06,18.56,242.79,5.58,39.79,25.23,87.02,2.63,5.11,Hari Biasa,0,5,1,1,8,23,11.12,9.82,11.78,11.251428571428571,11.862857142857141,0.48,0.7100000000000004,5.33,6.553333333333332,84.31,13.12,4.48,254.58,39.54,-0.7839338166829201,-0.620844401650647,13.439300000000001,-0.8660254037844385,-0.5000000000000004,-0.9749279121818236,-0.2225209339563146
2025-08-24,17.79,19.33,313.83,7.67,27.92,24.41,88.32,2.93,4.72,Hari Biasa,0,6,1,1,8,24,16.06,13.03,11.02,11.862857142857141,12.83,2.63,3.2700000000000005,5.11,5.8933333333333335,87.02,18.56,5.58,242.79,39.79,-0.7944973291665992,-0.6072676460566135,13.8296,-0.8660254037844385,-0.5000000000000004,-0.7818314824680299,0.6234898018587334
2025-08-25,10.89,12.26,216.83,5.09,30.83,24.09,91.03,2.8,5.58,Hari Biasa,0,0,0,0,8,25,17.79,11.12,10.5,12.83,12.885714285714284,2.93,6.040000000000001,4.72,5.053333333333334,88.32,19.33,7.67,313.83,27.92,-0.8048257371083452,-0.593511190196115,15.623999999999999,-0.8660254037844385,-0.5000000000000004,0.0,1.0
2025-08-26,10.31,11.3,345.08,4.96,32.54,24.92,87.58,0.87,5.87,Hari Biasa,0,1,0,0,8,26,10.89,16.06,11.49,12.885714285714284,12.717142857142857,2.8,8.360000000000001,5.58,5.136666666666666,91.03,12.26,5.09,216.83,30.83,-0.8149159841660791,-0.5795791048257612,5.1069,-0.8660254037844385,-0.5000000000000004,0.7818314824680298,0.6234898018587336
2025-08-27,10.29,11.78,295.71,3.73,41.5,25.4,87.08,0.09,5.47,Hari Biasa,0,2,0,0,8,27,10.31,17.79,9.82,12.717142857142857,12.784285714285714,0.87,6.6000000000000005,5.87,5.39,87.58,11.3,4.96,345.08,32.54,-0.8247650844733614,-0.5654755126737576,0.49229999999999996,-0.8660254037844385,-0.5000000000000004,0.9749279121818236,-0.22252093395631434
2025-08-28,13.67,15.72,337.38,5.08,41.79,25.59,83.58,0.12,5.26,Hari Biasa,0,3,0,0,8,28,10.29,10.89,13.03,12.784285714285714,12.875714285714285,0.09,3.7600000000000007,5.47,5.64,87.08,11.78,3.73,295.71,41.5,-0.8343701235229538,-0.5512045872199277,0.6312,-0.8660254037844385,-0.5000000000000004,0.43388373911755823,-0.900968867902419
2025-08-29,11.97,13.93,263.46,4.08,41.46,25.79,84.5,0.38,6.34,Hari Biasa,0,4,0,0,8,29,13.67,10.31,11.12,12.875714285714285,12.997142857142858,0.12,1.080000000000001,5.26,5.533333333333332,83.58,15.72,5.08,337.38,41.79,-0.8437282590292712,-0.5367705514607103,2.4092,-0.8660254037844385,-0.5000000000000004,-0.433883739117558,-0.9009688679024191
2025-08-30,13.68,15.72,250.42,4.76,43.79,25.94,84.56,0.59,6.55,Hari Biasa,0,5,1,1,8,30,11.97,10.29,16.06,12.997142857142858,12.657142857142857,0.38,0.5900000000000009,6.34,5.689999999999999,84.5,13.93,4.08,263.46,41.46,-0.8528367217694595,-0.522177676659508,3.8644999999999996,-0.8660254037844385,-0.5000000000000004,-0.9749279121818236,-0.2225209339563146
2025-08-31,13.37,15.85,267.38,4.36,43.75,25.95,82.93,0.57,6.52,Hari Biasa,0,6,1,1,8,31,13.68,13.67,17.79,12.657142857142857,12.025714285714287,0.59,1.0900000000000007,6.55,6.05,84.56,15.72,4.76,250.42,43.79,-0.8616928164028522,-0.5074302810827518,3.7163999999999993,-0.8660254037844385,-0.5000000000000004,-0.7818314824680299,0.6234898018587334
2025-09-01,11.64,14.68,211.33,3.26,51.17,25.9,82.22,0.92,9.04,Hari Biasa,0,0,0,0,9,1,13.37,11.97,10.89,12.025714285714287,12.132857142857143,0.57,1.540000000000001,6.52,6.469999999999999,82.93,15.85,4.36,267.38,43.75,-0.8702939222685674,-0.49253272872205434,8.316799999999999,-1.0,-1.8369701987210297e-16,0.0,1.0
2025-09-02,12.23,15.23,178.96,3.63,49.83,26.15,81.33,1.23,8.28,Hari Biasa,0,1,0,0,9,2,11.64,13.68,10.31,12.132857142857143,12.407142857142858,0.92,2.080000000000001,9.04,7.369999999999998,82.22,14.68,3.26,211.33,51.17,-0.8786374941610001,-0.4774894280028391,10.184399999999998,-1.0,-1.8369701987210297e-16,0.7818314824680298,0.6234898018587336
2025-09-03,11.38,13.98,209.96,3.97,48.79,25.95,82.32,1.4,7.49,Hari Biasa,0,2,0,0,9,3,12.23,13.37,10.29,12.407142857142858,12.562857142857142,1.23,2.7200000000000006,8.28,7.946666666666665,81.33,15.23,3.63,178.96,49.83,-0.886721063082993,-0.46230483047981086,10.485999999999999,-1.0,-1.8369701987210297e-16,0.9749279121818236,-0.22252093395631434
2025-09-04,16.43,19.48,221.62,5.24,53.0,26.2,79.58,0.06,6.3,Hari Biasa,0,3,0,0,9,4,11.38,11.64,13.67,12.562857142857142,12.957142857142856,1.4,3.5500000000000007,7.49,8.269999999999998,82.32,13.98,3.97,209.96,48.79,-0.8945422369764496,-0.4469834295196741,0.378,-1.0,-1.8369701987210297e-16,0.43388373911755823,-0.900968867902419
2025-09-05,13.92,16.45,245.17,4.74,47.08,26.4,79.85,0.12,6.05,Hari Biasa,0,4,0,0,9,5,16.43,12.23,11.97,12.957142857142856,13.235714285714284,0.06,2.690000000000001,6.3,7.356666666666666,79.58,19.48,5.24,221.62,53.0,-0.9020987014301837,-0.43152975897147144,0.726,-1.0,-1.8369701987210297e-16,-0.433883739117558,-0.9009688679024191
2025-09-06,12.5,13.76,329.08,5.93,39.96,26.49,84.88,0.74,5.65,Hari Biasa,0,5,1,1,9,6,13.92,11.38,13.68,13.235714285714284,13.067142857142857,0.12,1.5800000000000007,6.05,6.613333333333332,79.85,16.45,4.74,245.17,47.08,-0.9093882203647925,-0.4159483918249421,4.181,-1.0,-1.8369701987210297e-16,-0.9749279121818236,-0.2225209339563146
2025-09-07,12.27,13.7,245.71,5.64,34.79,27.02,83.16,0.86,5.69,Hari Biasa,0,6,1,1,9,7,12.5,16.43,13.37,13.067142857142857,12.91,0.74,0.9200000000000008,5.65,6.0,84.88,13.76,5.93,329.08,39.96,-0.9164086366943458,-0.4002439388573056,4.893400000000001,-1.0,-1.8369701987210297e-16,-0.7818314824680299,0.6234898018587334
2025-09-08,8.2,9.05,207.29,5.22,31.08,26.85,84.37,1.07,4.39,Hari Biasa,0,0,0,0,9,8,12.27,13.92,11.64,12.91,12.418571428571427,0.86,1.7200000000000006,5.69,5.796666666666666,83.16,13.7,5.64,245.71,34.79,-0.9231578729647039,-0.38442104726885545,4.6973,-1.0,-1.8369701987210297e-16,0.0,1.0
2025-09-09,9.83,10.98,202.54,5.57,28.5,26.58,86.7,6.58,4.75,Hari Biasa,0,1,0,0,9,9,8.2,12.5,12.23,12.418571428571427,12.075714285714286,1.07,2.670000000000001,4.39,5.243333333333333,84.37,9.05,5.22,207.29,31.08,-0.9296339319682695,-0.3684843993077793,31.255,-1.0,-1.8369701987210297e-16,0.7818314824680298,0.6234898018587336
2025-09-10,10.72,11.77,253.96,5.6,27.88,26.54,85.39,2.38,5.47,Hari Biasa,0,2,0,0,9,10,9.83,12.27,11.38,12.075714285714286,11.981428571428571,6.58,8.510000000000002,4.75,4.9433333333333325,86.7,10.98,5.57,202.54,28.5,-0.9358348973349941,-0.35243871088460327,13.0186,-1.0,-1.8369701987210297e-16,0.9749279121818236,-0.22252093395631434
2025-09-11,12.43,14.01,278.88,6.15,36.96,27.02,78.29,0.15,5.08,Hari Biasa,0,3,0,0,9,11,10.72,8.2,16.43,11.981428571428571,11.409999999999998,2.38,10.030000000000001,5.47,4.869999999999998,85.39,11.77,5.6,253.96,27.88,-0.9417589340994617,-0.33628873017668287,0.762,-1.0,-1.8369701987210297e-16,0.43388373911755823,-0.900968867902419
2025-09-12,10.45,12.63,246.46,4.44,45.33,26.88,77.37,0.04,6.23,Hari Biasa,0,4,0,0,9,12,12.43,9.83,13.92,11.409999999999998,10.914285714285715,0.15,9.11,5.08,5.099999999999999,78.29,14.01,6.15,278.88,36.96,-0.9474042892438845,-0.32003923622313857,0.24920000000000003,-1.0,-1.8369701987210297e-16,-0.433883739117558,-0.9009688679024191
2025-09-13,10.35,12.47,255.33,4.42,38.33,26.46,82.61,1.39,6.66,Hari Biasa,0,5,1,1,9,13,10.45,10.72,12.5,10.914285714285715,10.607142857142858,0.04,2.57,6.23,5.593333333333333,77.37,12.63,4.44,246.46,45.33,-0.9527692922168511,-0.30369503751065885,9.257399999999999,-1.0,-1.8369701987210297e-16,-0.9749279121818236,-0.2225209339563146
2025-09-14,16.28,18.94,285.75,7.08,35.75,26.05,84.0,0.98,6.62,Hari Biasa,0,6,1,1,9,14,10.35,12.43,12.27,10.607142857142858,11.180000000000001,1.39,1.5799999999999998,6.66,5.989999999999999,82.61,12.47,4.42,255.33,38.33,-0.9578523554276669,-0.28726097055059635,6.4876,-1.0,-1.8369701987210297e-16,-0.7818314824680299,0.6234898018587334
2025-09-15,13.71,16.38,208.79,5.46,36.42,26.92,78.88,0.71,6.62,Hari Biasa,0,0,0,0,9,15,16.28,10.45,8.2,11.180000000000001,11.967142857142857,0.98,2.41,6.62,6.503333333333333,84.0,18.94,7.08,285.75,35.75,-0.9626519747161487,-0.2707418984477642,4.7002,-1.0,-1.8369701987210297e-16,0.0,1.0
2025-09-16,11.78,13.9,258.88,5.34,36.17,26.8,77.5,0.2,6.16,Hari Biasa,0,1,0,0,9,16,13.71,10.35,9.83,11.967142857142857,12.245714285714286,0.71,3.08,6.62,6.633333333333333,78.88,16.38,5.46,208.79,36.42,-0.9671667297977312,-0.2541427094613622,1.2320000000000002,-1.0,-1.8369701987210297e-16,0.7818314824680298,0.6234898018587336
2025-09-17,14.43,17.21,306.29,5.52,40.25,26.73,77.24,0.12,5.87,Hari Biasa,0,2,0,0,9,17,11.78,16.28,10.72,12.245714285714286,12.775714285714287,0.2,1.89,6.16,6.466666666666666,77.5,13.9,5.34,258.88,36.17,-0.97139528468375,-0.23746831555846842,0.7044,-1.0,-1.8369701987210297e-16,0.9749279121818236,-0.22252093395631434
2025-09-18,12.42,14.83,276.25,5.02,53.08,26.7,75.61,0.08,6.34,Hari Biasa,0,3,0,0,9,18,14.43,13.71,12.43,12.775714285714287,12.774285714285712,0.12,1.03,5.87,6.216666666666666,77.24,17.21,5.52,306.29,40.25,-0.9753363880767837,-0.2207236509605022,0.5072,-1.0,-1.8369701987210297e-16,0.43388373911755823,-0.900968867902419
2025-09-19,11.51,13.83,210.04,4.8,47.83,27.11,73.96,0.08,5.9,Hari Biasa,0,4,0,0,9,19,12.42,11.78,10.45,12.774285714285712,12.925714285714287,0.08,0.4,6.34,6.123333333333332,75.61,14.83,5.02,276.25,53.08,-0.9789888737409319,-0.20391367068311472,0.47200000000000003,-1.0,-1.8369701987210297e-16,-0.433883739117558,-0.9009688679024191
2025-09-20,12.48,14.1,274.62,5.7,39.25,27.46,72.49,0.02,5.15,Hari Biasa,0,5,1,1,9,20,11.51,14.43,10.35,12.925714285714287,13.23,0.08,0.28,5.9,6.036666666666666,73.96,13.83,4.8,210.04,47.83,-0.9823516608469237,-0.18704334906991657,0.10300000000000001,-1.0,-1.8369701987210297e-16,-0.9749279121818236,-0.2225209339563146
2025-09-21,10.1,10.62,315.79,6.47,34.25,27.7,74.76,0.06,5.11,Hari Biasa,0,6,1,1,9,21,12.48,12.42,16.28,13.23,12.347142857142856,0.02,0.18,5.15,5.796666666666667,72.49,14.1,5.7,274.62,39.25,-0.9854237542919524,-0.17011767832049052,0.3066,-1.0,-1.8369701987210297e-16,-0.7818314824680299,0.6234898018587334
2025-09-22,9.12,9.8,310.75,4.77,46.88,27.55,76.91,0.08,6.44,Hari Biasa,0,0,0,0,9,22,10.1,11.51,13.71,12.347142857142856,11.691428571428572,0.06,0.16,5.11,5.386666666666667,74.76,10.62,6.47,315.79,34.25,-0.9882042449941422,-0.15314166701312007,0.5152,-1.0,-1.8369701987210297e-16,0.0,1.0
2025-09-23,13.75,15.87,366.75,5.45,42.5,27.76,75.72,0.39,5.9,Hari Biasa,0,1,0,0,9,23,9.12,12.48,11.78,11.691428571428572,11.972857142857142,0.08,0.16,6.44,5.566666666666666,76.91,9.8,4.77,310.75,46.88,-0.9906923101615609,-0.13612033862266704,2.301,-1.0,-1.8369701987210297e-16,0.7818314824680298,0.6234898018587336
2025-09-24,14.64,16.72,396.58,5.84,46.71,26.56,78.58,0.78,6.88,Hari Biasa,0,2,0,0,9,24,13.75,10.1,14.43,11.972857142857142,12.002857142857142,0.39,0.53,5.9,5.816666666666666,75.72,15.87,5.45,366.75,42.5,-0.9928872135356962,-0.11905873003404988,5.3664000000000005,-1.0,-1.8369701987210297e-16,0.9749279121818236,-0.22252093395631434
2025-09-25,13.58,16.02,317.83,5.57,41.67,27.06,76.13,0.76,5.98,Hari Biasa,0,3,0,0,9,25,14.64,9.12,12.42,12.002857142857142,12.168571428571427,0.78,1.25,6.88,6.406666666666666,78.58,16.72,5.84,396.58,46.71,-0.994788305609327,-0.10196189005174576,4.5448,-1.0,-1.8369701987210297e-16,0.43388373911755823,-0.900968867902419
2025-09-26,8.67,10.36,219.79,4.21,36.46,27.23,81.04,1.22,5.62,Hari Biasa,0,4,0,0,9,26,13.58,13.75,11.51,12.168571428571427,11.762857142857143,0.76,1.93,5.98,6.253333333333333,76.13,16.02,5.57,317.83,41.67,-0.9963950238187231,-0.08483487790576538,6.8564,-1.0,-1.8369701987210297e-16,-0.433883739117558,-0.9009688679024191
2025-09-27,8.64,9.7,242.96,5.62,33.33,27.38,81.24,2.81,6.41,Hari Biasa,0,5,1,1,9,27,8.67,14.64,12.48,11.762857142857143,11.214285714285714,1.22,2.76,5.62,6.159999999999999,81.04,10.36,4.21,219.79,36.46,-0.9977068927101168,-0.06768276175455162,18.0121,-1.0,-1.8369701987210297e-16,-0.9749279121818236,-0.2225209339563146
2025-09-28,9.31,10.64,218.21,5.2,33.08,26.97,84.53,8.62,6.37,Hari Biasa,0,6,1,1,9,28,8.64,13.58,10.1,11.214285714285714,11.101428571428572,2.81,4.79,6.41,6.003333333333333,81.24,9.7,5.62,242.96,33.33,-0.9987235240803972,-0.050510617185222886,54.9094,-1.0,-1.8369701987210297e-16,-0.7818314824680299,0.6234898018587334
2025-09-29,17.53,18.95,292.33,10.05,29.58,27.27,82.21,2.54,5.87,Hari Biasa,0,0,0,0,9,29,9.31,8.67,9.12,11.101428571428572,12.302857142857144,8.62,12.649999999999999,6.37,6.133333333333333,84.53,10.64,5.2,218.21,33.08,-0.9994446170919858,-0.033323525711631344,14.9098,-1.0,-1.8369701987210297e-16,0.0,1.0
2025-09-30,14.22,15.86,279.08,6.05,41.29,28.03,74.7,0.04,4.46,Hari Biasa,0,1,0,0,9,30,17.53,8.64,13.75,12.302857142857144,12.370000000000001,2.54,13.969999999999999,5.87,6.216666666666666,82.21,18.95,10.05,292.33,29.58,-0.9998699583618592,-0.016126573270657762,0.1784,-1.0,-1.8369701987210297e-16,0.7818314824680298,0.6234898018587336
2025-10-01,13.86,15.48,259.08,5.65,52.96,27.89,74.9,0.11,5.51,Hari Biasa,0,2,0,0,10,1,14.22,9.31,14.64,12.370000000000001,12.258571428571429,0.04,11.200000000000001,4.46,5.566666666666666,74.7,15.86,6.05,279.08,41.29,-0.9999994220246925,0.001075151282798226,0.6061,-0.8660254037844386,0.5000000000000001,0.9749279121818236,-0.22252093395631434
2025-10-02,6.07,7.1,242.92,2.74,50.88,27.84,73.99,0.03,6.37,Hari Biasa,0,3,0,0,10,2,13.86,17.53,13.58,12.258571428571429,11.185714285714285,0.11,2.69,5.51,5.2799999999999985,74.9,15.48,5.65,259.08,52.96,-0.999832969770105,0.018276557681691223,0.1911,-0.8660254037844386,0.5000000000000001,0.43388373911755823,-0.900968867902419
2025-10-03,8.3,9.72,252.46,3.8,37.5,27.56,77.25,1.03,6.19,Hari Biasa,0,4,0,0,10,3,6.07,14.22,8.67,11.185714285714285,11.132857142857144,0.03,0.18,6.37,5.446666666666665,73.99,7.1,2.74,242.92,50.88,-0.9993706508539969,0.03547255575312556,6.3757,-0.8660254037844386,0.5000000000000001,-0.433883739117558,-0.9009688679024191
2025-10-04,10.4,11.58,270.79,5.5,33.62,27.7,76.6,1.36,4.18,Hari Biasa,0,5,1,1,10,4,8.3,13.86,8.64,11.132857142857144,11.384285714285713,1.03,1.17,6.19,6.0233333333333325,77.25,9.72,3.8,252.46,37.5,-0.9986126020839734,0.052658056924614005,5.6848,-0.8660254037844386,0.5000000000000001,-0.9749279121818236,-0.2225209339563146
2025-10-05,12.61,14.08,266.21,4.46,41.58,28.22,73.62,0.61,4.32,Hari Biasa,0,6,1,1,10,5,10.4,6.07,9.31,11.384285714285713,11.855714285714285,1.36,2.42,4.18,5.579999999999999,76.6,11.58,5.5,270.79,33.62,-0.9975590477788613,0.06982797572987089,2.6352,-0.8660254037844386,0.5000000000000001,-0.7818314824680299,0.6234898018587334
2025-10-06,20.27,22.48,416.42,6.51,45.88,26.99,78.97,3.95,4.43,Hari Biasa,0,0,0,0,10,6,12.61,8.3,17.53,11.855714285714285,12.247142857142856,0.61,3.0,4.32,4.896666666666666,73.62,14.08,4.46,266.21,41.58,-0.9962102997023297,0.0869772313136861,17.4985,-0.8660254037844386,0.5000000000000001,0.0,1.0
2025-10-07,21.95,23.22,497.92,6.48,44.29,27.36,75.5,2.29,5.98,Hari Biasa,0,1,0,0,10,7,20.27,10.4,14.22,12.247142857142856,13.35142857142857,3.95,5.92,4.43,4.309999999999999,78.97,22.48,6.51,416.42,45.88,-0.9945667569706337,0.1041007489354256,13.6942,-0.8660254037844386,0.5000000000000001,0.7818314824680298,0.6234898018587336
2025-10-08,14.37,15.92,402.33,5.33,59.33,27.8,71.38,0.26,5.54,Hari Biasa,0,2,0,0,10,8,21.95,12.61,13.86,13.35142857142857,13.424285714285714,2.29,6.85,5.98,4.909999999999999,75.5,23.22,6.48,497.92,44.29,-0.9926289059345095,0.121193461470736,1.4404000000000001,-0.8660254037844386,0.5000000000000001,0.9749279121818236,-0.22252093395631434
2025-10-09,13.44,15.76,287.92,3.91,63.5,27.95,72.34,0.57,4.68,Hari Biasa,0,3,0,0,10,9,14.37,20.27,6.07,13.424285714285714,14.477142857142857,0.26,6.500000000000001,5.54,5.3166666666666655,71.38,15.92,5.33,402.33,59.33,-0.9903973200352558,0.1382503109109819,2.6675999999999997,-0.8660254037844386,0.5000000000000001,0.43388373911755823,-0.900968867902419
2025-10-10,9.16,10.23,309.88,4.06,39.88,26.65,80.43,1.69,6.05,Hari Biasa,0,4,0,0,10,10,13.44,21.95,8.3,14.477142857142857,14.599999999999998,0.57,3.12,4.68,5.3999999999999995,72.34,15.76,3.91,287.92,63.5,-0.9878726596350429,0.15526624985999563,10.224499999999999,-0.8660254037844386,0.5000000000000001,-0.433883739117558,-0.9009688679024191
2025-10-11,7.08,7.79,219.58,3.2,35.0,27.09,80.03,3.36,6.19,Hari Biasa,0,5,1,1,10,11,9.16,14.37,10.4,14.599999999999998,14.125714285714285,1.69,2.52,6.05,5.423333333333333,80.43,10.23,4.06,309.88,39.88,-0.9850556718215013,0.172236243027682,20.7984,-0.8660254037844386,0.5000000000000001,-0.9749279121818236,-0.2225209339563146
2025-10-12,6.76,7.47,234.38,4.14,34.38,27.43,80.84,2.11,5.15,Hari Biasa,0,6,1,1,10,12,7.08,13.44,12.61,14.125714285714285,13.290000000000001,3.36,5.619999999999999,6.19,5.64,80.03,7.79,3.2,219.58,35.0,-0.981947190186646,0.18915526872004093,10.8665,-0.8660254037844386,0.5000000000000001,-0.7818314824680299,0.6234898018587334
2025-10-13,9.15,10.09,276.62,5.62,31.12,28.29,75.23,0.14,4.9,Hari Biasa,0,0,0,0,10,13,6.76,9.16,20.27,13.290000000000001,11.70142857142857,2.11,7.16,5.15,5.796666666666667,80.84,7.47,4.14,234.38,34.38,-0.9785481345802031,0.20601832032517084,0.6860000000000002,-0.8660254037844386,0.5000000000000001,0.0,1.0
2025-10-14,14.54,15.84,334.08,8.26,34.88,28.82,73.22,0.35,4.64,Hari Biasa,0,1,0,0,10,14,9.15,7.08,21.95,11.70142857142857,10.642857142857142,0.14,5.609999999999999,4.9,5.413333333333333,75.23,10.09,5.62,276.62,31.12,-0.9748595108374125,0.22282040779479959,1.6239999999999999,-0.8660254037844386,0.5000000000000001,0.7818314824680298,0.6234898018587336
2025-10-15,9.83,11.74,259.58,3.9,42.33,28.73,73.42,0.59,6.23,Hari Biasa,0,2,0,0,10,15,14.54,6.76,14.37,10.642857142857142,9.994285714285713,0.35,2.5999999999999996,4.64,4.896666666666666,73.22,15.84,8.26,334.08,34.88,-0.9708824104813836,0.23955655912092708,3.6757,-0.8660254037844386,0.5000000000000001,0.9749279121818236,-0.22252093395631434
2025-10-16,9.62,11.08,286.96,4.01,38.38,28.91,74.1,0.4,6.3,Hari Biasa,0,3,0,0,10,16,9.83,9.15,13.44,9.994285714285713,9.448571428571428,0.59,1.08,6.23,5.256666666666667,73.42,11.74,3.9,259.58,42.33,-0.9666180104000972,0.2562218218071163,2.52,-0.8660254037844386,0.5000000000000001,0.43388373911755823,-0.900968867902419
2025-10-17,12.45,13.7,284.46,5.01,32.54,28.92,77.03,1.94,5.62,Hari Biasa,0,4,0,0,10,17,9.62,14.54,9.16,9.448571428571428,9.918571428571429,0.4,1.3399999999999999,6.3,5.723333333333333,74.1,11.08,4.01,286.96,38.38,-0.9620675724981452,0.27281126433401914,10.9028,-0.8660254037844386,0.5000000000000001,-0.433883739117558,-0.9009688679024191
2025-10-18,12.41,13.8,233.29,5.7,33.33,28.38,81.21,13.38,4.86,Hari Biasa,0,5,1,1,10,18,12.45,9.83,7.08,9.918571428571429,10.679999999999998,1.94,2.9299999999999997,5.62,6.05,77.03,13.7,5.01,284.46,32.54,-0.957232443323312,0.28931997761869527,65.02680000000001,-0.8660254037844386,0.5000000000000001,-0.9749279121818236,-0.2225209339563146
2025-10-19,7.4,8.8,193.17,3.38,32.88,27.65,84.29,2.09,6.55,Hari Biasa,0,6,1,1,10,19,12.41,9.62,6.76,10.679999999999998,10.771428571428572,13.38,15.72,4.86,5.593333333333333,81.21,13.8,5.7,233.29,33.33,-0.9521140536681102,0.3057430764672831,13.689499999999999,-0.8660254037844386,0.5000000000000001,-0.7818314824680299,0.6234898018587334
2025-10-20,9.76,11.29,244.42,4.82,35.58,27.26,85.68,2.93,6.26,Hari Biasa,0,0,0,0,10,20,7.4,12.45,9.15,10.771428571428572,10.858571428571429,2.09,17.41,6.55,5.676666666666666,84.29,8.8,3.38,193.17,32.88,-0.9467139181463862,0.3220757010206104,18.3418,-0.8660254037844386,0.5000000000000001,0.0,1.0
2025-10-21,8.22,8.86,228.29,4.17,31.71,28.36,78.44,0.32,4.61,Hari Biasa,0,1,0,0,10,21,9.76,12.41,14.54,10.858571428571429,9.955714285714285,2.93,18.400000000000002,6.26,5.89,85.68,11.29,4.82,244.42,35.58,-0.9410336347451197,0.3383130181923076,1.4752,-0.8660254037844386,0.5000000000000001,0.7818314824680298,0.6234898018587336
2025-10-22,12.15,13.51,220.54,3.95,39.83,28.96,77.31,0.7,3.17,Hari Biasa,0,2,0,0,10,22,8.22,7.4,9.83,9.955714285714285,10.287142857142857,0.32,5.34,4.61,5.806666666666666,78.44,8.86,4.17,228.29,31.71,-0.9350748843515574,0.3544502230989869,2.219,-0.8660254037844386,0.5000000000000001,0.9749279121818236,-0.22252093395631434
2025-10-23,19.97,22.08,278.42,8.25,42.67,29.0,70.7,0.28,6.48,Hari Biasa,0,3,0,0,10,23,12.15,9.76,9.62,10.287142857142857,11.765714285714285,0.7,3.95,3.17,4.679999999999999,77.31,13.51,3.95,220.54,39.83,-0.9288394302558068,0.3704825404820963,1.8144000000000002,-0.8660254037844386,0.5000000000000001,0.43388373911755823,-0.900968867902419
2025-10-24,9.38,11.43,279.67,2.26,45.62,28.84,71.56,0.15,5.65,Hari Biasa,0,4,0,0,10,24,19.97,8.22,12.45,11.765714285714285,11.327142857142857,0.28,1.3,6.48,4.753333333333333,70.7,22.08,8.25,278.42,42.67,-0.9223291176290545,0.3864052261209853,0.8475,-0.8660254037844386,0.5000000000000001,-0.433883739117558,-0.9009688679024191
2025-10-25,13.23,14.23,260.17,4.89,36.33,28.16,78.46,1.04,5.33,Hari Biasa,0,5,1,1,10,25,9.38,12.15,12.41,11.327142857142857,11.444285714285714,0.15,1.13,5.65,5.1000000000000005,71.56,11.43,2.26,279.67,45.62,-0.9155458729775467,0.40221356823680365,5.543200000000001,-0.8660254037844386,0.5000000000000001,-0.9749279121818236,-0.2225209339563146
2025-10-26,18.9,19.81,292.33,6.14,39.08,27.02,85.48,15.42,5.94,Hari Biasa,0,6,1,1,10,26,13.23,19.97,7.4,11.444285714285714,13.08714285714286,1.04,1.47,5.33,5.819999999999999,78.46,14.23,4.89,260.17,36.33,-0.9084917035725082,0.41790288888678667,91.5948,-0.8660254037844386,0.5000000000000001,-0.7818314824680299,0.6234898018587334
2025-10-27,21.2,21.48,459.42,6.95,48.88,27.11,84.2,7.26,3.46,Hari Biasa,0,0,0,0,10,27,18.9,9.38,9.76,13.08714285714286,14.721428571428572,15.42,16.61,5.94,5.64,85.48,19.81,6.14,292.33,39.08,-0.9011686968561569,0.4334685453485363,25.1196,-0.8660254037844386,0.5000000000000001,0.0,1.0
2025-10-28,9.88,9.92,367.42,2.95,56.83,27.41,81.78,3.51,4.39,Hari Biasa,0,1,0,0,10,28,21.2,13.23,8.22,14.721428571428572,14.95857142857143,7.26,23.72,3.46,4.91,84.2,21.48,6.95,459.42,48.88,-0.8935790198239952,0.4489059314938798,15.408899999999997,-0.8660254037844386,0.5000000000000001,0.7818314824680298,0.6234898018587336
2025-10-29,16.3,16.45,241.46,6.47,39.17,28.21,79.25,0.84,3.28,Hari Biasa,0,2,0,0,10,29,9.88,18.9,12.15,14.95857142857143,15.551428571428572,3.51,26.189999999999998,4.39,4.596666666666666,81.78,9.92,2.95,367.42,56.83,-0.8857249183835637,0.4642104791518923,2.7552,-0.8660254037844386,0.5000000000000001,0.9749279121818236,-0.22252093395631434
2025-10-30,16.09,16.31,289.29,6.91,54.62,28.36,75.99,0.37,2.09,Hari Biasa,0,3,0,0,10,30,16.3,21.2,19.97,15.551428571428572,14.997142857142858,0.84,11.61,3.28,3.709999999999999,79.25,16.45,6.47,241.46,39.17,-0.8776087166898392,0.4793776594606945,0.7733,-0.8660254037844386,0.5000000000000001,0.43388373911755823,-0.900968867902419
2025-10-31,19.42,19.89,265.29,7.33,40.17,28.08,78.37,2.22,5.98,Hari Biasa,0,4,0,0,10,31,16.09,9.88,9.38,14.997142857142858,16.431428571428572,0.37,4.72,2.09,3.2533333333333325,75.99,16.31,6.91,289.29,54.62,-0.8692328164574792,0.49440298420761813,13.275600000000003,-0.8660254037844386,0.5000000000000001,-0.433883739117558,-0.9009688679024191
2025-11-01,18.31,18.66,265.38,7.65,45.12,28.76,74.14,0.61,4.79,Hari Biasa,0,5,1,1,11,1,19.42,16.3,13.23,16.431428571428572,17.157142857142855,2.22,3.43,5.98,3.7833333333333328,78.37,19.89,7.33,265.29,40.17,-0.8605996962501181,0.5092820071573356,2.9219,-0.5000000000000004,0.8660254037844384,-0.9749279121818236,-0.2225209339563146
2025-11-02,13.14,13.88,339.29,3.99,40.5,28.85,76.0,0.68,4.61,Hari Biasa,0,6,1,1,11,2,18.31,16.09,18.9,17.157142857142855,16.334285714285716,0.61,3.2,4.79,4.286666666666666,74.14,18.66,7.65,265.38,45.12,-0.8517119107469189,0.5240103253675756,3.1348000000000003,-0.5000000000000004,0.8660254037844384,-0.7818314824680299,0.6234898018587334
2025-11-03,20.94,21.57,297.0,7.55,47.08,29.03,74.21,0.72,3.42,Hari Biasa,0,0,0,0,11,3,13.14,19.42,21.2,16.334285714285716,16.29714285714286,0.68,3.5100000000000002,4.61,5.126666666666666,76.0,13.88,3.99,339.29,40.5,-0.8425720899866032,0.5385835804920232,2.4623999999999997,-0.5000000000000004,0.8660254037844384,0.0,1.0
2025-11-04,25.39,26.34,396.12,9.66,43.67,29.4,72.36,0.48,4.32,Hari Biasa,0,1,0,0,11,4,20.94,18.31,9.88,16.29714285714286,18.512857142857143,0.72,2.01,3.42,4.273333333333333,74.21,21.57,7.55,297.0,47.08,-0.8331829385891785,0.5529974600700271,2.0736,-0.5000000000000004,0.8660254037844384,0.7818314824680298,0.6234898018587336
2025-11-05,15.08,15.87,323.29,5.94,49.92,28.91,75.03,5.01,5.8,Hari Biasa,0,2,0,0,11,5,25.39,13.14,16.3,18.512857142857143,18.33857142857143,0.48,1.8800000000000001,4.32,4.116666666666667,72.36,26.34,9.66,396.12,43.67,-0.8235472349556007,0.5672476988027229,29.057999999999996,-0.5000000000000004,0.8660254037844384,0.9749279121818236,-0.22252093395631434
2025-11-06,21.34,22.21,371.46,6.53,42.04,27.75,82.49,6.38,6.52,Hari Biasa,0,3,0,0,11,6,15.08,20.94,16.09,18.33857142857143,19.08857142857143,5.01,6.21,5.8,4.513333333333333,75.03,15.87,5.94,323.29,49.92,-0.8136678304455991,0.5813300798152042,41.5976,-0.5000000000000004,0.8660254037844384,0.43388373911755823,-0.900968867902419
2025-11-07,10.53,10.85,369.5,2.95,58.75,27.55,80.02,3.24,3.6,Hari Biasa,0,4,0,0,11,7,21.34,25.39,19.42,19.08857142857143,17.818571428571428,6.38,11.870000000000001,6.52,5.546666666666667,82.49,22.21,6.53,371.46,42.04,-0.8035476485339116,0.5952404359043674,11.664000000000001,-0.5000000000000004,0.8660254037844384,-0.433883739117558,-0.9009688679024191
2025-11-08,8.35,8.55,344.96,2.96,56.08,28.23,77.99,0.38,5.83,Hari Biasa,0,5,1,1,11,8,10.53,15.08,18.31,17.818571428571428,16.395714285714284,3.24,14.629999999999999,3.6,5.306666666666666,80.02,10.85,2.95,369.5,58.75,-0.7931896839451843,0.6089746507720486,2.2154000000000003,-0.5000000000000004,0.8660254037844384,-0.9749279121818236,-0.2225209339563146
2025-11-09,7.78,8.0,213.75,3.11,56.67,27.45,83.51,8.47,7.99,Hari Biasa,0,6,1,1,11,9,8.35,21.34,13.14,16.395714285714284,15.629999999999999,0.38,10.0,5.83,5.3166666666666655,77.99,8.55,2.96,344.96,56.08,-0.7825970017677834,0.6225286602431057,67.67530000000001,-0.5000000000000004,0.8660254037844384,-0.7818314824680299,0.6234898018587334
2025-11-10,19.41,20.0,296.29,8.03,41.79,26.63,85.47,7.95,4.86,Hari Biasa,0,0,0,0,11,10,7.78,10.53,20.94,15.629999999999999,15.411428571428571,8.47,12.09,7.99,5.8066666666666675,83.51,8.0,3.11,213.75,56.67,-0.7717727365467836,0.6358984534680745,38.637,-0.5000000000000004,0.8660254037844384,0.0,1.0
2025-11-11,14.98,15.23,350.0,6.23,45.83,27.85,76.24,0.94,4.21,Hari Biasa,0,1,0,0,11,11,19.41,8.35,25.39,15.411428571428571,13.924285714285714,7.95,16.8,4.86,6.226666666666667,85.47,20.0,8.03,296.29,41.79,-0.7607200913564104,0.6490800741100398,3.9574,-0.5000000000000004,0.8660254037844384,0.7818314824680298,0.6234898018587336
2025-11-12,15.77,15.93,390.62,5.5,47.0,27.46,79.03,2.48,4.03,Hari Biasa,0,2,0,0,11,12,14.98,7.78,15.08,13.924285714285714,14.022857142857143,0.94,17.360000000000003,4.21,5.6866666666666665,76.24,15.23,6.23,350.0,45.83,-0.7494423368521954,0.6620696215153815,9.9944,-0.5000000000000004,0.8660254037844384,0.9749279121818236,-0.22252093395631434
2025-11-13,16.47,16.7,272.54,5.85,44.04,27.22,81.87,19.04,3.6,Hari Biasa,0,3,0,0,11,13,15.77,19.41,21.34,14.022857142857143,13.327142857142857,2.48,11.370000000000001,4.03,4.366666666666666,79.03,15.93,5.5,390.62,47.0,-0.7379428103031386,0.6748632518680403,68.544,-0.5000000000000004,0.8660254037844384,0.43388373911755823,-0.900968867902419
2025-11-14,14.67,14.84,307.92,5.52,42.54,27.2,83.74,7.97,3.92,Hari Biasa,0,4,0,0,11,14,16.47,14.98,10.53,13.327142857142857,13.918571428571429,19.04,22.46,3.6,3.9466666666666668,81.87,16.7,5.85,272.54,44.04,-0.7262249146041543,0.6874571793269664,31.2424,-0.5000000000000004,0.8660254037844384,-0.433883739117558,-0.9009688679024191
2025-11-15,16.22,16.68,389.08,4.98,42.58,27.08,84.0,2.64,3.02,Hari Biasa,0,5,1,1,11,15,14.67,15.77,8.35,13.918571428571429,15.042857142857143,7.97,29.49,3.92,3.8499999999999996,83.74,14.84,5.52,307.92,42.54,-0.7142921172691032,0.699847677146407,7.9728,-0.5000000000000004,0.8660254037844384,-0.9749279121818236,-0.2225209339563146
2025-11-16,16.5,16.92,277.54,4.98,45.29,27.32,82.73,3.41,3.28,Hari Biasa,0,6,1,1,11,16,16.22,16.47,7.78,15.042857142857143,16.288571428571426,2.64,29.65,3.02,3.513333333333333,84.0,16.68,4.98,389.08,42.58,-0.7021479494046978,0.7120310787787131,11.1848,-0.5000000000000004,0.8660254037844384,-0.7818314824680299,0.6234898018587334
2025-11-17,16.53,16.85,240.62,4.44,44.92,27.79,79.68,0.11,3.13,Hari Biasa,0,0,0,0,11,17,16.5,14.67,19.41,16.288571428571426,15.877142857142857,3.41,14.02,3.28,3.4066666666666663,82.73,16.92,4.98,277.54,45.29,-0.6897960046655887,0.7240037789593305,0.3443,-0.5000000000000004,0.8660254037844384,0.0,1.0
2025-11-18,30.55,31.05,362.88,8.48,48.62,27.82,81.91,2.36,4.21,Hari Biasa,0,1,0,0,11,18,16.53,16.22,14.98,15.877142857142857,18.10142857142857,0.11,6.16,3.13,3.1433333333333326,79.68,16.85,4.44,240.62,44.92,-0.6772399381909491,0.7357622347736527,9.935599999999999,-0.5000000000000004,0.8660254037844384,0.7818314824680298,0.6234898018587336
2025-11-19,14.46,14.75,334.83,5.31,43.92,26.72,89.61,19.89,3.06,Hari Biasa,0,2,0,0,11,19,30.55,16.5,15.77,18.10142857142857,17.914285714285715,2.36,5.88,4.21,3.539999999999999,81.91,31.05,8.48,362.88,48.62,-0.6644834655228552,0.7473029667054296,60.863400000000006,-0.5000000000000004,0.8660254037844384,0.9749279121818236,-0.22252093395631434
2025-11-20,12.2,12.45,338.08,3.78,49.62,27.15,86.76,13.08,5.29,Hari Biasa,0,3,0,0,11,20,14.46,16.53,16.47,17.914285714285715,17.304285714285715,19.89,22.36,3.06,3.4666666666666663,89.61,14.75,5.31,334.83,43.92,-0.6515303615068021,0.75862255966641,69.1932,-0.5000000000000004,0.8660254037844384,0.43388373911755823,-0.900968867902419
2025-11-21,24.27,24.67,326.42,7.87,34.83,27.14,86.03,4.1,4.39,Hari Biasa,0,4,0,0,11,21,12.2,30.55,14.67,17.304285714285715,18.675714285714285,13.08,35.33,5.29,4.1866666666666665,86.76,12.45,3.78,338.08,49.62,-0.6383844591746642,0.7697176640069211,17.999,-0.5000000000000004,0.8660254037844384,-0.433883739117558,-0.9009688679024191
2025-11-22,24.28,24.68,321.92,7.9,44.42,27.57,83.13,2.1,5.47,Hari Biasa,0,5,1,1,11,22,24.27,14.46,16.22,18.675714285714285,19.827142857142857,4.1,37.07,4.39,4.246666666666666,86.03,24.67,7.87,326.42,34.83,-0.6250496486104377,0.7805849965070866,11.487,-0.5000000000000004,0.8660254037844384,-0.9749279121818236,-0.2225209339563146
2025-11-23,24.44,24.79,347.08,8.16,46.17,27.81,81.89,2.13,4.18,Hari Biasa,0,6,1,1,11,23,24.28,12.2,16.5,19.827142857142857,20.961428571428574,2.1,19.28,5.47,5.05,83.13,24.68,7.9,321.92,44.42,-0.6115298757991053,0.7912213413483807,8.9034,-0.5000000000000004,0.8660254037844384,-0.7818314824680299,0.6234898018587334
2025-11-24,18.62,19.06,284.04,5.29,50.17,27.59,83.42,1.89,6.98,Hari Biasa,0,0,0,0,11,24,24.44,24.27,16.53,20.961428571428574,21.259999999999998,2.13,8.33,4.18,4.68,81.89,24.79,8.16,347.08,46.17,-0.5978291414589552,0.801623551065242,13.1922,-0.5000000000000004,0.8660254037844384,0.0,1.0
2025-11-25,18.41,18.79,312.46,7.13,42.71,27.64,84.29,1.46,6.98,Hari Biasa,0,1,0,0,11,25,18.62,24.28,30.55,21.259999999999998,19.525714285714287,1.89,6.12,6.98,5.543333333333333,83.42,19.06,5.29,284.04,50.17,-0.5839514998576998,0.8117885474764613,10.190800000000001,-0.5000000000000004,0.8660254037844384,0.7818314824680298,0.6234898018587336
2025-11-26,19.74,20.04,396.5,4.68,45.08,27.78,83.41,1.89,4.86,Hari Biasa,0,2,0,0,11,26,18.41,24.44,14.46,19.525714285714287,20.28,1.46,5.4799999999999995,6.98,6.046666666666667,84.29,18.79,7.13,312.46,42.71,-0.5699010576127624,0.8217133225960589,9.1854,-0.5000000000000004,0.8660254037844384,0.9749279121818236,-0.22252093395631434
2025-11-27,24.91,25.1,335.67,7.18,44.75,27.88,83.09,2.61,4.25,Hari Biasa,0,3,0,0,11,27,19.74,18.62,12.2,20.28,22.095714285714287,1.89,5.24,4.86,6.273333333333333,83.41,20.04,4.68,396.5,45.08,-0.5556819724760489,0.8313949395234058,11.0925,-0.5000000000000004,0.8660254037844384,0.43388373911755823,-0.900968867902419
2025-11-28,15.39,15.57,364.25,3.58,57.75,28.51,79.5,0.55,3.67,Hari Biasa,0,4,0,0,11,28,24.91,18.41,24.27,22.095714285714287,20.827142857142857,2.61,5.96,4.25,5.363333333333333,83.09,25.1,7.18,335.67,44.75,-0.5412984521036173,0.8408305333122887,2.0185,-0.5000000000000004,0.8660254037844384,-0.433883739117558,-0.9009688679024191
2025-11-29,13.61,13.86,289.96,3.48,38.92,27.95,82.18,0.99,5.58,Hari Biasa,0,5,1,1,11,29,15.39,19.74,24.28,20.827142857142857,19.302857142857142,0.55,5.05,3.67,4.260000000000001,79.5,15.57,3.58,364.25,57.75,-0.5267547528105542,0.8500173118187018,5.5242,-0.5000000000000004,0.8660254037844384,-0.9749279121818236,-0.2225209339563146
2025-11-30,13.75,14.04,268.75,4.05,49.62,28.16,79.47,1.24,4.18,Hari Biasa,0,6,1,1,11,30,13.61,24.91,24.44,19.302857142857142,17.775714285714287,0.99,4.15,5.58,4.5,82.18,13.86,3.48,289.96,38.92,-0.5120551783114646,0.8589525565270845,5.183199999999999,-0.5000000000000004,0.8660254037844384,-0.7818314824680299,0.6234898018587334
2025-12-01,14.34,14.61,311.67,5.15,44.04,27.77,81.3,2.16,3.6,Hari Biasa,0,0,0,0,12,1,13.75,15.39,18.62,17.775714285714287,17.164285714285715,1.24,2.7800000000000002,4.18,4.476666666666667,79.47,14.04,4.05,268.75,49.62,-0.4972040784469378,0.8676336233547726,7.776000000000001,-2.4492935982947064e-16,1.0,0.0,1.0
2025-12-02,11.51,11.63,288.21,4.52,46.17,27.86,80.65,5.38,5.9,Hari Biasa,0,1,0,0,12,2,14.34,13.61,18.41,17.164285714285715,16.178571428571427,2.16,4.390000000000001,3.6,4.453333333333333,81.3,14.61,5.15,311.67,44.04,-0.4822058478963526,0.8760579434344281,31.742,-2.4492935982947064e-16,1.0,0.7818314824680298,0.6234898018587336
2025-12-03,16.28,16.5,362.5,7.04,41.96,26.43,90.7,26.45,6.8,Hari Biasa,0,2,0,0,12,3,11.51,13.75,19.74,16.178571428571427,15.684285714285716,5.38,8.780000000000001,5.9,4.56,80.65,11.63,4.52,288.21,46.17,-0.46706492487743034,0.8842230238742036,179.85999999999999,-2.4492935982947064e-16,1.0,0.9749279121818236,-0.22252093395631434
2025-12-04,9.34,9.65,252.25,3.02,57.71,26.25,89.1,25.39,5.9,Hari Biasa,0,3,0,0,12,4,16.28,14.34,24.91,15.684285714285716,13.459999999999999,26.45,33.99,6.8,5.433333333333334,90.7,16.5,7.04,362.5,41.96,-0.451785789832884,0.8921264484954345,149.80100000000002,-2.4492935982947064e-16,1.0,0.43388373911755823,-0.900968867902419
2025-12-05,10.62,11.06,239.38,3.44,50.67,26.26,90.19,33.38,6.66,Hari Biasa,0,4,0,0,12,5,9.34,11.51,15.39,13.459999999999999,12.778571428571428,25.39,57.22,5.9,6.2,89.1,9.65,3.02,252.25,57.71,-0.4363729641045924,0.8997658785476209,222.31080000000003,-2.4492935982947064e-16,1.0,-0.433883739117558,-0.9009688679024191
2025-12-06,13.85,14.39,257.62,4.54,46.83,26.62,86.8,8.65,6.98,Hari Biasa,0,5,1,1,12,6,10.62,16.28,13.61,12.778571428571428,12.812857142857144,33.38,85.22,6.66,6.453333333333333,90.19,11.06,3.44,239.38,50.67,-0.42083100859565564,0.9071390534005044,60.37700000000001,-2.4492935982947064e-16,1.0,-0.9749279121818236,-0.2225209339563146
2025-12-07,23.25,23.74,343.38,8.35,43.67,26.39,90.18,11.69,5.04,Hari Biasa,0,6,1,1,12,7,13.85,9.34,13.75,12.812857142857144,14.17,8.65,67.42,6.98,6.513333333333333,86.8,14.39,4.54,257.62,46.83,-0.4051645224207563,0.9142437912130223,58.9176,-2.4492935982947064e-16,1.0,-0.7818314824680299,0.6234898018587334
2025-12-08,26.45,27.12,602.75,6.38,52.33,26.72,87.72,22.07,3.67,Hari Biasa,0,0,0,0,12,8,23.25,10.62,14.34,14.17,15.900000000000002,11.69,53.72,5.04,6.226666666666667,90.18,23.74,8.35,343.38,43.67,-0.3893781415452015,0.9210779895789526,80.9969,-2.4492935982947064e-16,1.0,0.0,1.0
2025-12-09,30.86,31.11,590.17,9.33,45.96,26.56,87.88,9.58,3.56,Hari Biasa,0,1,0,0,12,9,26.45,13.85,11.51,15.900000000000002,18.664285714285715,22.07,42.41,3.67,5.23,87.72,27.12,6.38,602.75,52.33,-0.37347653741307074,0.9276396261490467,34.1048,-2.4492935982947064e-16,1.0,0.7818314824680298,0.6234898018587336
2025-12-10,29.33,29.69,460.96,9.28,42.79,26.6,86.28,9.32,4.46,Hari Biasa,0,2,0,0,12,10,30.86,23.25,16.28,18.664285714285715,20.52857142857143,9.58,43.34,3.56,4.090000000000001,87.88,31.11,9.33,590.17,45.96,-0.3574644155648614,0.9339267592294762,41.5672,-2.4492935982947064e-16,1.0,0.9749279121818236,-0.22252093395631434
2025-12-11,33.09,33.38,411.62,11.09,41.58,27.05,87.68,8.08,4.43,Hari Biasa,0,3,0,0,12,11,29.33,26.45,9.34,20.52857142857143,23.92142857142857,9.32,40.97,4.46,3.8966666666666665,86.28,29.69,9.28,460.96,42.79,-0.34134651424503615,0.9399375283564133,35.794399999999996,-2.4492935982947064e-16,1.0,0.43388373911755823,-0.900968867902419
2025-12-12,11.19,11.38,328.42,3.83,51.04,26.71,86.44,24.08,3.67,Hari Biasa,0,4,0,0,12,12,33.09,30.86,10.62,23.92142857142857,24.002857142857142,8.08,26.98,4.43,4.1499999999999995,87.68,33.38,11.09,411.62,41.58,-0.3251276029999093,0.9456701548465688,88.3736,-2.4492935982947064e-16,1.0,-0.433883739117558,-0.9009688679024191
2025-12-13,18.7,18.88,323.04,6.42,49.79,26.9,84.56,39.9,3.64,Hari Biasa,0,5,1,1,12,13,11.19,29.33,13.85,24.002857142857142,24.695714285714285,24.08,41.48,3.67,4.1866666666666665,86.44,11.38,3.83,328.42,51.04,-0.30881248126625377,0.9511229423235357,145.236,-2.4492935982947064e-16,1.0,-0.9749279121818236,-0.2225209339563146
2025-12-14,18.53,18.61,315.54,8.6,40.04,26.57,87.4,24.29,3.64,Hari Biasa,0,6,1,1,12,14,18.7,33.09,23.25,24.695714285714285,24.021428571428572,39.9,72.06,3.64,3.9133333333333336,84.56,18.88,6.42,323.04,49.79,-0.29240597695107734,0.9562942772197719,88.4156,-2.4492935982947064e-16,1.0,-0.7818314824680299,0.6234898018587334
2025-12-15,24.63,24.92,421.58,8.95,40.88,26.58,84.84,4.19,3.17,Hari Biasa,0,0,0,0,12,15,18.53,11.19,26.45,24.021428571428572,23.761428571428574,24.29,88.27,3.64,3.65,87.4,18.61,8.6,315.54,40.04,-0.27591294500296043,0.9611826292540837,13.282300000000001,-2.4492935982947064e-16,1.0,0.0,1.0
2025-12-16,19.85,19.99,406.62,5.2,35.12,26.98,83.51,3.53,3.67,Hari Biasa,0,1,0,0,12,16,24.63,18.7,30.86,23.761428571428574,22.18857142857143,4.19,68.38,3.17,3.483333333333333,84.84,24.92,8.95,421.58,40.88,-0.2593382659754056,0.9657865518844574,12.9551,-2.4492935982947064e-16,1.0,0.7818314824680298,0.6234898018587336
2025-12-17,16.81,17.03,342.92,3.44,54.46,26.22,90.39,3.86,4.43,Hari Biasa,0,2,0,0,12,17,19.85,18.53,29.33,22.18857142857143,20.400000000000002,3.53,32.01,3.67,3.4933333333333336,83.51,19.99,5.2,406.62,35.12,-0.2426868445825954,0.9701046827361175,17.0998,-2.4492935982947064e-16,1.0,0.9749279121818236,-0.22252093395631434
2025-12-18,17.15,17.28,407.67,5.27,45.46,27.32,81.74,2.64,4.03,Hari Biasa,0,3,0,0,12,18,16.81,24.63,33.09,20.400000000000002,18.122857142857146,3.86,11.58,4.43,3.7566666666666664,90.39,17.03,3.44,342.92,54.46,-0.22596360824801906,0.974135744004672,10.6392,-2.4492935982947064e-16,1.0,0.43388373911755823,-0.900968867902419
2025-12-19,14.54,14.63,440.54,4.54,49.08,27.28,83.65,3.46,3.38,Hari Biasa,0,4,0,0,12,19,17.15,19.85,11.19,18.122857142857146,18.601428571428567,2.64,10.03,4.03,4.043333333333333,81.74,17.28,5.27,407.67,45.46,-0.20917350564635637,0.9778785428342386,11.694799999999999,-2.4492935982947064e-16,1.0,-0.433883739117558,-0.9009688679024191
2025-12-20,24.3,24.58,363.17,7.7,37.83,26.87,87.21,4.35,3.82,Hari Biasa,0,5,1,1,12,20,14.54,16.81,18.7,18.601428571428567,19.40142857142857,3.46,9.96,3.38,3.9466666666666668,83.65,14.63,4.54,440.54,49.08,-0.19232150523909483,0.9813319716704275,16.616999999999997,-2.4492935982947064e-16,1.0,-0.9749279121818236,-0.2225209339563146
2025-12-21,24.63,24.93,349.88,7.7,35.54,26.82,87.42,2.46,4.57,Hari Biasa,0,6,1,1,12,21,24.3,17.15,18.53,19.40142857142857,20.27285714285714,4.35,10.45,3.82,3.7433333333333336,87.21,24.58,7.7,363.17,37.83,-0.17541259380427843,0.9844950085880858,11.2422,-2.4492935982947064e-16,1.0,-0.7818314824680299,0.6234898018587334
2025-12-22,17.78,18.18,397.75,3.98,48.92,27.12,86.86,2.07,3.71,Hari Biasa,0,0,0,0,12,22,24.63,14.54,24.63,20.27285714285714,19.294285714285714,2.46,10.27,4.57,3.9233333333333333,87.42,24.93,7.7,349.88,35.54,-0.15845177496083632,0.9873667175937016,7.6796999999999995,-2.4492935982947064e-16,1.0,0.0,1.0
2025-12-23,18.3,18.63,390.96,4.54,42.5,27.02,88.22,3.44,5.36,Hari Biasa,0,1,0,0,12,23,17.78,24.3,19.85,19.294285714285714,19.072857142857142,2.07,8.88,3.71,4.033333333333334,86.86,18.18,3.98,397.75,48.92,-0.14144406768794202,0.9899462489023779,18.4384,-2.4492935982947064e-16,1.0,0.7818314824680298,0.6234898018587336
2025-12-24,21.84,22.05,351.04,7.24,39.29,26.55,90.3,5.9,3.92,Hari Biasa,0,2,0,0,12,24,18.3,24.63,16.81,19.072857142857142,19.791428571428572,3.44,7.970000000000001,5.36,4.546666666666667,88.22,18.63,4.54,390.96,42.5,-0.12439450483979998,0.9922328391893008,23.128,-2.4492935982947064e-16,1.0,0.9749279121818236,-0.22252093395631434
2025-12-25,15.94,16.24,328.79,4.33,40.54,26.43,87.51,2.27,4.57,Hari Raya Natal,1,3,0,1,12,25,21.84,17.78,17.15,19.791428571428572,19.618571428571425,5.9,11.41,3.92,4.330000000000001,90.3,22.05,7.24,351.04,39.29,-0.10730813165636247,0.9942258118156161,10.3739,-2.4492935982947064e-16,1.0,0.43388373911755823,-0.900968867902419
2025-12-26,10.37,10.55,263.42,3.58,40.21,27.18,86.46,4.99,6.23,Hari Biasa,0,4,0,0,12,26,15.94,18.3,14.54,19.618571428571425,19.02285714285714,2.27,11.610000000000001,4.57,4.616666666666667,87.51,16.24,4.33,328.79,40.54,-0.09019000427034513,0.9959245770286599,31.087700000000005,-2.4492935982947064e-16,1.0,-0.433883739117558,-0.9009688679024191
2025-12-27,21.57,21.68,385.08,7.12,38.04,26.78,90.37,18.6,5.44,Hari Biasa,0,5,1,1,12,27,10.37,21.84,24.3,19.02285714285714,18.632857142857144,4.99,13.160000000000002,6.23,4.906666666666667,86.46,10.55,3.58,263.42,40.21,-0.07304518821104743,0.9973286321364752,101.18400000000001,-2.4492935982947064e-16,1.0,-0.9749279121818236,-0.2225209339563146
2025-12-28,20.0,20.15,272.29,5.04,40.12,27.05,85.27,2.02,3.53,Hari Biasa,0,6,1,1,12,28,21.57,15.94,24.63,18.632857142857144,17.97142857142857,18.6,25.860000000000003,5.44,5.413333333333334,90.37,21.68,7.12,385.08,38.04,-0.05587875690537313,0.9984375616565666,7.130599999999999,-2.4492935982947064e-16,1.0,-0.7818314824680299,0.6234898018587334
2025-12-29,16.95,17.22,353.29,3.32,42.04,27.32,86.65,3.59,4.57,Hari Biasa,0,0,0,0,12,29,20.0,10.37,17.78,17.97142857142857,17.852857142857143,2.02,25.610000000000003,3.53,5.066666666666667,85.27,20.15,5.04,272.29,40.12,-0.03869579017652689,0.9992510374388481,16.4063,-2.4492935982947064e-16,1.0,0.0,1.0
2025-12-30,26.4,26.65,465.96,6.29,39.92,26.9,86.7,1.09,5.04,Hari Biasa,0,1,0,0,12,30,16.95,21.57,18.3,17.852857142857143,19.009999999999998,3.59,24.210000000000004,4.57,4.513333333333334,86.65,17.22,3.32,353.29,42.04,-0.021501372740813793,0.999768818762748,5.493600000000001,-2.4492935982947064e-16,1.0,0.7818314824680298,0.6234898018587336
2025-12-31,22.65,22.85,331.96,4.63,49.75,26.92,85.22,3.83,2.95,Hari Biasa,0,2,0,0,12,31,26.4,20.0,21.84,19.009999999999998,19.125714285714285,1.09,6.700000000000004,5.04,4.38,86.7,26.65,6.29,465.96,39.92,-0.004300592702981974,0.9999907524084426,11.2985,-2.4492935982947064e-16,1.0,0.9749279121818236,-0.22252093395631434
2026-01-01,20.9,21.14,302.83,7.44,39.12,26.7,88.13,5.34,4.64,Tahun Baru Masehi,1,3,0,1,1,1,22.65,16.95,15.94,19.125714285714285,19.83428571428571,3.83,8.510000000000003,2.95,4.1866666666666665,85.22,22.85,4.63,331.96,49.75,0.017201575418260506,0.9998520419557735,24.777599999999996,0.49999999999999994,0.8660254037844387,0.43388373911755823,-0.900968867902419
2026-01-02,13.99,14.31,267.54,4.07,42.67,26.67,86.24,7.48,4.82,Hari Biasa,0,4,0,0,1,2,20.9,26.4,10.37,19.83428571428571,20.351428571428567,5.34,10.260000000000003,4.64,4.21,88.13,21.14,7.44,302.83,39.12,0.03439806061360801,0.9994082116062598,36.0536,0.49999999999999994,0.8660254037844387,-0.433883739117558,-0.9009688679024191
2026-01-03,19.32,19.58,443.71,6.59,34.92,26.66,84.58,8.22,3.35,Hari Biasa,0,5,1,1,1,3,13.99,22.65,21.57,20.351428571428567,20.029999999999998,7.48,16.650000000000006,4.82,4.136666666666667,86.24,14.31,4.07,267.54,42.67,0.051584366869408364,0.9986686402879997,27.537000000000003,0.49999999999999994,0.8660254037844387,-0.9749279121818236,-0.2225209339563146
2026-01-04,13.21,13.67,295.04,4.59,43.96,26.42,84.98,3.47,3.06,Hari Biasa,0,6,1,1,1,4,19.32,20.9,20.0,20.029999999999998,19.06,8.22,21.040000000000006,3.35,4.2700000000000005,84.58,19.58,6.59,443.71,34.92,0.06875540848113941,0.9976335468520451,10.618200000000002,0.49999999999999994,0.8660254037844387,-0.7818314824680299,0.6234898018587334
2026-01-05,15.25,15.6,382.42,5.32,38.17,26.67,85.05,3.44,3.38,Hari Biasa,0,0,0,0,1,5,13.21,13.99,16.95,19.06,18.81714285714286,3.47,19.170000000000005,3.06,3.7433333333333336,84.98,13.67,4.59,295.04,43.96,0.08590610426133272,0.9963032375991965,11.6272,0.49999999999999994,0.8660254037844387,0.0,1.0
2026-01-06,13.6,13.89,385.38,4.95,38.75,25.9,89.85,4.66,4.61,Hari Biasa,0,1,0,0,1,6,15.25,19.32,26.4,18.81714285714286,16.98857142857143,3.44,15.130000000000004,3.38,3.263333333333333,85.05,15.6,5.32,382.42,38.17,0.10303137904317879,0.9946781061893646,21.4826,0.49999999999999994,0.8660254037844387,0.7818314824680298,0.6234898018587336
2026-01-07,22.79,23.05,304.67,6.61,32.25,26.1,88.01,9.59,4.14,Hari Biasa,0,2,0,0,1,7,13.6,13.21,22.65,16.98857142857143,17.00857142857143,4.66,11.570000000000004,4.61,3.6833333333333336,89.85,13.89,4.95,385.38,38.75,0.1201261651823505,0.9927586335250793,39.7026,0.49999999999999994,0.8660254037844387,0.9749279121818236,-0.22252093395631434
2026-01-08,27.11,27.55,380.21,7.22,40.33,26.12,86.94,14.0,3.56,Hari Biasa,0,3,0,0,1,8,22.79,15.25,20.9,17.00857142857143,17.895714285714288,9.59,17.690000000000005,4.14,4.043333333333333,88.01,23.05,6.61,304.67,32.25,0.13718540405660057,0.9905453876091833,49.84,0.49999999999999994,0.8660254037844387,0.43388373911755823,-0.900968867902419
2026-01-09,19.35,19.5,350.38,6.54,34.71,26.85,85.8,2.47,3.56,Hari Biasa,0,4,0,0,1,9,27.11,13.6,13.99,17.895714285714288,18.66142857142857,14.0,28.250000000000004,3.56,4.1033333333333335,86.94,27.55,7.22,380.21,40.33,0.1542040475626894,0.988039023376751,8.7932,0.49999999999999994,0.8660254037844387,-0.433883739117558,-0.9009688679024191
2026-01-10,14.9,15.11,347.58,4.07,43.04,26.39,90.56,6.92,4.64,Hari Biasa,0,5,1,1,1,10,19.35,22.79,19.32,18.66142857142857,18.03,2.47,26.060000000000002,3.56,3.7533333333333334,85.8,19.5,6.54,350.38,34.71,0.17117705961019986,0.985240282501282,32.108799999999995,0.49999999999999994,0.8660254037844387,-0.9749279121818236,-0.2225209339563146
2026-01-11,10.28,10.4,315.88,4.12,40.33,26.31,88.87,11.28,3.85,Hari Biasa,0,6,1,1,1,11,14.9,27.11,13.21,18.03,17.611428571428572,6.92,23.390000000000004,4.64,3.92,90.56,15.11,4.07,347.58,43.04,0.18809941761179758,0.9821499931752291,43.428,0.49999999999999994,0.8660254037844387,-0.7818314824680299,0.6234898018587334
2026-01-12,15.77,16.09,402.25,4.17,48.83,26.91,82.18,6.41,4.1,Hari Biasa,0,0,0,0,1,12,10.28,19.35,15.25,17.611428571428572,17.685714285714287,11.28,20.67,3.85,4.016666666666667,88.87,10.4,4.12,315.88,40.33,0.20496611396949532,0.9787690698649216,26.281,0.49999999999999994,0.8660254037844387,0.0,1.0
2026-01-13,12.47,12.68,343.12,2.35,51.0,27.37,79.34,3.01,2.7,Hari Biasa,0,1,0,0,1,13,15.77,14.9,13.6,17.685714285714287,17.524285714285714,6.41,24.610000000000007,4.1,4.196666666666666,82.18,16.09,4.17,402.25,48.83,0.22177215755648186,0.975098513039961,8.127,0.49999999999999994,0.8660254037844387,0.7818314824680298,0.6234898018587336
2026-01-14,17.58,17.92,340.17,3.72,50.83,27.66,79.83,1.33,4.07,Hari Biasa,0,2,0,0,1,14,12.47,10.28,22.79,17.524285714285714,16.779999999999998,3.01,20.700000000000003,2.7,3.5499999999999994,79.34,12.68,2.35,343.12,51.0,0.23851257519407648,0.9711394088771653,5.413100000000001,0.49999999999999994,0.8660254037844387,0.9749279121818236,-0.22252093395631434
2026-01-15,19.0,19.93,353.62,5.25,46.04,27.29,83.88,1.13,5.0,Hari Biasa,0,3,0,0,1,15,17.58,15.77,27.11,16.779999999999998,15.62142857142857,1.33,10.750000000000004,4.07,3.6233333333333335,79.83,17.92,3.72,340.17,50.83,0.2551824131233728,0.9668929289391521,5.6499999999999995,0.49999999999999994,0.8660254037844387,0.43388373911755823,-0.900968867902419
2026-01-16,8.37,8.98,250.29,2.95,51.79,26.75,86.23,1.1,8.24,Hari Biasa,0,4,0,0,1,16,19.0,12.47,19.35,15.62142857142857,14.052857142857144,1.13,5.470000000000003,5.0,3.9233333333333333,83.88,19.93,5.25,353.62,46.04,0.2717767384711357,0.9623603298276545,9.064000000000002,0.49999999999999994,0.8660254037844387,-0.433883739117558,-0.9009688679024191
2026-01-17,19.07,19.72,449.42,5.08,44.04,26.44,87.22,1.78,6.52,Hari Biasa,0,5,1,1,1,17,8.37,17.58,14.9,14.052857142857144,14.648571428571428,1.1,3.5600000000000036,8.24,5.7700000000000005,86.23,8.98,2.95,250.29,51.79,0.2882906407095177,0.9575429528116719,11.605599999999999,0.49999999999999994,0.8660254037844387,-0.9749279121818236,-0.2225209339563146
2026-01-18,18.31,18.85,259.92,5.18,46.12,26.92,86.91,1.96,6.62,Hari Biasa,0,6,1,1,1,18,19.07,19.0,10.28,14.648571428571428,15.795714285714284,1.78,4.010000000000003,6.52,6.586666666666667,87.22,19.72,5.08,449.42,44.04,0.3047192331091634,0.9524422234305676,12.9752,0.49999999999999994,0.8660254037844387,-0.7818314824680299,0.6234898018587334
2026-01-19,19.65,20.22,468.04,5.74,40.54,26.5,90.07,8.44,7.92,Hari Biasa,0,0,0,0,1,19,18.31,8.37,15.77,15.795714285714284,16.349999999999998,1.96,4.840000000000003,6.62,7.126666666666668,86.91,18.85,5.18,259.92,46.12,0.321057654185271,0.9470596510722283,66.84479999999999,0.49999999999999994,0.8660254037844387,0.0,1.0
2026-01-20,17.04,17.66,333.25,4.12,49.08,26.49,87.55,10.72,8.14,Hari Biasa,0,1,0,0,1,20,19.65,19.07,12.47,16.349999999999998,17.002857142857142,8.44,12.180000000000003,7.92,7.02,90.07,20.22,5.74,468.04,40.54,0.3373010691361842,0.9413968285264122,87.26080000000002,0.49999999999999994,0.8660254037844387,0.7818314824680298,0.6234898018587336
2026-01-21,13.45,13.74,455.08,3.73,47.62,27.06,83.98,4.21,6.48,Hari Biasa,0,2,0,0,1,21,17.04,18.31,17.58,17.002857142857142,16.412857142857142,10.72,21.120000000000005,8.14,7.56,87.55,17.66,4.12,333.25,49.08,0.3534446712740877,0.9354554315134164,27.280800000000003,0.49999999999999994,0.8660254037844387,0.9749279121818236,-0.22252093395631434
2026-01-22,13.12,13.62,338.38,2.52,48.38,27.73,80.1,0.47,3.49,Hari Biasa,0,3,0,0,1,22,13.45,19.65,19.0,16.412857142857142,15.572857142857142,4.21,23.370000000000005,6.48,7.513333333333333,83.98,13.74,3.73,455.08,47.62,0.3694836834473831,0.9292372181882051,1.6403,0.49999999999999994,0.8660254037844387,0.43388373911755823,-0.900968867902419
2026-01-23,12.57,13.38,361.38,2.56,49.83,27.74,83.87,0.47,6.44,Hari Biasa,0,4,0,0,1,23,13.12,17.04,8.37,15.572857142857142,16.172857142857143,0.47,15.400000000000004,3.49,6.036666666666666,80.1,13.62,2.52,338.38,48.38,0.38541335945432564,0.9227440286201427,3.0268,0.49999999999999994,0.8660254037844387,-0.433883739117558,-0.9009688679024191
2026-01-24,12.85,14.35,295.38,2.39,52.83,27.93,80.5,0.68,4.57,Hari Biasa,0,5,1,1,1,24,12.57,13.45,19.07,16.172857142857143,15.284285714285714,0.47,5.150000000000004,6.44,5.47,83.87,13.38,2.56,361.38,49.83,0.4012289854475009,0.9159777842484877,3.1076000000000006,0.49999999999999994,0.8660254037844387,-0.9749279121818236,-0.2225209339563146
2026-01-25,17.08,18.27,288.17,2.79,50.0,27.48,82.34,1.14,3.49,Hari Biasa,0,6,1,1,1,25,12.85,13.12,18.31,15.284285714285714,15.108571428571427,0.68,1.6200000000000037,4.57,4.833333333333333,80.5,14.35,2.39,295.38,52.83,0.4169258813287287,0.908940487313808,3.9785999999999997,0.49999999999999994,0.8660254037844387,-0.7818314824680299,0.6234898018587334
2026-01-26,20.94,21.92,290.46,4.7,36.92,27.12,85.56,1.06,5.62,Hari Biasa,0,0,0,0,1,26,17.08,12.57,19.65,15.108571428571427,15.292857142857143,1.14,2.2900000000000036,3.49,4.833333333333333,82.34,18.27,2.79,288.17,50.0,0.4324994021339788,0.901634220265486,5.9572,0.49999999999999994,0.8660254037844387,0.0,1.0
2026-01-27,24.53,25.63,293.5,4.28,47.58,26.91,86.98,2.36,4.39,Hari Biasa,0,1,0,0,1,27,20.94,12.85,17.04,15.292857142857143,16.36285714285714,1.06,2.8800000000000034,5.62,4.56,85.56,21.92,4.7,290.46,36.92,0.44794493940789115,0.8940611451454876,10.360399999999998,0.49999999999999994,0.8660254037844387,0.7818314824680298,0.6234898018587336
2026-01-28,11.84,12.09,329.17,3.84,42.0,26.36,87.92,38.2,3.35,Hari Biasa,0,2,0,0,1,28,24.53,17.08,13.45,16.36285714285714,16.132857142857144,2.36,4.560000000000003,4.39,4.5,86.98,25.63,4.28,293.5,47.58,0.4632579225674917,0.88622350294858,127.97000000000001,0.49999999999999994,0.8660254037844387,0.9749279121818236,-0.22252093395631434
2026-01-29,14.96,15.11,308.21,5.35,40.75,26.27,89.78,12.95,7.74,Hari Biasa,0,3,0,0,1,29,11.84,20.94,13.12,16.132857142857144,16.395714285714288,38.2,41.620000000000005,3.35,4.453333333333334,87.92,12.09,3.84,329.17,42.0,0.4784338202547012,0.8781236129591848,100.233,0.49999999999999994,0.8660254037844387,0.43388373911755823,-0.900968867902419
2026-01-30,8.6,8.74,325.96,2.87,51.38,26.96,83.75,1.74,2.88,Hari Biasa,0,4,0,0,1,30,14.96,24.53,12.57,16.395714285714288,15.828571428571427,12.95,53.510000000000005,7.74,5.16,89.78,15.11,5.35,308.21,40.75,0.49346814167723735,0.8697638720650646,5.0112,0.49999999999999994,0.8660254037844387,-0.433883739117558,-0.9009688679024191
2026-01-31,10.88,11.08,326.46,3.9,36.83,26.46,85.93,1.94,5.58,Hari Biasa,0,5,1,1,1,31,8.6,11.84,12.85,15.828571428571427,15.547142857142857,1.74,52.89,2.88,4.656666666666666,83.75,8.74,2.87,325.96,51.38,0.5083564379375122,0.8611467540480452,10.8252,0.49999999999999994,0.8660254037844387,-0.9749279121818236,-0.2225209339563146
2026-02-01,15.75,16.13,366.46,4.05,43.79,26.46,88.57,4.79,4.72,Hari Biasa,0,6,1,1,2,1,10.88,14.96,17.08,15.547142857142857,15.357142857142858,1.94,16.63,5.58,5.3999999999999995,85.93,11.08,3.9,326.46,36.83,0.5230943033491326,0.8522748088519838,22.6088,0.8660254037844386,0.5000000000000001,-0.7818314824680299,0.6234898018587334
2026-02-02,17.9,18.22,362.38,4.73,45.42,26.39,87.04,2.62,4.14,Hari Biasa,0,0,0,0,2,2,15.75,8.6,20.94,15.357142857142858,14.922857142857143,4.79,8.469999999999999,4.72,4.3933333333333335,88.57,16.13,4.05,366.46,43.79,0.5376773767406141,0.8431506618282,10.8468,0.8660254037844386,0.5000000000000001,0.0,1.0
2026-02-03,14.89,15.39,396.29,3.2,46.21,26.31,89.5,5.78,5.87,Hari Biasa,0,1,0,0,2,3,17.9,10.88,24.53,14.922857142857143,13.545714285714286,2.62,9.35,4.14,4.8133333333333335,87.04,18.22,4.73,362.38,45.42,0.5521013427459208,0.8337770129585915,33.9286,0.8660254037844386,0.5000000000000001,0.7818314824680298,0.6234898018587336
2026-02-04,14.55,14.88,292.88,4.86,39.29,26.71,86.68,4.94,4.64,Hari Biasa,0,2,0,0,2,4,14.89,15.75,11.84,13.545714285714286,13.932857142857143,5.78,13.190000000000001,5.87,4.909999999999999,89.5,15.39,3.2,396.29,46.21,0.5663619330814524,0.8241566360566663,22.9216,0.8660254037844386,0.5000000000000001,0.9749279121818236,-0.22252093395631434
2026-02-05,16.35,16.87,395.25,5.1,40.71,27.1,84.45,1.65,4.28,Hari Biasa,0,3,0,0,2,5,14.55,17.9,14.96,13.932857142857143,14.13142857142857,4.94,13.340000000000002,4.64,4.883333333333333,86.68,14.88,4.86,292.88,39.29,0.580454927809098,0.8142923779467267,7.062,0.8660254037844386,0.5000000000000001,0.43388373911755823,-0.900968867902419
2026-02-06,8.86,9.3,286.29,2.62,40.42,26.49,87.45,1.84,6.16,Hari Biasa,0,4,0,0,2,6,16.35,14.89,8.6,14.13142857142857,14.168571428571429,1.65,12.370000000000001,4.28,4.93,84.45,16.87,5.1,395.25,40.71,0.5943761565849831,0.804187157621448,11.3344,0.8660254037844386,0.5000000000000001,-0.433883739117558,-0.9009688679024191
2026-02-07,10.29,10.53,333.71,3.48,36.58,26.53,88.12,4.04,5.51,Hari Biasa,0,5,1,1,2,7,8.86,14.55,10.88,14.168571428571429,14.084285714285715,1.84,8.43,6.16,5.026666666666666,87.45,9.3,2.62,286.29,40.42,0.6081214998935418,0.7938439653781019,22.2604,0.8660254037844386,0.5000000000000001,-0.9749279121818236,-0.2225209339563146
2026-02-08,9.06,9.23,384.25,2.92,37.0,26.01,89.1,16.08,4.75,Hari Biasa,0,6,1,1,2,8,10.29,16.35,15.75,14.084285714285715,13.12857142857143,4.04,7.53,5.51,5.316666666666667,88.12,10.53,3.48,333.71,36.58,0.6216868902665479,0.7832658619336791,76.38,0.8660254037844386,0.5000000000000001,-0.7818314824680299,0.6234898018587334
2026-02-09,14.47,14.75,383.25,3.97,38.75,25.98,88.34,2.5,4.68,Hari Biasa,0,0,0,0,2,9,9.06,8.86,17.9,13.12857142857143,12.638571428571428,16.08,21.96,4.75,5.473333333333334,89.1,9.23,2.92,384.25,37.0,0.6350683134867438,0.7724559775191742,11.7,0.8660254037844386,0.5000000000000001,0.0,1.0
2026-02-10,12.4,12.74,328.92,2.9,37.21,26.45,87.82,11.68,5.54,Hari Biasa,0,1,0,0,2,10,14.47,10.29,14.89,12.638571428571428,12.282857142857143,2.5,22.62,4.68,4.9799999999999995,88.34,14.75,3.97,383.25,38.75,0.6482618097757122,0.7614175109532997,64.7072,0.8660254037844386,0.5000000000000001,0.7818314824680298,0.6234898018587336
2026-02-11,17.96,18.21,404.25,5.7,40.0,26.29,90.66,15.58,5.0,Hari Biasa,0,2,0,0,2,11,12.4,9.06,14.55,12.282857142857143,12.77,11.68,30.259999999999998,5.54,4.989999999999999,87.82,12.74,2.9,328.92,37.21,0.6612634749656386,0.7501537286959042,77.9,0.8660254037844386,0.5000000000000001,0.9749279121818236,-0.22252093395631434
2026-02-12,10.99,11.06,345.08,3.96,38.58,26.54,85.33,5.19,4.03,Hari Biasa,0,3,0,0,2,12,17.96,14.47,16.35,12.77,12.004285714285713,15.58,29.759999999999998,5.0,5.073333333333333,90.66,18.21,5.7,404.25,40.0,0.6740694616546161,0.7386679638813748,20.915700000000005,0.8660254037844386,0.5000000000000001,0.43388373911755823,-0.900968867902419
2026-02-13,11.1,11.38,326.25,3.19,41.29,26.17,89.35,24.63,4.43,Hari Biasa,0,4,0,0,2,13,10.99,12.4,8.86,12.004285714285713,12.324285714285713,5.19,32.45,4.03,4.8566666666666665,85.33,11.06,3.96,345.08,38.58,0.6866759803451553,0.726963615332308,109.11089999999999,0.8660254037844386,0.5000000000000001,-0.433883739117558,-0.9009688679024191
2026-02-14,12.79,13.04,338.58,4.0,37.83,26.03,88.07,29.48,5.15,Hari Biasa,0,5,1,1,2,14,11.1,17.96,10.29,12.324285714285713,12.68142857142857,24.63,45.4,4.43,4.486666666666667,89.35,11.38,3.19,326.25,41.29,0.6990793005655562,0.7150441465537444,151.822,0.8660254037844386,0.5000000000000001,-0.9749279121818236,-0.2225209339563146
2026-02-15,14.03,14.4,241.83,2.15,43.17,27.07,84.08,1.7,4.36,Hari Biasa,0,6,1,1,2,15,12.79,10.99,9.06,12.68142857142857,13.391428571428571,29.48,59.3,5.15,4.536666666666667,88.07,13.04,4.0,338.58,37.83,0.7112757519738152,0.7029130847082615,7.412,0.8660254037844386,0.5000000000000001,-0.7818314824680299,0.6234898018587334
2026-02-16,16.1,16.68,276.79,2.09,43.71,27.07,87.08,10.06,4.43,Hari Biasa,0,0,0,0,2,16,14.03,11.1,14.47,13.391428571428571,13.624285714285715,1.7,55.809999999999995,4.36,4.646666666666667,84.08,14.4,2.15,241.83,43.17,0.7232617254437388,0.6905740195722293,44.565799999999996,0.8660254037844386,0.5000000000000001,0.0,1.0
2026-02-17,18.97,19.18,252.67,6.9,31.79,26.65,88.84,8.74,7.45,Hari Biasa,0,1,0,0,2,17,16.1,12.79,12.4,13.624285714285715,14.562857142857142,10.06,41.24,4.43,4.646666666666667,87.08,16.68,2.09,276.79,43.71,0.7350336741329413,0.6780306024735382,65.113,0.8660254037844386,0.5000000000000001,0.7818314824680298,0.6234898018587336
2026-02-18,10.28,10.57,231.67,2.27,42.83,27.17,84.89,3.64,7.34,Hari Biasa,0,2,0,0,2,18,18.97,14.03,17.96,14.562857142857142,13.465714285714284,8.74,20.5,7.45,5.413333333333334,88.84,19.18,6.9,252.67,31.79,0.746588114532413,0.6652865452111116,26.7176,0.8660254037844386,0.5000000000000001,0.9749279121818236,-0.22252093395631434
2026-02-19,13.82,14.2,267.46,4.62,37.92,27.71,81.01,2.01,2.7,Hari Biasa,0,3,0,0,2,19,10.28,16.1,10.99,13.465714285714284,13.870000000000001,3.64,22.44,7.34,6.406666666666666,84.89,10.57,2.27,231.67,42.83,0.7579216274973472,0.6523456189565257,5.427,0.8660254037844386,0.5000000000000001,0.43388373911755823,-0.900968867902419
2026-02-20,11.39,11.78,252.83,3.89,41.83,27.2,83.26,1.63,2.92,Hari Biasa,0,4,0,0,2,20,13.82,18.97,11.1,13.870000000000001,13.911428571428571,2.01,14.39,2.7,5.830000000000001,81.01,14.2,4.62,267.46,37.92,0.7690308592589181,0.6392116531380588,4.7596,0.8660254037844386,0.5000000000000001,-0.433883739117558,-0.9009688679024191
2026-02-21,13.29,13.57,259.54,4.72,32.88,25.99,91.05,21.5,4.68,Hari Biasa,0,5,1,1,2,21,11.39,10.28,12.79,13.911428571428571,13.982857142857142,1.63,7.279999999999999,2.92,4.32,83.26,11.78,3.89,252.83,41.83,0.7799125224167177,0.6258885343075018,100.61999999999999,0.8660254037844386,0.5000000000000001,-0.9749279121818236,-0.2225209339563146
2026-02-22,19.65,19.83,324.96,6.46,34.75,25.73,89.43,65.49,3.1,Hari Biasa,0,6,1,1,2,22,13.29,13.82,14.03,13.982857142857142,14.785714285714286,21.5,25.14,4.68,3.4333333333333336,91.05,13.57,4.72,259.54,32.88,0.7905633969115482,0.612380204990065,203.01899999999998,0.8660254037844386,0.5000000000000001,-0.7818314824680299,0.6234898018587334
2026-02-23,11.68,12.13,265.0,3.17,43.62,26.66,84.33,2.65,3.6,Hari Biasa,0,0,0,0,2,23,19.65,11.39,16.1,14.785714285714286,14.154285714285717,65.49,88.62,3.1,3.5666666666666664,89.43,19.83,6.46,324.96,34.75,0.8009803309782905,0.5986906625177214,9.54,0.8660254037844386,0.5000000000000001,0.0,1.0
2026-02-24,12.76,13.08,264.25,4.6,37.71,26.83,86.43,5.45,4.61,Hari Biasa,0,1,0,0,2,24,11.68,13.29,18.97,14.154285714285717,13.267142857142858,2.65,89.64,3.6,3.793333333333333,84.33,12.13,3.17,265.0,43.62,0.8111602420785621,0.5848239578463322,25.1245,0.8660254037844386,0.5000000000000001,0.7818314824680298,0.6234898018587336
2026-02-25,12.68,12.97,288.58,4.9,39.29,25.69,90.83,45.21,4.21,Hari Biasa,0,2,0,0,2,25,12.76,19.65,10.28,13.267142857142858,13.610000000000001,5.45,73.58999999999997,4.61,3.77,86.43,13.08,4.6,264.25,37.71,0.8211001178128892,0.5707841943569036,190.3341,0.8660254037844386,0.5000000000000001,0.9749279121818236,-0.22252093395631434
2026-02-26,10.71,10.9,308.04,3.52,32.88,25.88,88.11,4.08,5.11,Hari Biasa,0,3,0,0,2,26,12.68,11.68,13.82,13.610000000000001,13.165714285714285,45.21,53.31,4.21,4.140000000000001,90.83,12.97,4.9,288.58,39.29,0.8307970168121247,0.5565755266413303,20.8488,0.8660254037844386,0.5000000000000001,0.43388373911755823,-0.900968867902419
2026-02-27,14.86,15.4,356.71,3.38,40.12,26.86,84.81,1.05,5.94,Hari Biasa,0,4,0,0,2,27,10.71,12.76,11.39,13.165714285714285,13.661428571428571,4.08,54.74,5.11,4.6433333333333335,88.11,10.9,3.52,308.04,32.88,0.8402480696078469,0.5422021592729844,6.237000000000001,0.8660254037844386,0.5000000000000001,-0.433883739117558,-0.9009688679024191
2026-02-28,19.29,20.21,379.88,3.58,39.92,26.95,84.59,0.49,3.38,Hari Biasa,0,5,1,1,2,28,14.86,12.68,13.29,13.661428571428571,14.518571428571429,1.05,50.34,5.94,5.086666666666667,84.81,15.4,3.38,356.71,40.12,0.8494504794814806,0.527668345562516,1.6562,0.8660254037844386,0.5000000000000001,-0.9749279121818236,-0.2225209339563146
2026-03-01,15.88,16.7,309.96,3.08,41.21,27.47,81.19,0.4,2.77,Hari Biasa,0,6,1,1,3,1,19.29,10.71,19.65,14.518571428571429,13.98,0.49,5.62,3.38,4.81,84.59,20.21,3.58,379.88,39.92,0.8584015232918917,0.512978386299228,1.108,1.0,6.123233995736766e-17,-0.7818314824680299,0.6234898018587334
2026-03-02,15.61,16.34,355.08,2.96,47.33,27.65,82.97,0.7,3.53,Hari Biasa,0,0,0,0,3,2,15.88,14.86,11.68,13.98,14.541428571428572,0.4,1.94,2.77,4.03,81.19,16.7,3.08,309.96,41.21,0.8670985522812081,0.4981366284784055,2.4709999999999996,1.0,6.123233995736766e-17,0.0,1.0
2026-03-03,14.01,14.7,319.71,2.16,53.21,26.94,87.41,2.6,4.61,Hari Biasa,0,1,0,0,3,3,15.61,19.29,12.76,14.541428571428572,14.719999999999999,0.7,1.5899999999999999,3.53,3.2266666666666666,82.97,16.34,2.96,355.08,47.33,0.8755389928586302,0.4831474640149687,11.986,1.0,6.123233995736766e-17,0.7818314824680298,0.6234898018587336
2026-03-04,14.38,14.85,388.12,2.73,50.33,27.06,83.69,2.11,4.86,Hari Biasa,0,2,0,0,3,4,14.01,15.88,12.68,14.719999999999999,14.962857142857143,2.6,3.7,4.61,3.6366666666666667,87.41,14.7,2.16,319.71,53.21,0.8837203473619977,0.4680153284438345,10.2546,1.0,6.123233995736766e-17,0.9749279121818236,-0.22252093395631434
2026-03-05,14.55,14.99,358.71,2.61,44.5,26.72,86.63,1.44,3.17,Hari Biasa,0,3,0,0,3,5,14.38,15.61,10.71,14.962857142857143,15.51142857142857,2.11,5.41,4.86,4.333333333333333,83.69,14.85,2.73,388.12,50.33,0.8916401947968874,0.45274469960737107,4.5648,1.0,6.123233995736766e-17,0.43388373911755823,-0.900968867902419
2026-03-06,12.11,12.5,353.33,2.84,39.46,27.1,85.75,3.58,4.68,Hari Biasa,0,4,0,0,3,6,14.55,14.01,14.86,15.51142857142857,15.118571428571428,1.44,6.1499999999999995,3.17,4.213333333333334,86.63,14.99,2.61,358.71,44.5,0.8992961915530253,0.4373400963303323,16.7544,1.0,6.123233995736766e-17,-0.433883739117558,-0.9009688679024191
2026-03-07,15.83,16.18,405.21,5.4,38.67,26.36,87.9,22.66,3.46,Hari Biasa,0,5,1,1,3,7,12.11,14.38,19.29,15.118571428571428,14.624285714285714,3.58,7.129999999999999,4.68,4.236666666666667,85.75,12.5,2.84,353.33,39.46,0.9066860720977985,0.4218060770826634,78.4036,1.0,6.123233995736766e-17,-0.9749279121818236,-0.2225209339563146
2026-03-08,9.6,9.89,313.5,2.85,48.0,26.39,85.95,4.9,4.36,Hari Biasa,0,6,1,1,3,8,15.83,14.55,15.88,14.624285714285714,13.727142857142857,22.66,27.68,3.46,3.7699999999999996,87.9,16.18,5.4,405.21,38.67,0.9138076496466615,0.4061472386305789,21.364000000000004,1.0,6.123233995736766e-17,-0.7818314824680299,0.6234898018587334
2026-03-09,7.65,8.21,239.46,2.63,44.62,26.17,88.28,1.22,7.34,Hari Biasa,0,0,0,0,3,9,9.6,12.11,15.61,13.727142857142857,12.59,4.9,31.14,4.36,4.166666666666667,85.95,9.89,2.85,313.5,48.0,0.9206588168102428,0.3903682146763026,8.954799999999999,1.0,6.123233995736766e-17,0.0,1.0
2026-03-10,16.07,16.65,257.79,4.75,47.21,26.67,86.4,0.63,7.2,Hari Biasa,0,1,0,0,3,10,7.65,15.83,14.01,12.59,12.884285714285715,1.22,28.78,7.34,5.053333333333334,88.28,8.21,2.63,239.46,44.62,0.9272375462179537,0.374473674486883,4.5360000000000005,1.0,6.123233995736766e-17,0.7818314824680298,0.6234898018587336
2026-03-11,16.08,16.78,268.67,3.5,52.12,27.06,83.84,1.68,4.39,Hari Biasa,0,2,0,0,3,11,16.07,9.6,14.38,12.884285714285715,13.127142857142857,0.63,6.75,7.2,6.3,86.4,16.65,4.75,257.79,47.21,0.9335418911179212,0.35846832151248087,7.3751999999999995,1.0,6.123233995736766e-17,0.9749279121818236,-0.22252093395631434
2026-03-12,18.89,19.48,350.62,4.95,41.58,26.55,87.36,1.52,5.29,Hari Biasa,0,3,0,0,3,12,16.08,7.65,14.55,13.127142857142857,13.747142857142858,1.68,3.53,4.39,6.31,83.84,16.78,3.5,268.67,52.12,0.9395699859530622,0.342356891994542,8.0408,1.0,6.123233995736766e-17,0.43388373911755823,-0.900968867902419
2026-03-13,13.91,14.54,282.42,2.33,45.38,26.76,85.9,1.53,5.54,Hari Biasa,0,4,0,0,3,13,18.89,16.07,12.11,13.747142857142858,14.004285714285714,1.52,3.8299999999999996,5.29,5.626666666666666,87.36,19.48,4.95,350.62,41.58,0.945320046913132,0.3261441535642696,8.4762,1.0,6.123233995736766e-17,-0.433883739117558,-0.9009688679024191
2026-03-14,10.65,10.95,301.96,2.18,47.04,26.45,89.1,2.89,4.86,Hari Biasa,0,5,1,1,3,14,13.91,16.08,15.83,14.004285714285714,13.264285714285716,1.53,4.7299999999999995,5.54,5.073333333333333,85.9,14.54,2.33,282.42,45.38,0.9507903724625832,0.3098349038318025,14.0454,1.0,6.123233995736766e-17,-0.9749279121818236,-0.2225209339563146
2026-03-15,13.34,13.59,328.96,3.93,47.62,26.34,90.12,3.17,5.76,Hari Biasa,0,6,1,1,3,15,10.65,18.89,9.6,13.264285714285716,13.798571428571426,2.89,5.94,4.86,5.23,89.1,10.95,2.18,301.96,47.04,0.9559793438440766,0.2934339689665273,18.2592,1.0,6.123233995736766e-17,-0.7818314824680299,0.6234898018587334
2026-03-16,19.84,20.17,343.71,6.04,41.79,26.48,88.39,20.57,4.18,Hari Biasa,0,0,0,0,3,16,13.34,13.91,7.65,13.798571428571426,15.540000000000001,3.17,7.59,5.76,5.386666666666667,90.12,13.59,3.93,328.96,47.62,0.9608854255574977,0.27694620226893646,85.98259999999999,1.0,6.123233995736766e-17,0.0,1.0
2026-03-17,11.69,12.04,338.71,2.57,49.67,26.66,85.83,5.6,3.49,Hari Biasa,0,1,0,0,3,17,19.84,10.65,16.07,15.540000000000001,14.914285714285713,20.57,26.630000000000003,4.18,4.933333333333334,88.39,20.17,6.04,343.71,41.79,0.9655071658143364,0.2603764827344581,19.544,1.0,6.123233995736766e-17,0.7818314824680298,0.6234898018587336
2026-03-18,14.61,15.05,269.38,3.16,45.12,26.84,83.95,1.66,3.13,Hari Biasa,0,2,0,0,3,18,11.69,13.34,16.08,14.914285714285713,14.704285714285714,5.6,29.340000000000003,3.49,4.476666666666667,85.83,12.04,2.57,338.71,49.67,0.969843196967294,0.24372971360968387,5.195799999999999,1.0,6.123233995736766e-17,0.9749279121818236,-0.22252093395631434
2026-03-19,13.02,13.23,355.46,4.2,37.42,26.18,90.76,9.49,7.13,Hari Biasa,0,3,0,0,3,19,14.61,19.84,18.89,14.704285714285714,13.865714285714285,1.66,27.83,3.13,3.6,83.95,15.05,3.16,269.38,45.12,0.9738922359149924,0.22701082094141847,67.6637,1.0,6.123233995736766e-17,0.43388373911755823,-0.900968867902419
2026-03-20,12.38,12.66,292.67,3.67,38.25,25.95,89.94,25.11,4.0,Hari Biasa,0,4,0,0,3,20,13.02,11.69,13.91,13.865714285714285,13.647142857142857,9.49,16.75,7.13,4.583333333333333,90.76,13.23,4.2,355.46,37.42,0.9776530844816641,0.2102247521189836,100.44,1.0,6.123233995736766e-17,-0.433883739117558,-0.9009688679024191
2026-03-21,14.02,14.23,338.42,3.05,50.29,25.89,90.23,5.56,4.07,Hari Biasa,0,5,1,1,3,21,12.38,14.61,10.65,13.647142857142857,14.128571428571428,25.11,36.26,4.0,4.753333333333333,89.94,12.66,3.67,292.67,38.25,0.981124629771712,0.19337647441020586,22.6292,1.0,6.123233995736766e-17,-0.9749279121818236,-0.2225209339563146
2026-03-22,13.3,13.43,367.21,3.75,39.17,25.75,89.48,19.43,3.89,Hari Biasa,0,6,1,1,3,22,14.02,13.02,13.34,14.128571428571428,14.122857142857143,5.56,40.160000000000004,4.07,5.066666666666666,90.23,14.23,3.05,338.42,50.29,0.984305844499033,0.17647097349152166,75.5827,1.0,6.123233995736766e-17,-0.7818314824680299,0.6234898018587334
2026-03-23,13.32,13.56,391.75,4.12,41.96,26.48,86.37,7.05,3.89,Hari Biasa,0,0,0,0,3,23,13.3,12.38,19.84,14.122857142857143,13.191428571428572,19.43,50.099999999999994,3.89,3.986666666666667,89.48,13.43,3.75,367.21,39.17,0.9871957872910085,0.15951325197263655,27.424500000000002,1.0,6.123233995736766e-17,0.0,1.0
2026-03-24,10.21,10.62,281.79,2.42,39.46,26.43,90.69,5.03,6.8,Hari Biasa,0,1,0,0,3,24,13.32,14.02,11.69,13.191428571428572,12.98,7.05,32.04,3.89,3.9500000000000006,86.37,13.56,4.12,391.75,41.96,0.9897936029670716,0.14250832791617088,34.204,1.0,6.123233995736766e-17,0.7818314824680298,0.6234898018587336
2026-03-25,13.01,13.85,344.54,3.84,40.21,26.79,89.15,3.52,7.2,Hari Biasa,0,2,0,0,3,25,10.21,13.3,14.61,12.98,12.751428571428573,5.03,31.509999999999998,6.8,4.86,90.69,10.62,2.42,281.79,39.46,0.992098522791769,0.12546123335273648,25.344,1.0,6.123233995736766e-17,0.9749279121818236,-0.22252093395631434
2026-03-26,7.35,7.68,304.21,1.84,51.0,26.91,88.43,1.09,6.19,Hari Biasa,0,3,0,0,3,26,13.01,13.32,13.02,12.751428571428573,11.941428571428572,3.52,15.6,7.2,5.963333333333334,89.15,13.85,3.84,344.54,40.21,0.9941098647022418,0.10837701279187609,6.7471000000000005,1.0,6.123233995736766e-17,0.43388373911755823,-0.900968867902419
2026-03-27,13.38,13.61,298.0,4.08,50.21,27.6,83.42,0.4,4.14,Hari Biasa,0,4,0,0,3,27,7.35,10.21,12.38,11.941428571428572,12.084285714285715,1.09,9.64,6.19,6.7299999999999995,88.43,7.68,1.84,304.21,51.0,0.9958270335100595,0.09126072172931188,1.656,1.0,6.123233995736766e-17,-0.433883739117558,-0.9009688679024191
2026-03-28,11.89,12.22,312.12,2.43,61.17,27.14,84.8,0.55,4.43,Hari Biasa,0,5,1,1,3,28,13.38,13.01,14.02,12.084285714285715,11.780000000000001,0.4,5.01,4.14,5.843333333333334,83.42,13.61,4.08,298.0,50.21,0.9972495210773451,0.07411742515094437,2.4365,1.0,6.123233995736766e-17,-0.9749279121818236,-0.2225209339563146
2026-03-29,6.29,6.9,251.88,2.56,38.42,27.12,86.3,2.36,4.57,Hari Biasa,0,6,1,1,3,29,11.89,7.35,13.3,11.780000000000001,10.778571428571428,0.55,2.04,4.43,4.920000000000001,84.8,12.22,2.43,312.12,61.17,0.998376906467142,0.056952196034039754,10.7852,1.0,6.123233995736766e-17,-0.7818314824680299,0.6234898018587334
2026-03-30,6.29,7.07,247.08,3.89,27.71,26.53,89.87,1.6,6.01,Hari Biasa,0,0,0,0,3,30,6.29,13.38,13.32,10.778571428571428,9.774285714285714,2.36,3.3099999999999996,4.57,4.38,86.3,6.9,2.56,251.88,38.42,0.9992088560679753,0.03977011384605572,9.616,1.0,6.123233995736766e-17,0.0,1.0
2026-03-31,6.5,6.91,262.42,3.21,29.67,26.84,86.43,2.01,4.61,Hari Biasa,0,1,0,0,3,31,6.29,11.89,10.21,9.774285714285714,9.244285714285715,1.6,4.51,6.01,5.003333333333333,89.87,7.07,3.89,247.08,27.71,0.9997451236925734,0.022576263041545485,9.2661,1.0,6.123233995736766e-17,0.7818314824680298,0.6234898018587336
2026-04-01,8.11,8.59,259.29,4.31,31.25,26.96,86.31,1.29,4.64,Hari Biasa,0,2,0,0,4,1,6.5,6.29,13.01,9.244285714285715,8.544285714285715,2.01,5.97,4.61,5.0633333333333335,86.43,6.91,3.21,262.42,29.67,0.9999855506507186,0.005375731557583884,5.9856,0.8660254037844387,-0.4999999999999998,0.9749279121818236,-0.22252093395631434
2026-04-02,8.05,9.3,244.21,3.58,29.25,27.03,84.64,1.14,6.41,Hari Biasa,0,3,0,0,4,2,8.11,6.29,7.35,8.544285714285715,8.644285714285715,1.29,4.9,4.64,5.086666666666667,86.31,8.59,4.31,259.29,31.25,0.9999300657962057,-0.011826390691832589,7.3073999999999995,0.8660254037844387,-0.4999999999999998,0.43388373911755823,-0.900968867902419
2026-04-03,5.14,5.87,239.21,2.12,35.29,27.31,82.34,0.61,5.4,Wafat Isa Almasih,1,4,0,1,4,3,8.05,6.5,13.38,8.644285714285715,7.467142857142858,1.14,4.4399999999999995,6.41,5.22,84.64,9.3,3.58,244.21,29.25,0.9995786855478958,-0.029025013321975237,3.294,0.8660254037844387,-0.4999999999999998,-0.433883739117558,-0.9009688679024191
2026-04-04,10.51,11.58,270.67,4.23,34.33,27.23,83.18,3.98,3.96,Hari Biasa,0,5,1,1,4,4,5.14,8.11,11.89,7.467142857142858,7.2700000000000005,0.61,3.04,5.4,5.483333333333333,82.34,5.87,2.12,239.21,35.29,0.9989315138848577,-0.046215046983708354,15.7608,0.8660254037844387,-0.4999999999999998,-0.9749279121818236,-0.2225209339563146
2026-04-05,6.27,7.08,237.17,2.47,32.62,27.44,82.65,1.13,5.51,Paskah,1,6,1,1,4,5,10.51,8.05,6.29,7.2700000000000005,7.267142857142858,3.98,5.73,3.96,5.256666666666667,83.18,11.58,4.23,270.67,34.33,0.9979887423155984,-0.06339140486951038,6.226299999999999,0.8660254037844387,-0.4999999999999998,-0.7818314824680299,0.6234898018587334
2026-04-06,8.17,8.75,225.92,2.88,34.04,27.53,83.19,6.07,5.08,Hari Biasa,0,0,0,0,4,6,6.27,5.14,6.29,7.267142857142858,7.535714285714285,1.13,5.720000000000001,5.51,4.956666666666666,82.65,7.08,2.47,237.17,32.62,0.9967506498213929,-0.08054900421874167,30.835600000000003,0.8660254037844387,-0.4999999999999998,0.0,1.0
2026-04-07,7.13,7.2,291.21,3.52,37.83,27.69,81.99,4.79,3.28,Hari Biasa,0,1,0,0,4,7,8.17,10.51,6.5,7.535714285714285,7.625714285714286,6.07,11.18,5.08,4.85,83.19,8.75,2.88,225.92,34.04,0.9952176027737294,-0.09768276782171598,15.7112,0.8660254037844387,-0.4999999999999998,0.7818314824680298,0.6234898018587336
2026-04-08,6.13,6.23,271.0,2.92,36.46,26.78,88.85,5.39,4.82,Hari Biasa,0,2,0,0,4,8,7.13,6.27,8.11,7.625714285714286,7.342857142857142,4.79,11.99,3.28,4.623333333333333,81.99,7.2,3.52,291.21,37.83,0.9933900548258936,-0.11478762552212701,25.9798,0.8660254037844387,-0.4999999999999998,0.9749279121818236,-0.22252093395631434
2026-04-09,14.24,14.45,382.62,4.91,32.25,27.31,84.48,2.35,4.68,Hari Biasa,0,3,0,0,4,9,6.13,8.17,8.05,7.342857142857142,8.227142857142857,5.39,16.25,4.82,4.3933333333333335,88.85,6.23,2.92,271.0,36.46,0.9912685467787256,-0.13185851571739118,10.998,0.8660254037844387,-0.4999999999999998,0.43388373911755823,-0.900968867902419
2026-04-10,8.29,8.51,304.21,2.18,43.75,27.28,84.74,0.76,4.57,Hari Biasa,0,4,0,0,4,10,14.24,7.13,5.14,8.227142857142857,8.677142857142856,2.35,12.530000000000001,4.68,4.26,84.48,14.45,4.91,382.62,32.25,0.9888537064205885,-0.1488903868564548,3.4732000000000003,0.8660254037844387,-0.4999999999999998,-0.433883739117558,-0.9009688679024191
2026-04-11,9.52,9.75,289.5,3.45,33.04,27.11,86.3,1.55,4.97,Hari Biasa,0,5,1,1,4,11,8.29,6.13,10.51,8.677142857142856,8.535714285714286,0.76,8.5,4.57,4.69,84.74,8.51,2.18,304.21,43.75,0.986146248341595,-0.16587819893463143,7.7035,0.8660254037844387,-0.4999999999999998,-0.9749279121818236,-0.2225209339563146
2026-04-12,12.02,12.75,246.33,4.63,31.21,26.65,88.18,0.75,4.9,Hari Biasa,0,6,1,1,4,12,9.52,14.24,6.27,8.535714285714286,9.357142857142858,1.55,4.660000000000001,4.97,4.739999999999999,86.3,9.75,3.45,289.5,33.04,0.9831469737221499,-0.1828169249850199,3.6750000000000003,0.8660254037844387,-0.4999999999999998,-0.7818314824680299,0.6234898018587334
2026-04-13,10.85,11.98,240.29,4.38,38.62,26.96,85.01,0.62,6.41,Hari Biasa,0,0,0,0,4,13,12.02,8.29,8.17,9.357142857142858,9.74,0.75,3.060000000000001,4.9,4.8133333333333335,88.18,12.75,4.63,246.33,31.21,0.9798567700958665,-0.1997015525660636,3.9742,0.8660254037844387,-0.4999999999999998,0.0,1.0
2026-04-14,9.37,11.04,277.12,3.76,40.25,26.98,81.84,0.16,7.06,Hari Biasa,0,1,0,0,4,14,10.85,9.52,7.13,9.74,10.06,0.62,2.920000000000001,6.41,5.426666666666667,85.01,11.98,4.38,240.29,38.62,0.9762766110869321,-0.21652708524481437,1.1296,0.8660254037844387,-0.4999999999999998,0.7818314824680298,0.6234898018587336
2026-04-15,13.72,15.68,302.75,4.12,39.33,27.09,82.59,0.13,6.48,Hari Biasa,0,2,0,0,4,15,9.37,12.02,6.13,10.06,11.144285714285715,0.16,1.530000000000001,7.06,6.123333333333334,81.84,11.04,3.76,277.12,40.25,0.9724075561219968,-0.23328854407545518,0.8424,0.8660254037844387,-0.4999999999999998,0.9749279121818236,-0.22252093395631434
2026-04-16,11.13,12.4,295.29,3.1,46.62,27.24,82.65,0.56,6.37,Hari Biasa,0,3,0,0,4,16,13.72,10.85,14.24,11.144285714285715,10.700000000000001,0.13,0.9100000000000009,6.48,6.6499999999999995,82.59,15.68,4.12,302.75,39.33,0.9682507501166718,-0.2499809690726521,3.5672000000000006,0.8660254037844387,-0.4999999999999998,0.43388373911755823,-0.900968867902419
2026-04-17,9.8,11.68,228.92,2.86,41.17,27.2,83.08,0.55,5.87,Hari Biasa,0,4,0,0,4,17,11.13,9.37,8.29,10.700000000000001,10.915714285714285,0.56,0.850000000000001,6.37,6.636666666666667,82.65,12.4,3.1,295.29,46.62,0.9638074231367307,-0.26659942067929354,3.2285000000000004,0.8660254037844387,-0.4999999999999998,-0.433883739117558,-0.9009688679024191
2026-04-18,12.28,14.23,268.42,3.52,41.58,27.27,82.64,0.28,5.83,Hari Biasa,0,5,1,1,4,18,9.8,13.72,9.52,10.915714285714285,11.31,0.55,1.240000000000001,5.87,6.239999999999999,83.08,11.68,2.86,228.92,41.17,0.9590788900341131,-0.28313898122818354,1.6324,0.8660254037844387,-0.4999999999999998,-0.9749279121818236,-0.2225209339563146
2026-04-19,8.95,9.81,232.88,2.66,40.21,27.26,82.17,0.16,6.34,Hari Biasa,0,6,1,1,4,19,12.28,11.13,12.02,11.31,10.87142857142857,0.28,1.390000000000001,5.83,6.023333333333333,82.64,14.23,3.52,268.42,41.58,0.9540665500578387,-0.2995947563972602,1.0144,0.8660254037844387,-0.4999999999999998,-0.7818314824680299,0.6234898018587334
2026-04-20,8.06,8.97,192.38,1.73,43.62,26.98,78.83,0.1,5.9,Hari Biasa,0,0,0,0,4,20,8.95,9.8,10.85,10.87142857142857,10.472857142857142,0.16,0.990000000000001,6.34,6.013333333333333,82.17,9.81,2.66,232.88,40.21,0.9487718864399473,-0.31596187665790293,0.5900000000000001,0.8660254037844387,-0.4999999999999998,0.0,1.0
2026-04-21,6.58,7.89,206.08,1.68,39.04,27.16,84.38,0.23,7.67,Hari Biasa,0,1,0,0,4,21,8.06,12.28,9.37,10.472857142857142,10.074285714285717,0.1,0.5400000000000009,5.9,6.023333333333333,78.83,8.97,1.73,192.38,43.62,0.9431964659565866,-0.33223549871590435,1.7641,0.8660254037844387,-0.4999999999999998,0.7818314824680298,0.6234898018587336
2026-04-22,14.15,16.45,268.0,4.12,36.92,27.4,83.27,0.46,6.23,Hari Biasa,0,2,0,0,4,22,6.58,8.95,13.72,10.074285714285717,10.135714285714286,0.23,0.4900000000000009,7.67,6.636666666666667,84.38,7.89,1.68,206.08,39.04,0.9373419384643772,-0.3484108069446808,2.8658,0.8660254037844387,-0.4999999999999998,0.9749279121818236,-0.22252093395631434
2026-04-23,9.34,10.9,273.58,2.98,38.38,27.43,83.38,0.03,4.14,Hari Biasa,0,3,0,0,4,23,14.15,8.06,11.13,10.135714285714286,9.879999999999999,0.46,0.7900000000000009,6.23,6.6000000000000005,83.27,16.45,4.12,268.0,36.92,0.9312100364121947,-0.3644830148102912,0.12419999999999999,0.8660254037844387,-0.4999999999999998,0.43388373911755823,-0.900968867902419
2026-04-24,5.04,6.25,177.29,1.71,32.71,27.23,85.46,0.13,6.48,Hari Biasa,0,4,0,0,4,24,9.34,6.58,9.8,9.879999999999999,9.2,0.03,0.720000000000001,4.14,6.013333333333333,83.38,10.9,2.98,273.58,38.38,0.9248025743285089,-0.38044736628785164,0.8424,0.8660254037844387,-0.4999999999999998,-0.433883739117558,-0.9009688679024191
2026-04-25,10.57,11.86,283.88,3.65,35.79,27.17,88.49,12.04,6.55,Hari Biasa,0,5,1,1,4,25,5.04,14.15,12.28,9.2,8.955714285714285,0.13,0.620000000000001,6.48,5.616666666666667,85.46,6.25,1.71,177.29,32.71,0.9181214482844364,-0.39629913726891813,78.862,0.8660254037844387,-0.4999999999999998,-0.9749279121818236,-0.2225209339563146
2026-04-26,15.45,16.68,318.46,5.27,33.58,27.18,86.35,9.09,5.51,Hari Biasa,0,6,1,1,4,26,10.57,9.34,8.95,8.955714285714285,9.884285714285713,12.04,12.2,6.55,5.723333333333334,88.49,11.86,3.65,283.88,35.79,0.9111686353326631,-0.41203363695942635,50.085899999999995,0.8660254037844387,-0.4999999999999998,-0.7818314824680299,0.6234898018587334
2026-04-27,20.46,21.7,275.75,7.88,27.08,27.06,86.28,10.17,3.53,Hari Biasa,0,0,0,0,4,27,15.45,5.04,8.06,9.884285714285713,11.655714285714286,9.09,21.259999999999998,5.51,6.18,86.35,16.68,5.27,318.46,33.58,0.9039461929224011,-0.42764620926777464,35.900099999999995,0.8660254037844387,-0.4999999999999998,0.0,1.0
2026-04-28,11.45,12.59,322.42,3.86,30.38,27.11,85.51,4.73,4.07,Hari Biasa,0,1,0,0,4,28,20.46,10.57,6.58,11.655714285714286,12.351428571428572,10.17,31.3,3.53,5.196666666666666,86.28,21.7,7.88,275.75,27.08,0.8964562582905575,-0.44313223418263453,19.251100000000005,0.8660254037844387,-0.4999999999999998,0.7818314824680298,0.6234898018587336
2026-04-29,8.78,9.74,257.33,3.73,30.88,26.85,88.76,2.13,5.83,Hari Biasa,0,2,0,0,4,29,11.45,15.45,14.15,12.351428571428572,11.584285714285713,4.73,23.99,4.07,4.37,85.51,12.59,3.86,322.42,30.38,0.8887010478292915,-0.45848712914008766,12.4179,0.8660254037844387,-0.4999999999999998,0.9749279121818236,-0.22252093395631434
2026-04-30,7.2,8.06,230.5,3.18,34.0,27.33,88.17,1.55,5.26,Hari Biasa,0,3,0,0,4,30,8.78,20.46,9.34,11.584285714285713,11.278571428571428,2.13,17.03,5.83,4.476666666666667,88.76,9.74,3.73,257.33,30.88,0.8806828564301475,-0.47370635037968,8.153,0.8660254037844387,-0.4999999999999998,0.43388373911755823,-0.900968867902419
2026-05-01,8.59,9.42,213.92,4.63,27.29,27.2,91.85,7.46,7.31,Hari Buruh Internasional,1,4,0,1,5,1,7.2,11.45,5.04,11.278571428571428,11.785714285714286,1.55,8.41,5.26,5.053333333333334,88.17,8.06,3.18,230.5,34.0,0.8724040568049612,-0.48878539428899265,54.532599999999995,0.49999999999999994,-0.8660254037844387,-0.433883739117558,-0.9009688679024191
2026-05-02,9.1,10.38,220.83,3.78,34.04,27.3,85.92,3.76,6.7,Hari Biasa,0,5,1,1,5,2,8.59,8.78,10.57,11.785714285714286,11.575714285714286,7.46,11.14,7.31,6.133333333333333,91.85,9.42,4.63,213.92,27.29,0.8638670987837349,-0.503719798736334,25.192,0.49999999999999994,-0.8660254037844387,-0.9749279121818236,-0.2225209339563146
2026-05-03,6.6,7.46,221.83,3.66,29.33,27.07,87.16,2.41,6.19,Hari Biasa,0,6,1,1,5,3,9.1,7.2,15.45,11.575714285714286,10.311428571428573,3.76,12.77,6.7,6.423333333333333,85.92,10.38,3.78,220.83,34.04,0.8550745085896932,-0.518505144391157,14.917900000000001,0.49999999999999994,-0.8660254037844387,-0.7818314824680299,0.6234898018587334
2026-05-04,6.78,7.83,243.42,3.15,26.04,27.28,87.79,6.78,5.65,Hari Biasa,0,0,0,0,5,4,6.6,8.59,20.46,10.311428571428573,8.357142857142856,2.41,13.629999999999999,6.19,6.733333333333333,87.16,7.46,3.66,221.83,29.33,0.8460288880917339,-0.533137056031809,38.307,0.49999999999999994,-0.8660254037844387,0.0,1.0
2026-05-05,6.1,7.06,199.5,3.11,24.88,27.21,90.95,13.1,6.26,Hari Biasa,0,1,0,0,5,5,6.78,9.1,11.45,8.357142857142856,7.5928571428571425,6.78,12.95,5.65,6.180000000000001,87.79,7.83,3.15,243.42,26.04,0.8367329140344921,-0.5476112038402312,82.006,0.49999999999999994,-0.8660254037844387,0.7818314824680298,0.6234898018587336
2026-05-06,7.4,8.78,202.88,3.25,31.08,26.97,89.92,4.39,6.26,Hari Biasa,0,2,0,0,5,6,6.1,6.6,8.78,7.5928571428571425,7.395714285714285,13.1,22.29,6.26,6.033333333333334,90.95,7.06,3.11,199.5,24.88,0.8271893372462497,-0.5619233046832195,27.481399999999997,0.49999999999999994,-0.8660254037844387,0.9749279121818236,-0.22252093395631434
2026-05-07,5.98,7.31,178.12,2.67,35.46,27.16,90.37,16.58,6.95,Hari Biasa,0,3,0,0,5,7,7.4,6.78,7.2,7.395714285714285,7.221428571428572,4.39,24.27,6.26,6.056666666666666,89.92,8.78,3.25,202.88,31.08,0.8174009818249189,-0.5760691233798758,115.231,0.49999999999999994,-0.8660254037844387,0.43388373911755823,-0.900968867902419
2026-05-08,5.89,6.7,286.96,3.47,33.79,26.83,92.51,20.11,6.16,Hari Biasa,0,4,0,0,5,8,5.98,6.1,8.59,7.221428571428572,6.835714285714286,16.58,34.06999999999999,6.95,6.489999999999999,90.37,7.31,2.67,178.12,35.46,0.8073707443023492,-0.5900444739548627,123.8776,0.49999999999999994,-0.8660254037844387,-0.433883739117558,-0.9009688679024191
2026-05-09,4.66,5.58,187.67,2.17,35.0,26.88,91.82,13.59,6.05,Hari Biasa,0,5,1,1,5,9,5.89,7.4,9.1,6.835714285714286,6.201428571428571,20.11,41.08,6.16,6.456666666666666,92.51,6.7,3.47,286.96,33.79,0.7971015927871943,-0.6038452208771035,82.2195,0.49999999999999994,-0.8660254037844387,-0.9749279121818236,-0.2225209339563146
2026-05-10,6.67,7.32,210.0,3.85,29.0,27.02,92.75,25.43,5.18,Hari Biasa,0,6,1,1,5,10,4.66,5.98,6.6,6.201428571428571,6.211428571428572,13.59,50.28,6.05,6.386666666666667,91.82,5.58,2.17,187.67,35.0,0.7865965660866021,-0.6174672802835514,131.7274,0.49999999999999994,-0.8660254037844387,-0.7818314824680299,0.6234898018587334
2026-05-11,5.93,6.95,215.0,2.78,31.46,27.68,87.97,2.99,5.58,Hari Biasa,0,0,0,0,5,11,6.67,5.89,6.78,6.211428571428572,6.090000000000001,25.43,59.129999999999995,5.18,5.796666666666667,92.75,7.32,3.85,210.0,29.0,0.7758587728069828,-0.6309066211876704,16.6842,0.49999999999999994,-0.8660254037844387,0.0,1.0
2026-05-12,7.8,8.47,203.67,5.01,22.42,27.42,90.29,9.35,4.61,Hari Biasa,0,1,0,0,5,12,5.93,4.66,6.1,6.090000000000001,6.332857142857143,2.99,42.01,5.58,5.603333333333333,87.97,6.95,2.78,215.0,31.46,0.7648913904341225,-0.6441592666722685,43.103500000000004,0.49999999999999994,-0.8660254037844387,0.7818314824680298,0.6234898018587336
2026-05-13,5.16,6.14,287.12,2.93,25.17,27.6,88.65,5.0,4.93,Hari Biasa,0,2,0,0,5,13,7.8,6.67,7.4,6.332857142857143,6.012857142857143,9.35,37.769999999999996,4.61,5.123333333333333,90.29,8.47,5.01,203.67,22.42,0.753697664392914,-0.6572212950663319,24.65,0.49999999999999994,-0.8660254037844387,0.9749279121818236,-0.22252093395631434
2026-05-14,5.1,5.83,186.29,3.17,25.5,27.56,87.59,5.16,4.18,Kenaikan Isa Almasih,1,3,0,1,5,14,5.16,5.93,5.98,6.012857142857143,5.887142857142857,5.0,17.34,4.93,5.04,88.65,6.14,2.93,287.12,25.17,0.742280907086982,-0.6700888411055113,21.5688,0.49999999999999994,-0.8660254037844387,0.43388373911755823,-0.900968867902419
2026-05-15,11.59,13.05,248.71,6.02,21.25,27.2,90.33,12.05,5.04,Hari Biasa,0,4,0,0,5,15,5.1,7.8,5.89,5.887142857142857,6.701428571428571,5.16,19.509999999999998,4.18,4.573333333333333,87.59,5.83,3.17,186.29,25.5,0.7306444969184916,-0.6827580970759147,60.732000000000006,0.49999999999999994,-0.8660254037844387,-0.433883739117558,-0.9009688679024191
2026-05-16,4.58,5.49,171.5,2.57,28.71,27.32,87.66,4.25,3.6,Hari Biasa,0,5,1,1,5,16,11.59,5.16,4.66,6.701428571428571,6.6899999999999995,12.05,22.21,5.04,4.716666666666666,90.33,13.05,6.02,248.71,21.25,0.7187918772884232,-0.6952253139408722,15.3,0.49999999999999994,-0.8660254037844387,-0.9749279121818236,-0.2225209339563146
2026-05-17,6.01,6.68,194.21,3.48,27.25,26.85,89.35,5.07,4.64,Hari Biasa,0,6,1,1,5,17,4.58,5.1,6.67,6.6899999999999995,6.595714285714286,4.25,21.46,3.6,4.273333333333333,87.66,5.49,2.57,171.5,28.71,0.7067265555776158,-0.7074868024503348,23.5248,0.49999999999999994,-0.8660254037844387,-0.7818314824680299,0.6234898018587334
2026-05-18,7.64,7.75,217.46,4.21,31.46,26.8,88.95,17.94,4.36,Hari Biasa,0,0,0,0,5,18,6.01,11.59,5.93,6.595714285714286,6.839999999999999,5.07,21.37,4.64,4.426666666666667,89.35,6.68,3.48,194.21,27.25,0.6944521021088763,-0.719538934232584,78.21840000000002,0.49999999999999994,-0.8660254037844387,0.0,1.0
2026-05-19,15.33,15.64,244.38,7.1,28.29,26.41,88.84,8.64,4.82,Hari Biasa,0,1,0,0,5,19,7.64,4.58,7.8,6.839999999999999,7.9157142857142855,17.94,27.26,4.36,4.199999999999999,88.95,7.75,4.21,217.46,31.46,0.6819721490904629,-0.7313781428679254,41.644800000000004,0.49999999999999994,-0.8660254037844387,0.7818314824680298,0.6234898018587336
2026-05-20,9.13,10.03,252.42,4.73,25.62,26.65,87.13,1.51,6.12,Hari Biasa,0,2,0,0,5,20,15.33,6.01,5.16,7.9157142857142855,8.482857142857142,8.64,31.650000000000002,4.82,4.6066666666666665,88.84,15.64,7.1,244.38,28.29,0.6692903895412567,-0.7430009249440493,9.241200000000001,0.49999999999999994,-0.8660254037844387,0.9749279121818236,-0.22252093395631434
2026-05-21,10.79,13.81,251.0,4.24,27.71,27.02,86.58,0.98,4.57,Hari Biasa,0,3,0,0,5,21,9.13,7.64,5.1,8.482857142857142,9.295714285714284,1.51,28.090000000000003,6.12,5.1000000000000005,87.13,10.03,4.73,252.42,25.62,0.6564105761979381,-0.7544038410927472,4.4786,0.49999999999999994,-0.8660254037844387,0.43388373911755823,-0.900968867902419
2026-05-22,8.11,10.05,196.62,3.49,26.58,27.13,89.8,14.4,4.97,Hari Biasa,0,4,0,0,5,22,10.79,15.33,11.59,9.295714285714284,8.798571428571428,0.98,11.13,4.57,5.170000000000001,86.58,13.81,4.24,251.0,27.71,0.6433365204044917,-0.765583517007675,71.568,0.49999999999999994,-0.8660254037844387,-0.433883739117558,-0.9009688679024191
2026-05-23,5.26,6.02,212.04,2.97,27.83,26.92,90.66,10.21,5.4,Hari Biasa,0,5,1,1,5,23,8.11,9.13,4.58,8.798571428571428,8.895714285714286,14.4,16.89,4.97,5.22,89.8,10.05,3.49,196.62,26.58,0.6300720909843687,-0.7765366444428655,55.13400000000001,0.49999999999999994,-0.8660254037844387,-0.9749279121818236,-0.2225209339563146
2026-05-24,5.62,6.43,184.75,2.92,27.0,27.01,90.43,1.37,5.98,Hari Biasa,0,6,1,1,5,24,5.26,10.79,6.01,8.895714285714286,8.84,10.21,25.590000000000003,5.4,4.98,90.66,6.02,2.97,212.04,27.83,0.6166212130956382,-0.7872599821916922,8.1926,0.49999999999999994,-0.8660254037844387,-0.7818314824680299,0.6234898018587334
2026-05-25,12.92,14.53,219.29,5.79,28.71,26.34,90.28,2.29,4.54,Hari Biasa,0,0,0,0,5,25,5.62,8.11,7.64,8.84,9.594285714285714,1.37,25.98,5.98,5.45,90.43,6.43,2.92,184.75,27.0,0.6029878670694714,-0.7977503570459932,10.3966,0.49999999999999994,-0.8660254037844387,0.0,1.0
2026-05-26,9.18,10.41,261.75,3.98,36.58,26.73,87.43,1.72,5.87,Hari Biasa,0,1,0,0,5,26,12.92,5.26,15.33,9.594285714285714,8.715714285714286,2.29,13.870000000000001,4.54,5.3066666666666675,90.28,14.53,5.79,219.29,28.71,0.5891760872322963,-0.8080046647350754,10.0964,0.49999999999999994,-0.8660254037844387,0.7818314824680298,0.6234898018587336
2026-05-27,10.59,12.59,285.42,4.33,34.62,26.5,87.55,2.78,6.66,Hari Biasa,0,2,0,0,5,27,9.18,5.62,9.13,8.715714285714286,8.924285714285714,1.72,5.38,5.87,5.463333333333334,87.43,10.41,3.98,261.75,36.58,0.5751899607119775,-0.8180198708443174,18.514799999999997,0.49999999999999994,-0.8660254037844387,0.9749279121818236,-0.22252093395631434
2026-05-28,7.81,9.43,212.58,3.12,35.33,26.31,85.8,0.95,7.74,Hari Biasa,0,3,0,0,5,28,10.59,12.92,10.79,8.924285714285714,8.498571428571429,2.78,6.79,6.66,5.69,87.55,12.59,4.33,285.42,34.62,0.5610336262283677,-0.8277930117131022,7.353,0.49999999999999994,-0.8660254037844387,0.43388373911755823,-0.900968867902419
2026-05-29,9.57,11.82,250.67,3.01,38.54,26.39,85.5,0.67,6.98,Hari Biasa,0,4,0,0,5,29,7.81,9.18,8.11,8.498571428571429,8.707142857142857,0.95,5.45,7.74,6.756666666666667,85.8,9.43,3.12,212.58,35.33,0.5467112728685939,-0.8373211953118121,4.6766000000000005,0.49999999999999994,-0.8660254037844387,-0.433883739117558,-0.9009688679024191
2026-05-30,7.88,9.83,231.75,3.46,35.04,26.02,87.45,1.3,7.06,Hari Biasa,0,5,1,1,5,30,9.57,10.59,5.26,8.707142857142857,9.081428571428571,0.67,4.4,6.98,7.126666666666666,85.5,11.82,3.01,250.67,38.54,0.5322271388474397,-0.8466016020976267,9.177999999999999,0.49999999999999994,-0.8660254037844387,-0.9749279121818236,-0.2225209339563146
2026-05-31,8.45,11.04,158.71,2.91,41.54,26.09,83.91,0.48,7.24,Hari Biasa,0,6,1,1,5,31,7.88,7.81,5.62,9.081428571428571,9.485714285714284,1.3,2.92,7.06,7.260000000000001,87.45,9.83,3.46,231.75,35.04,0.5175855102531889,-0.8556314858488706,3.4752,0.49999999999999994,-0.8660254037844387,-0.7818314824680299,0.6234898018587334
2026-06-01,12.5,15.07,195.21,4.83,34.58,26.08,85.12,0.39,6.91,Hari Lahir Pancasila,1,0,0,1,6,1,8.45,9.57,12.92,9.485714285714284,9.425714285714283,0.48,2.45,7.24,7.093333333333334,83.91,11.04,2.91,158.71,41.54,0.5027907197793043,-0.8644081744776648,2.6949,1.2246467991473532e-16,-1.0,0.0,1.0
2026-06-02,9.65,11.11,263.38,4.84,28.25,26.91,86.26,1.35,5.62,Hari Biasa,0,1,0,0,6,2,12.5,7.88,9.18,9.425714285714283,9.492857142857144,0.39,2.17,6.91,7.07,85.12,15.07,4.83,195.21,34.58,0.4878471454423119,-0.8729290708206411,7.587000000000001,1.2246467991473532e-16,-1.0,0.7818314824680298,0.6234898018587336
2026-06-03,7.14,9.75,155.88,2.73,29.96,27.0,86.49,0.44,6.08,Hari Biasa,0,2,0,0,6,3,9.65,8.45,10.59,9.492857142857144,9.0,1.35,2.2199999999999998,5.62,6.59,86.26,11.11,4.84,263.38,28.25,0.47275920928627757,-0.881191653407483,2.6752000000000002,1.2246467991473532e-16,-1.0,0.9749279121818236,-0.22252093395631434
2026-06-04,7.61,10.7,210.0,2.48,35.75,26.3,83.35,0.29,7.85,Hari Biasa,0,3,0,0,6,4,7.14,12.5,7.81,9.0,8.971428571428572,0.44,2.1799999999999997,6.08,6.203333333333333,86.49,9.75,2.73,155.88,29.96,0.4575313760742512,-0.8891934772070711,2.2764999999999995,1.2246467991473532e-16,-1.0,0.43388373911755823,-0.900968867902419
2026-06-05,8.1,11.57,198.21,2.2,44.17,25.55,82.21,0.11,7.6,Hari Biasa,0,4,0,0,6,5,7.61,9.65,9.57,8.971428571428572,8.76142857142857,0.29,2.0799999999999996,7.85,6.516666666666667,83.35,10.7,2.48,210.0,35.75,0.44216815196707204,-0.8969321743510065,0.836,1.2246467991473532e-16,-1.0,-0.433883739117558,-0.9009688679024191
2026-06-06,8.18,11.63,185.88,2.35,42.83,25.59,82.52,0.1,7.88,Hari Biasa,0,5,1,1,6,6,8.1,7.14,7.88,8.76142857142857,8.804285714285713,0.11,0.8399999999999995,7.6,7.176666666666666,82.21,11.57,2.2,198.21,44.17,0.42667408318992467,-0.9044054548343001,0.788,1.2246467991473532e-16,-1.0,-0.9749279121818236,-0.2225209339563146
2026-06-07,7.92,11.02,192.62,2.2,42.5,25.7,84.27,0.12,7.88,Hari Biasa,0,6,1,1,6,7,8.18,7.61,8.45,8.804285714285713,8.728571428571428,0.1,0.49999999999999956,7.88,7.776666666666666,82.52,11.63,2.35,185.88,42.83,0.4110537546870351,-0.9116111071930239,0.9456,1.2246467991473532e-16,-1.0,-0.7818314824680299,0.6234898018587334
2026-06-08,11.33,14.94,230.38,3.55,39.75,25.7,86.52,0.31,8.17,Hari Biasa,0,0,0,0,6,8,7.92,8.1,12.5,8.728571428571428,8.56142857142857,0.12,0.32999999999999957,7.88,7.786666666666666,84.27,11.02,2.2,192.62,42.5,0.3953117887649151,-0.9185469991587165,2.5327,1.2246467991473532e-16,-1.0,0.0,1.0
2026-06-09,7.35,9.05,185.25,3.14,44.92,25.99,86.88,3.03,6.37,Hari Biasa,0,1,0,0,6,9,11.33,8.18,9.65,8.56142857142857,8.232857142857142,0.31,0.5299999999999996,8.17,7.976666666666667,86.52,14.94,3.55,230.38,39.75,0.37945284372454435,-0.925211078289358,19.301099999999998,1.2246467991473532e-16,-1.0,0.7818314824680298,0.6234898018587336
2026-06-10,4.06,4.8,193.83,2.79,31.08,26.56,90.46,5.99,6.48,Hari Biasa,0,2,0,0,6,10,7.35,7.92,7.14,8.232857142857142,7.792857142857143,3.03,3.4599999999999995,6.37,7.473333333333333,86.88,9.05,3.14,185.25,44.92,0.36348161248290634,-0.9316013725767187,38.815200000000004,1.2246467991473532e-16,-1.0,0.9749279121818236,-0.22252093395631434
2026-06-11,6.03,7.37,151.04,3.2,28.08,26.35,94.11,13.36,7.45,Hari Biasa,0,3,0,0,6,11,4.06,11.33,7.61,7.792857142857143,7.567142857142857,5.99,9.33,6.48,7.006666666666667,90.46,4.8,2.79,193.83,31.08,0.3474028211842774,-0.9377159910299093,99.532,1.2246467991473532e-16,-1.0,0.43388373911755823,-0.900968867902419
2026-06-12,4.07,4.87,152.96,2.4,33.29,26.98,88.28,3.64,7.16,Hari Biasa,0,4,0,0,6,12,6.03,7.35,8.1,7.567142857142857,6.991428571428572,13.36,22.38,7.45,6.766666666666667,94.11,7.37,3.2,151.04,28.08,0.3312212278016865,-0.9435531242349544,26.0624,1.2246467991473532e-16,-1.0,-0.433883739117558,-0.9009688679024191
2026-06-13,4.4,5.32,151.58,3.05,28.42,26.77,88.04,1.69,7.16,Hari Biasa,0,5,1,1,6,13,4.07,4.06,8.18,6.991428571428572,6.451428571428572,3.64,22.990000000000002,7.16,7.03,88.28,4.87,2.4,152.96,33.29,0.31494162072895193,-0.9491110448902284,12.1004,1.2246467991473532e-16,-1.0,-0.9749279121818236,-0.2225209339563146
2026-06-14,7.69,10.76,147.08,2.21,37.33,26.32,84.29,0.36,7.16,Hari Biasa,0,6,1,1,6,14,4.4,6.03,7.92,6.451428571428572,6.418571428571428,1.69,18.689999999999998,7.16,7.256666666666667,88.04,5.32,3.05,151.58,28.42,0.2985688173637202,-0.9543881083175908,2.5776,1.2246467991473532e-16,-1.0,-0.7818314824680299,0.6234898018587334
2026-06-15,11.45,15.06,207.75,3.95,34.96,26.02,85.39,0.21,7.81,Hari Biasa,0,0,0,0,6,15,7.69,4.07,11.33,6.418571428571428,6.435714285714285,0.36,5.69,7.16,7.16,84.29,10.76,2.21,147.08,37.33,0.2821076626819194,-0.9593827529490743,1.6401,1.2246467991473532e-16,-1.0,0.0,1.0
2026-06-16,11.91,15.25,218.38,4.37,36.38,25.87,84.93,0.08,7.52,Hari Biasa,0,1,0,0,6,16,11.45,4.4,7.35,6.435714285714285,7.087142857142857,0.21,2.26,7.81,7.376666666666666,85.39,15.06,3.95,207.75,34.96,0.26556302780405594,-0.9640935007889755,0.6016,1.2246467991473532e-16,-1.0,0.7818314824680298,0.6234898018587336
2026-06-17,9.1,11.93,209.62,3.72,36.04,26.02,85.06,0.23,6.52,Hari Biasa,0,2,0,0,6,17,11.91,7.69,4.06,7.087142857142857,7.807142857142857,0.08,0.65,7.52,7.496666666666666,84.93,15.25,4.37,218.38,36.38,0.24893980855376657,-0.9685189578512204,1.4996,1.2246467991473532e-16,-1.0,0.9749279121818236,-0.22252093395631434
2026-06-18,9.6,12.63,210.33,3.52,33.71,25.85,87.29,14.0,6.98,Hari Biasa,0,3,0,0,6,18,9.1,11.45,6.03,7.807142857142857,8.317142857142857,0.23,0.52,6.52,7.283333333333332,85.06,11.93,3.72,209.62,36.04,0.23224292400907015,-0.9726578145718654,97.72,1.2246467991473532e-16,-1.0,0.43388373911755823,-0.900968867902419
2026-06-19,11.92,14.82,206.54,4.93,33.12,26.0,86.53,3.71,6.84,Hari Biasa,0,4,0,0,6,19,9.6,11.91,4.07,8.317142857142857,9.438571428571427,14.0,14.31,6.98,7.006666666666667,87.29,12.63,3.52,210.33,33.71,0.21547731504673012,-0.976508846196619,25.3764,1.2246467991473532e-16,-1.0,-0.433883739117558,-0.9009688679024191
2026-06-20,7.25,9.92,157.83,2.61,37.33,25.97,86.1,0.13,7.45,Hari Biasa,0,5,1,1,6,20,11.92,9.1,4.4,9.438571428571427,9.845714285714285,3.71,17.94,6.84,6.78,86.53,14.82,4.93,206.54,33.12,0.19864794288017112,-0.9800709131432666,0.9685,1.2246467991473532e-16,-1.0,-0.9749279121818236,-0.2225209339563146
2026-06-21,11.38,15.73,164.62,3.65,39.12,25.99,86.92,4.01,7.63,Hari Biasa,0,6,1,1,6,21,7.25,9.6,7.69,9.845714285714285,10.372857142857143,0.13,17.84,7.45,7.090000000000001,86.1,9.92,2.61,157.83,37.33,0.18175978759137534,-0.9833429613388902,30.5963,1.2246467991473532e-16,-1.0,-0.7818314824680299,0.6234898018587334
2026-06-22,6.15,7.95,192.67,3.52,38.0,26.1,87.1,2.22,7.81,Hari Biasa,0,0,0,0,6,22,11.38,11.92,11.45,10.372857142857143,9.615714285714287,4.01,7.85,7.63,7.3066666666666675,86.92,15.73,3.65,164.62,39.12,0.16481784665719793,-0.9863240225317866,17.3382,1.2246467991473532e-16,-1.0,0.0,1.0
2026-06-23,11.16,14.66,158.71,4.18,38.17,26.27,85.11,0.12,7.49,Hari Biasa,0,1,0,0,6,23,6.15,7.25,11.91,9.615714285714287,9.508571428571429,2.22,6.359999999999999,7.81,7.63,87.1,7.95,3.52,192.67,38.0,0.14782713347053048,-0.9890132145779883,0.8988,1.2246467991473532e-16,-1.0,0.7818314824680298,0.6234898018587336
2026-06-24,7.58,10.12,188.33,2.92,37.58,26.14,86.31,2.14,6.66,Hari Biasa,0,2,0,0,6,24,11.16,11.38,9.1,9.508571428571429,9.291428571428572,0.12,6.35,7.49,7.6433333333333335,85.11,14.66,4.18,158.71,38.17,0.13079267585675922,-0.9914097417023038,14.252400000000002,1.2246467991473532e-16,-1.0,0.9749279121818236,-0.22252093395631434
2026-06-25,7.17,9.2,185.08,3.41,32.88,26.42,86.17,1.22,6.95,Hari Biasa,0,3,0,0,6,25,7.58,6.15,9.6,9.291428571428572,8.944285714285714,2.14,4.48,6.66,7.32,86.31,10.12,2.92,188.33,37.58,0.11371951458594969,-0.9935128947338007,8.479,1.2246467991473532e-16,-1.0,0.43388373911755823,-0.900968867902419
2026-06-26,7.98,9.08,238.79,4.35,33.33,26.44,88.65,0.87,6.16,Hari Biasa,0,4,0,0,6,26,7.17,11.16,11.92,8.944285714285714,8.381428571428572,1.22,3.4800000000000004,6.95,7.033333333333334,86.17,9.2,3.41,185.08,32.88,0.0966127018812031,-0.9953220513156602,5.3592,1.2246467991473532e-16,-1.0,-0.433883739117558,-0.9009688679024191
2026-06-27,9.37,11.22,241.33,3.96,41.0,26.59,86.3,0.25,6.34,Hari Biasa,0,5,1,1,6,27,7.98,7.58,7.25,8.381428571428572,8.684285714285714,0.87,4.23,6.16,6.59,88.65,9.08,4.35,238.79,33.33,0.07947729992362097,-0.9968366760893436,1.585,1.2246467991473532e-16,-1.0,-0.9749279121818236,-0.2225209339563146
2026-06-28,8.35,11.02,197.83,2.7,36.92,26.14,84.87,0.26,7.38,Hari Biasa,0,6,1,1,6,28,9.37,7.17,11.38,8.684285714285714,8.251428571428571,0.25,2.34,6.34,6.483333333333333,86.3,11.22,3.96,241.33,41.0,0.062318379354325076,-0.998056320853012,1.9188,1.2246467991473532e-16,-1.0,-0.7818314824680299,0.6234898018587334
2026-06-29,7.9,10.88,157.67,2.6,37.21,25.92,84.98,0.13,7.34,Hari Biasa,0,0,0,0,6,29,8.35,7.98,6.15,8.251428571428571,8.501428571428571,0.26,1.38,7.38,6.626666666666668,84.87,11.02,2.7,197.83,36.92,0.04514101777397193,-0.9989806246941579,0.9542,1.2246467991473532e-16,-1.0,0.0,1.0
2026-06-30,10.65,13.7,194.92,4.46,36.79,25.72,85.24,0.11,7.2,Hari Biasa,0,1,0,0,6,30,7.9,9.37,11.16,8.501428571428571,8.428571428571429,0.13,0.64,7.34,7.0200000000000005,84.98,10.88,2.6,157.67,37.21,0.02795029824021032,-0.999609314096404,0.792,1.2246467991473532e-16,-1.0,0.7818314824680298,0.6234898018587336
2026-07-01,7.53,9.92,204.42,3.35,35.75,25.76,83.05,0.09,6.44,Hari Biasa,0,2,0,0,7,1,10.65,8.35,7.58,8.428571428571429,8.421428571428573,0.11,0.5,7.2,7.3066666666666675,85.24,13.7,4.46,194.92,36.79,0.01075130776352193,-0.9999422030204416,0.5796,-0.4999999999999997,-0.8660254037844388,0.9749279121818236,-0.22252093395631434
2026-07-02,8.25,10.93,174.17,3.48,32.29,26.12,83.43,0.21,6.37,Hari Biasa,0,3,0,0,7,2,7.53,7.9,7.17,8.421428571428573,8.575714285714286,0.09,0.33,6.44,6.993333333333333,83.05,9.92,3.35,204.42,35.75,-0.00645086419810515,-0.9999791929590823,1.3377,-0.4999999999999997,-0.8660254037844388,0.43388373911755823,-0.900968867902419
2026-07-03,8.29,11.03,218.12,3.23,32.21,26.37,83.43,0.25,6.62,Hari Biasa,0,4,0,0,7,3,8.25,10.65,7.98,8.575714285714286,8.62,0.21,0.41,6.37,6.670000000000001,83.43,10.93,3.48,174.17,32.29,-0.023651127245231586,-0.9997202729664083,1.655,-0.4999999999999997,-0.8660254037844388,-0.433883739117558,-0.9009688679024191
2026-07-04,8.98,11.88,186.88,3.83,32.62,26.66,83.37,0.29,6.95,Hari Biasa,0,5,1,1,7,4,8.29,7.53,9.37,8.62,8.564285714285715,0.25,0.55,6.62,6.476666666666667,83.43,11.03,3.23,218.12,32.21,-0.04084439154329611,-0.9991655196610109,2.0155,-0.4999999999999997,-0.8660254037844388,-0.9749279121818236,-0.2225209339563146
2026-07-05,8.27,11.81,198.75,2.49,40.04,26.29,78.86,0.08,7.02,Hari Biasa,0,6,1,1,7,5,8.98,8.25,8.35,8.564285714285715,8.552857142857142,0.29,0.75,6.95,6.646666666666667,83.37,11.88,3.83,186.88,32.62,-0.05802556932878035,-0.9983150972033183,0.5616,-0.4999999999999997,-0.8660254037844388,-0.7818314824680299,0.6234898018587334
2026-07-06,10.15,13.86,222.88,2.78,44.75,25.79,77.27,0.09,7.88,Hari Biasa,0,0,0,0,7,6,8.27,8.29,7.9,8.552857142857142,8.874285714285714,0.08,0.62,7.02,6.863333333333333,78.86,11.81,2.49,198.75,40.04,-0.07518957641475855,-0.9971692572470178,0.7091999999999999,-0.4999999999999997,-0.8660254037844388,0.0,1.0
2026-07-07,10.52,13.55,249.79,3.09,50.42,25.87,78.46,0.13,7.31,Hari Biasa,0,1,0,0,7,7,10.15,8.98,10.65,8.874285714285714,8.855714285714287,0.09,0.45999999999999996,7.88,7.283333333333334,77.27,13.86,2.78,222.88,44.75,-0.09233133369539122,-0.9957283388645872,0.9503,-0.4999999999999997,-0.8660254037844388,0.7818314824680298,0.6234898018587336
2026-07-08,12.86,16.05,225.83,3.53,47.17,25.91,80.93,0.38,6.98,Hari Biasa,0,2,0,0,7,8,10.52,8.27,7.53,8.855714285714287,9.617142857142856,0.13,0.3,7.31,7.403333333333333,78.46,13.55,3.09,249.79,50.42,-0.10944576864891556,-0.993992768446958,2.6524,-0.4999999999999997,-0.8660254037844388,0.9749279121818236,-0.22252093395631434
2026-07-09,12.36,15.15,245.0,2.91,54.0,25.92,80.75,0.57,7.16,Hari Biasa,0,3,0,0,7,9,12.86,10.15,8.25,9.617142857142856,10.204285714285714,0.38,0.6,6.98,7.390000000000001,80.93,16.05,3.53,225.83,47.17,-0.12652781683868314,-0.9919630595773397,4.0812,-0.4999999999999997,-0.8660254037844388,0.43388373911755823,-0.900968867902419
2026-07-10,14.42,17.71,248.29,3.78,51.75,25.61,79.92,0.26,7.13,Hari Biasa,0,4,0,0,7,10,12.36,10.52,8.29,10.204285714285714,11.08,0.57,1.08,7.16,7.1499999999999995,80.75,15.15,2.91,245.0,54.0,-0.1435724234118113,-0.9896398128792412,1.8538000000000001,-0.4999999999999997,-0.8660254037844388,-0.433883739117558,-0.9009688679024191
2026-07-11,12.72,17.92,142.92,4.07,40.79,26.07,78.12,0.03,8.35,Hari Biasa,0,5,1,1,7,11,14.42,12.86,8.98,11.08,11.614285714285714,0.26,1.21,7.13,7.090000000000001,79.92,17.71,3.78,248.29,51.75,-0.16057454459499376,-0.9870237158387383,0.2505,-0.4999999999999997,-0.8660254037844388,-0.9749279121818236,-0.2225209339563146
2026-07-12,14.11,19.65,136.04,3.55,41.17,26.26,77.31,0.01,6.73,Hari Biasa,0,6,1,1,7,12,12.72,12.36,8.27,11.614285714285714,12.448571428571428,0.03,0.86,8.35,7.546666666666667,78.12,17.92,4.07,142.92,40.79,-0.17752914918703497,-0.984115542601034,0.06730000000000001,-0.4999999999999997,-0.8660254037844388,-0.7818314824680299,0.6234898018587334
2026-07-13,10.24,14.02,188.79,3.51,39.38,26.32,77.36,0.04,6.73,Hari Biasa,0,0,0,0,7,13,14.11,14.42,10.15,12.448571428571428,12.46142857142857,0.01,0.3,6.73,7.403333333333333,77.31,19.65,3.55,136.04,41.17,-0.19443122004766195,-0.9809161537413774,0.26920000000000005,-0.4999999999999997,-0.8660254037844388,0.0,1.0
2026-07-14,8.22,11.72,124.12,2.41,38.04,26.66,81.28,0.09,7.38,Hari Biasa,0,1,0,0,7,14,10.24,12.72,10.52,12.46142857142857,12.132857142857143,0.04,0.08,6.73,7.2700000000000005,77.36,14.02,3.51,188.79,39.38,-0.2112757555821793,-0.9774264960104055,0.6642,-0.4999999999999997,-0.8660254037844388,0.7818314824680298,0.6234898018587336
2026-07-15,9.9,13.91,172.88,3.12,47.21,26.78,80.38,0.08,8.96,Hari Biasa,0,2,0,0,7,15,8.22,14.11,12.86,12.132857142857143,11.709999999999999,0.09,0.14,7.38,6.946666666666666,81.28,11.72,2.41,124.12,38.04,-0.2280577712215198,-0.9736476020539838,0.7168000000000001,-0.4999999999999997,-0.8660254037844388,0.9749279121818236,-0.22252093395631434
2026-07-16,9.11,12.38,165.08,3.59,44.71,26.47,77.8,0.07,8.24,Hari Biasa,0,3,0,0,7,16,9.9,10.24,12.36,11.709999999999999,11.245714285714286,0.08,0.21,8.96,7.69,80.38,13.91,3.12,172.88,47.21,-0.24477230089725957,-0.9695805901076308,0.5768000000000001,-0.4999999999999997,-0.8660254037844388,0.43388373911755823,-0.900968867902419
2026-07-17,5.65,7.82,131.62,2.33,45.12,26.6,79.6,0.11,6.41,Hari Biasa,0,4,0,0,7,17,9.11,8.22,14.42,11.245714285714286,9.992857142857144,0.07,0.24,8.24,8.193333333333333,77.8,12.38,3.59,165.08,44.71,-0.2614143985111562,-0.965226663665613,0.7051000000000001,-0.4999999999999997,-0.8660254037844388,-0.433883739117558,-0.9009688679024191
2026-07-18,8.56,12.43,113.17,2.27,50.29,26.6,79.92,0.24,9.0,Hari Biasa,0,5,1,1,7,18,5.65,9.9,12.72,9.992857142857144,9.398571428571428,0.11,0.26,6.41,7.87,79.6,7.82,2.33,131.62,45.12,-0.2779791393987801,-0.9605871111248129,2.16,-0.4999999999999997,-0.8660254037844388,-0.9749279121818236,-0.2225209339563146
2026-07-19,13.02,19.02,110.62,1.98,54.42,26.38,76.84,0.19,9.0,Hari Biasa,0,6,1,1,7,19,8.56,9.11,14.11,9.398571428571428,9.242857142857144,0.24,0.42,9.0,7.883333333333333,79.92,12.43,2.27,113.17,50.29,-0.2944616217868012,-0.9556633054034704,1.71,-0.4999999999999997,-0.8660254037844388,-0.7818314824680299,0.6234898018587334
2026-07-20,11.28,16.0,133.08,2.92,49.08,26.29,75.93,0.1,7.6,Hari Biasa,0,0,0,0,7,20,13.02,5.65,10.24,9.242857142857144,9.391428571428573,0.19,0.54,9.0,8.136666666666667,76.84,19.02,1.98,110.62,54.42,-0.3108569682435036,-0.9504567035349151,0.76,-0.4999999999999997,-0.8660254037844388,0.0,1.0
2026-07-21,9.55,12.94,222.5,2.87,46.17,26.15,79.43,0.55,7.27,Hari Biasa,0,1,0,0,7,21,11.28,8.56,8.22,9.391428571428573,9.581428571428571,0.1,0.53,7.6,8.533333333333333,75.93,16.0,2.92,133.08,49.08,-0.3271603271220951,-0.9449688462364056,3.9985,-0.4999999999999997,-0.8660254037844388,0.7818314824680298,0.6234898018587336
2026-07-22,8.34,10.35,257.96,3.18,48.54,26.21,78.17,0.65,6.88,Hari Biasa,0,2,0,0,7,22,9.55,13.02,9.9,9.581428571428571,9.358571428571429,0.55,0.8400000000000001,7.27,7.956666666666666,79.43,12.94,2.87,222.5,46.17,-0.34336687399638804,-0.939201357453208,4.472,-0.4999999999999997,-0.8660254037844388,0.9749279121818236,-0.22252093395631434
2026-07-23,10.27,13.22,269.62,1.59,70.29,25.91,78.58,0.81,8.35,Hari Biasa,0,3,0,0,7,23,8.34,11.28,9.11,9.358571428571429,9.524285714285714,0.65,1.3000000000000003,6.88,7.25,78.17,10.35,3.18,257.96,48.54,-0.3594718130884232,-0.9331559438780432,6.7635000000000005,-0.4999999999999997,-0.8660254037844388,0.43388373911755823,-0.900968867902419
2026-07-24,13.75,18.46,235.04,1.72,64.04,26.11,73.39,0.14,8.39,Hari Biasa,0,4,0,0,7,24,10.27,9.55,5.65,9.524285714285714,10.68142857142857,0.81,2.0100000000000002,8.35,7.5,78.58,13.22,1.59,269.62,70.29,-0.3754703786876202,-0.9268343944460494,1.1746,-0.4999999999999997,-0.8660254037844388,-0.433883739117558,-0.9009688679024191
2026-07-25,9.67,14.22,130.71,2.32,50.75,26.09,75.71,0.14,8.53,Hari Biasa,0,5,1,1,7,25,13.75,8.34,8.56,10.68142857142857,10.84,0.14,1.6,8.39,7.873333333333332,73.39,18.46,1.72,235.04,64.04,-0.3913578365610259,-0.9202385798054075,1.1942,-0.4999999999999997,-0.8660254037844388,-0.9749279121818236,-0.2225209339563146
2026-07-26,11.26,15.8,139.38,2.05,51.83,26.34,75.94,0.04,8.78,Hari Biasa,0,6,1,1,7,26,9.67,10.27,13.02,10.84,10.588571428571429,0.14,1.09,8.53,8.423333333333334,75.71,14.22,2.32,130.71,50.75,-0.4071294853542516,-0.9133704517637858,0.35119999999999996,-0.4999999999999997,-0.8660254037844388,-0.7818314824680299,0.6234898018587334
2026-07-27,7.21,9.83,189.12,2.35,49.83,26.51,77.29,0.24,8.53,Hari Biasa,0,0,0,0,7,27,11.26,13.75,11.28,10.588571428571429,10.007142857142856,0.04,0.32,8.78,8.566666666666665,75.94,15.8,2.05,139.38,51.83,-0.4227806579826773,-0.9062320427107697,2.0471999999999997,-0.4999999999999997,-0.8660254037844388,0.0,1.0
2026-07-28,10.4,14.73,172.29,1.63,55.79,26.64,75.64,0.06,8.39,Hari Biasa,0,1,0,0,7,28,7.21,9.67,9.55,10.007142857142856,10.12857142857143,0.24,0.42000000000000004,8.53,8.613333333333332,77.29,9.83,2.35,189.12,49.83,-0.4383067230125192,-0.898825465016444,0.5034000000000001,-0.4999999999999997,-0.8660254037844388,0.7818314824680298,0.6234898018587336
2026-07-29,11.61,15.97,146.42,1.92,55.46,26.85,73.57,0.03,8.1,Hari Biasa,0,2,0,0,7,29,10.4,11.26,8.34,10.12857142857143,10.595714285714285,0.06,0.33999999999999997,8.39,8.566666666666665,75.64,14.73,1.63,172.29,55.79,-0.45370308603134424,-0.8911529104063088,0.243,-0.4999999999999997,-0.8660254037844388,0.9749279121818236,-0.22252093395631434
2026-07-30,13.12,17.83,183.0,1.75,61.38,26.49,74.51,0.03,8.6,Hari Biasa,0,3,0,0,7,30,11.61,7.21,10.27,10.595714285714285,11.002857142857142,0.03,0.33,8.1,8.339999999999998,73.57,15.97,1.92,146.42,55.46,-0.46896519100763184,-0.8832166493127127,0.258,-0.4999999999999997,-0.8660254037844388,0.43388373911755823,-0.900968867902419
2026-07-31,11.89,15.9,193.04,3.25,53.5,26.2,73.8,0.01,8.57,Hari Biasa,0,4,0,0,7,31,13.12,10.4,13.75,11.002857142857142,10.737142857142857,0.03,0.12,8.6,8.363333333333332,74.51,17.83,1.75,183.0,61.38,-0.48408852163897587,-0.8750190302029955,0.0857,-0.4999999999999997,-0.8660254037844388,-0.433883739117558,-0.9009688679024191
2026-08-01,9.06,12.41,138.54,2.75,49.0,26.18,74.84,0.02,7.67,Hari Biasa,0,5,1,1,8,1,11.89,11.61,9.67,10.737142857142857,10.65,0.01,0.06999999999999999,8.57,8.423333333333332,73.8,15.9,3.25,193.04,53.5,-0.4990686026885319,-0.8665624788845385,0.1534,-0.8660254037844385,-0.5000000000000004,-0.9749279121818236,-0.2225209339563146
2026-08-02,12.52,16.96,144.42,2.61,53.67,26.38,74.75,0.03,8.82,Hari Biasa,0,6,1,1,8,2,9.06,13.12,11.26,10.65,10.83,0.02,0.06,7.67,8.28,74.84,12.41,2.75,138.54,49.0,-0.5139010013093103,-0.8578494977869301,0.2646,-0.8660254037844385,-0.5000000000000004,-0.7818314824680299,0.6234898018587334
2026-08-03,8.44,11.89,146.67,2.75,47.17,26.47,74.85,0.02,8.03,Hari Biasa,0,0,0,0,8,3,12.52,11.89,7.21,10.83,11.005714285714287,0.03,0.06,8.82,8.353333333333332,74.75,16.96,2.61,144.42,53.67,-0.5285813283559292,-0.8488826652214553,0.1606,-0.8660254037844385,-0.5000000000000004,0.0,1.0
2026-08-04,8.66,11.14,170.75,3.95,41.46,26.72,77.05,0.05,7.92,Hari Biasa,0,1,0,0,8,4,8.44,9.06,10.4,11.005714285714287,10.757142857142856,0.02,0.06999999999999999,8.03,8.173333333333332,74.85,11.89,2.75,146.67,47.17,-0.5431052396834317,-0.8396646346181327,0.396,-0.8660254037844385,-0.5000000000000004,0.7818314824680298,0.6234898018587336
2026-08-05,11.05,15.13,144.33,3.68,51.38,26.27,72.51,0.01,9.65,Hari Biasa,0,2,0,0,8,5,8.66,12.52,11.61,10.757142857142856,10.677142857142856,0.05,0.1,7.92,8.256666666666666,77.05,11.14,3.95,170.75,41.46,-0.5574684374327892,-0.8301981337405212,0.0965,-0.8660254037844385,-0.5000000000000004,0.9749279121818236,-0.22252093395631434
2026-08-06,8.45,11.75,185.08,2.98,48.5,25.97,69.23,0.01,8.39,Hari Biasa,0,3,0,0,8,6,11.05,8.44,13.12,10.677142857142856,10.010000000000002,0.01,0.08,9.65,8.533333333333333,72.51,15.13,3.68,144.33,51.38,-0.5716666713027052,-0.8204859638785327,0.0839,-0.8660254037844385,-0.5000000000000004,0.43388373911755823,-0.900968867902419
2026-08-07,9.59,13.58,184.38,3.11,47.12,25.87,69.69,0.01,8.39,Hari Biasa,0,4,0,0,8,7,8.45,8.66,11.89,10.010000000000002,9.68142857142857,0.01,0.06999999999999999,8.39,8.653333333333334,69.23,11.75,2.98,185.08,48.5,-0.5856957398073508,-0.8105309990194823,0.0839,-0.8660254037844385,-0.5000000000000004,-0.433883739117558,-0.9009688679024191
2026-08-08,9.35,12.32,183.29,3.95,48.04,26.09,66.63,0.0,6.73,Hari Biasa,0,5,1,1,8,8,9.59,11.05,9.06,9.68142857142857,9.722857142857142,0.01,0.03,8.39,8.81,69.69,13.58,3.11,184.38,47.12,-0.5995514915196489,-0.8003361849976323,0.0,-0.8660254037844385,-0.5000000000000004,-0.9749279121818236,-0.2225209339563146
2026-08-09,9.31,12.18,137.17,3.21,51.5,26.57,70.29,0.0,6.59,Hari Biasa,0,6,1,1,8,9,9.35,8.45,12.52,9.722857142857142,9.264285714285716,0.0,0.01999999999999999,6.73,7.836666666666667,66.63,12.32,3.95,183.29,48.04,-0.6132298262997502,-0.7899045386224707,0.0,-0.8660254037844385,-0.5000000000000004,-0.7818314824680299,0.6234898018587334
2026-08-10,9.11,12.5,218.88,2.91,46.25,26.77,70.78,0.01,6.91,Hari Biasa,0,0,0,0,8,10,9.31,9.59,8.44,9.264285714285716,9.36,0.0,0.009999999999999993,6.59,7.236666666666667,70.29,12.18,3.21,137.17,51.5,-0.6267266965083301,-0.7792391467859886,0.06910000000000001,-0.8660254037844385,-0.5000000000000004,0.0,1.0
2026-08-11,8.17,10.91,226.12,1.79,49.08,27.14,72.42,0.01,6.62,Hari Biasa,0,1,0,0,8,11,9.11,9.35,8.66,9.36,9.290000000000001,0.01,0.009999999999999993,6.91,6.743333333333332,70.78,12.5,2.91,218.88,46.25,-0.6400381082043503,-0.7683431655492202,0.06620000000000001,-0.8660254037844385,-0.5000000000000004,0.7818314824680298,0.6234898018587336
2026-08-12,7.4,9.91,201.62,1.55,45.71,27.37,73.24,0.01,7.38,Hari Biasa,0,2,0,0,8,12,8.17,9.31,11.05,9.290000000000001,8.768571428571429,0.01,0.019999999999999993,6.62,6.706666666666666,72.42,10.91,1.79,226.12,49.08,-0.65316012232693,-0.7572198192083127,0.0738,-0.8660254037844385,-0.5000000000000004,0.9749279121818236,-0.22252093395631434
2026-08-13,9.97,12.49,209.04,4.5,39.67,27.02,73.99,0.01,7.06,Hari Biasa,0,3,0,0,8,13,7.4,9.11,8.45,8.768571428571429,8.985714285714286,0.01,0.03,7.38,6.969999999999999,73.24,9.91,1.55,201.62,45.71,-0.666088855860977,-0.7458723993404063,0.0706,-0.8660254037844385,-0.5000000000000004,0.43388373911755823,-0.900968867902419
2026-08-14,9.64,12.76,227.04,4.09,43.08,26.87,72.16,0.0,8.21,Hari Biasa,0,4,0,0,8,14,9.97,8.17,9.59,8.985714285714286,8.992857142857144,0.01,0.03,7.06,7.02,73.99,12.49,4.5,209.04,39.67,-0.6788204829862355,-0.734304263829602,0.0,-0.8660254037844385,-0.5000000000000004,-0.433883739117558,-0.9009688679024191
2026-08-15,11.21,14.84,210.0,3.78,48.21,26.91,70.02,0.0,7.52,Hari Biasa,0,5,1,1,8,15,9.64,7.4,9.35,8.992857142857144,9.258571428571429,0.0,0.019999999999999993,8.21,7.55,72.16,12.76,4.09,227.04,43.08,-0.6913512362094071,-0.722518835873311,0.0,-0.8660254037844385,-0.5000000000000004,-0.9749279121818236,-0.2225209339563146
2026-08-16,8.77,11.71,202.96,3.72,43.83,26.94,70.03,0.0,7.45,Hari Biasa,0,6,1,1,8,16,11.21,9.97,9.31,9.258571428571429,9.181428571428572,0.0,0.009999999999999993,7.52,7.596666666666667,70.02,14.84,3.78,210.0,48.21,-0.7036774074790128,-0.7105196029692745,0.0,-0.8660254037844385,-0.5000000000000004,-0.7818314824680299,0.6234898018587334
2026-08-17,9.65,12.64,212.75,3.51,48.38,26.88,66.49,0.0,8.1,Hari Ulang Tahun Kemerdekaan Republik Indonesia,1,0,0,1,8,17,8.77,9.64,9.11,9.181428571428572,9.258571428571429,0.0,0.0,7.45,7.726666666666667,70.03,11.71,3.72,202.96,43.83,-0.7157953492826642,-0.6983101158835584,0.0,-0.8660254037844385,-0.5000000000000004,0.0,1.0
2026-08-18,10.27,14.69,162.17,2.88,52.04,26.39,66.95,0.0,8.89,Hari Biasa,0,1,0,0,8,18,9.65,11.21,8.17,9.258571428571429,9.558571428571428,0.0,0.0,8.1,7.69,66.49,12.64,3.51,212.75,48.38,-0.7277014757264236,-0.6858939875998223,0.0,-0.8660254037844385,-0.5000000000000004,0.7818314824680298,0.6234898018587336
2026-08-19,13.63,17.9,275.17,4.09,65.71,26.78,63.98,0.0,9.65,Hari Biasa,0,2,0,0,8,19,10.27,8.77,7.4,9.558571428571428,10.448571428571428,0.0,0.0,8.89,8.146666666666667,66.95,14.69,2.88,162.17,52.04,-0.7393922635959241,-0.673274892250183,0.0,-0.8660254037844385,-0.5000000000000004,0.9749279121818236,-0.22252093395631434
2026-08-20,12.29,16.11,241.38,3.12,63.29,26.78,66.21,0.0,8.42,Hari Biasa,0,3,0,0,8,20,13.63,9.65,9.97,10.448571428571428,10.780000000000001,0.0,0.0,9.65,8.88,63.98,17.9,4.09,275.17,65.71,-0.7508642533989489,-0.6604565640279754,0.0,-0.8660254037844385,-0.5000000000000004,0.43388373911755823,-0.900968867902419
2026-08-21,13.01,17.85,193.75,3.98,57.88,26.54,64.79,0.0,8.1,Hari Biasa,0,4,0,0,8,21,12.29,10.27,9.64,10.780000000000001,11.26142857142857,0.0,0.0,8.42,8.986666666666666,66.21,16.11,3.12,241.38,63.29,-0.7621140503891487,-0.6474427960827475,0.0,-0.8660254037844385,-0.5000000000000004,-0.433883739117558,-0.9009688679024191
2026-08-22,11.5,15.63,192.67,4.23,51.88,26.47,66.02,0.0,9.5,Hari Biasa,0,5,1,1,8,22,13.01,13.63,11.21,11.26142857142857,11.30285714285714,0.0,0.0,8.1,8.723333333333334,64.79,17.85,3.98,193.75,57.88,-0.7731383255706026,-0.6342374393978054,0.0,-0.8660254037844385,-0.5000000000000004,-0.9749279121818236,-0.2225209339563146
2026-08-23,11.95,16.15,175.0,3.84,56.08,26.53,65.35,0.0,8.14,Hari Biasa,0,6,1,1,8,23,11.5,12.29,8.77,11.30285714285714,11.757142857142856,0.0,0.0,9.5,8.673333333333334,66.02,15.63,4.23,192.67,51.88,-0.7839338166829201,-0.620844401650647,0.0,-0.8660254037844385,-0.5000000000000004,-0.7818314824680299,0.6234898018587334
2026-08-24,12.53,16.62,272.0,4.37,54.54,26.7,64.41,0.0,7.34,Hari Biasa,0,0,0,0,8,24,11.95,13.01,9.65,11.757142857142856,12.168571428571427,0.0,0.0,8.14,8.58,65.35,16.15,3.84,175.0,56.08,-0.7944973291665992,-0.6072676460566135,0.0,-0.8660254037844385,-0.5000000000000004,0.0,1.0
2026-08-25,10.99,14.1,242.79,4.5,56.67,26.58,65.52,0.0,8.06,Hari Biasa,0,1,0,0,8,25,12.53,11.5,10.27,12.168571428571427,12.27142857142857,0.0,0.0,7.34,8.326666666666666,64.41,16.62,4.37,272.0,54.54,-0.8048257371083452,-0.593511190196115,0.0,-0.8660254037844385,-0.5000000000000004,0.7818314824680298,0.6234898018587336
2026-08-26,15.07,19.25,318.96,3.44,69.25,26.24,67.35,0.0,7.78,Hari Biasa,0,2,0,0,8,26,10.99,11.95,13.63,12.27142857142857,12.477142857142857,0.0,0.0,8.06,7.846666666666667,65.52,14.1,4.5,242.79,56.67,-0.8149159841660791,-0.5795791048257612,0.0,-0.8660254037844385,-0.5000000000000004,0.9749279121818236,-0.22252093395631434
2026-08-27,14.5,17.51,399.54,3.85,61.62,26.66,67.19,0.0,8.17,Hari Biasa,0,3,0,0,8,27,15.07,12.53,12.29,12.477142857142857,12.792857142857143,0.0,0.0,7.78,7.726666666666667,67.35,19.25,3.44,318.96,69.25,-0.8247650844733614,-0.5654755126737576,0.0,-0.8660254037844385,-0.5000000000000004,0.43388373911755823,-0.900968867902419
2026-08-28,11.41,14.02,199.04,4.7,41.83,26.79,71.21,0.01,7.6,Hari Biasa,0,4,0,0,8,28,14.5,10.99,13.01,12.792857142857143,12.564285714285715,0.0,0.0,8.17,8.003333333333334,67.19,17.51,3.85,399.54,61.62,-0.8343701235229538,-0.5512045872199277,0.076,-0.8660254037844385,-0.5000000000000004,-0.433883739117558,-0.9009688679024191
2026-08-29,7.38,9.85,135.58,2.52,46.21,27.17,70.26,0.01,7.85,Hari Biasa,0,5,1,1,8,29,11.41,15.07,11.5,12.564285714285715,11.975714285714286,0.01,0.009999999999999993,7.6,7.8500000000000005,71.21,14.02,4.7,199.04,41.83,-0.8437282590292712,-0.5367705514607103,0.0785,-0.8660254037844385,-0.5000000000000004,-0.9749279121818236,-0.2225209339563146
2026-08-30,9.55,12.13,139.46,4.3,33.08,27.24,72.97,0.05,8.39,Hari Biasa,0,6,1,1,8,30,7.38,14.5,11.95,11.975714285714286,11.632857142857144,0.01,0.019999999999999993,7.85,7.873333333333332,70.26,9.85,2.52,135.58,46.21,-0.8528367217694595,-0.522177676659508,0.41950000000000004,-0.8660254037844385,-0.5000000000000004,-0.7818314824680299,0.6234898018587334
2026-08-31,7.89,10.7,185.12,2.79,52.25,27.24,70.13,0.07,9.04,Hari Biasa,0,0,0,0,8,31,9.55,11.41,12.53,11.632857142857144,10.97,0.05,0.06999999999999999,8.39,7.946666666666668,72.97,12.13,4.3,139.46,33.08,-0.8616928164028522,-0.5074302810827518,0.6328,-0.8660254037844385,-0.5000000000000004,0.0,1.0
2026-09-01,8.76,12.52,161.46,2.52,53.04,25.95,72.68,0.9,9.18,Hari Biasa,0,1,0,0,9,1,7.89,7.38,10.99,10.97,10.651428571428571,0.07,0.13,9.04,8.426666666666668,70.13,10.7,2.79,185.12,52.25,-0.8702939222685674,-0.49253272872205434,8.262,-1.0,-1.8369701987210297e-16,0.7818314824680298,0.6234898018587336
2026-09-02,7.6,10.75,173.25,2.35,44.5,26.01,74.65,0.55,8.32,Hari Biasa,0,2,0,0,9,2,8.76,9.55,15.07,10.651428571428571,9.584285714285715,0.9,1.02,9.18,8.87,72.68,12.52,2.52,161.46,53.04,-0.8786374941610001,-0.4774894280028391,4.5760000000000005,-1.0,-1.8369701987210297e-16,0.9749279121818236,-0.22252093395631434
2026-09-03,11.36,16.08,145.71,3.06,42.88,26.02,76.41,0.94,9.86,Hari Biasa,0,3,0,0,9,3,7.6,7.89,14.5,9.584285714285715,9.135714285714284,0.55,1.52,8.32,8.846666666666666,74.65,10.75,2.35,173.25,44.5,-0.886721063082993,-0.46230483047981086,9.2684,-1.0,-1.8369701987210297e-16,0.43388373911755823,-0.900968867902419
2026-09-04,9.57,12.22,209.29,3.62,44.04,26.34,75.71,0.44,8.93,Hari Biasa,0,4,0,0,9,4,11.36,8.76,11.41,9.135714285714284,8.872857142857143,0.94,2.3899999999999997,9.86,9.12,76.41,16.08,3.06,145.71,42.88,-0.8945422369764496,-0.4469834295196741,3.9292,-1.0,-1.8369701987210297e-16,-0.433883739117558,-0.9009688679024191
2026-09-05,12.7,15.3,231.29,4.58,45.71,26.45,75.75,0.53,8.86,Hari Biasa,0,5,1,1,9,5,9.57,7.6,7.38,8.872857142857143,9.632857142857143,0.44,1.93,8.93,9.036666666666667,75.71,12.22,3.62,209.29,44.04,-0.9020987014301837,-0.43152975897147144,4.6958,-1.0,-1.8369701987210297e-16,-0.9749279121818236,-0.2225209339563146
2026-09-06,10.27,12.58,302.58,3.89,47.33,26.69,74.39,0.13,7.96,Hari Biasa,0,6,1,1,9,6,12.7,11.36,9.55,9.632857142857143,9.735714285714286,0.53,1.91,8.86,9.216666666666667,75.75,15.3,4.58,231.29,45.71,-0.9093882203647925,-0.4159483918249421,1.0348,-1.0,-1.8369701987210297e-16,-0.7818314824680299,0.6234898018587334
2026-09-07,9.84,12.49,150.38,4.75,44.46,26.44,74.76,0.02,8.21,Hari Biasa,0,0,0,0,9,7,10.27,9.57,7.89,9.735714285714286,10.014285714285714,0.13,1.1,7.96,8.583333333333334,74.39,12.58,3.89,302.58,47.33,-0.9164086366943458,-0.4002439388573056,0.1642,-1.0,-1.8369701987210297e-16,0.0,1.0
2026-09-08,9.17,11.55,212.33,4.18,47.04,26.5,72.97,0.0,7.81,Hari Biasa,0,1,0,0,9,8,9.84,12.7,8.76,10.014285714285714,10.072857142857142,0.02,0.68,8.21,8.343333333333334,74.76,12.49,4.75,150.38,44.46,-0.9231578729647039,-0.38442104726885545,0.0,-1.0,-1.8369701987210297e-16,0.7818314824680298,0.6234898018587336
2026-09-09,11.86,14.07,195.17,5.36,48.33,26.8,72.83,0.14,7.45,Hari Biasa,0,2,0,0,9,9,9.17,10.27,7.6,10.072857142857142,10.68142857142857,0.0,0.15,7.81,7.993333333333333,72.97,11.55,4.18,212.33,47.04,-0.9296339319682695,-0.3684843993077793,1.0430000000000001,-1.0,-1.8369701987210297e-16,0.9749279121818236,-0.22252093395631434
2026-09-10,12.03,15.58,180.79,3.43,52.67,26.69,71.27,0.02,8.93,Hari Biasa,0,3,0,0,9,10,11.86,9.84,11.36,10.68142857142857,10.777142857142858,0.14,0.16,7.45,7.823333333333333,72.83,14.07,5.36,195.17,48.33,-0.9358348973349941,-0.35243871088460327,0.1786,-1.0,-1.8369701987210297e-16,0.43388373911755823,-0.900968867902419
2026-09-11,13.04,16.17,315.67,3.87,55.96,26.76,72.46,0.43,8.78,Hari Biasa,0,4,0,0,9,11,12.03,9.17,9.57,10.777142857142858,11.272857142857143,0.02,0.16,8.93,8.063333333333333,71.27,15.58,3.43,180.79,52.67,-0.9417589340994617,-0.33628873017668287,3.7754,-1.0,-1.8369701987210297e-16,-0.433883739117558,-0.9009688679024191
2026-09-12,21.25,26.32,275.33,5.05,58.38,26.46,70.87,0.04,10.51,Hari Biasa,0,5,1,1,9,12,13.04,11.86,12.7,11.272857142857143,12.494285714285715,0.43,0.59,8.78,8.386666666666667,72.46,16.17,3.87,315.67,55.96,-0.9474042892438845,-0.32003923622313857,0.4204,-1.0,-1.8369701987210297e-16,-0.9749279121818236,-0.2225209339563146
2026-09-13,13.65,19.08,322.12,3.61,55.5,26.4,69.39,0.24,8.86,Hari Biasa,0,6,1,1,9,13,21.25,12.03,10.27,12.494285714285715,12.977142857142855,0.04,0.49,10.51,9.406666666666666,70.87,26.32,5.05,275.33,58.38,-0.9527692922168511,-0.30369503751065885,2.1264,-1.0,-1.8369701987210297e-16,-0.7818314824680299,0.6234898018587334
2026-09-14,15.24,20.19,181.42,5.37,47.25,26.5,66.12,0.15,9.14,Hari Biasa,0,0,0,0,9,14,13.65,13.04,9.84,12.977142857142855,13.748571428571429,0.24,0.71,8.86,9.383333333333333,69.39,19.08,3.61,322.12,55.5,-0.9578523554276669,-0.28726097055059635,1.371,-1.0,-1.8369701987210297e-16,0.0,1.0
2026-09-15,12.18,15.64,227.96,5.23,44.46,26.57,66.74,0.01,8.64,Hari Biasa,0,1,0,0,9,15,15.24,21.25,9.17,13.748571428571429,14.178571428571429,0.15,0.43,9.14,9.503333333333332,66.12,20.19,5.37,181.42,47.25,-0.9626519747161487,-0.2707418984477642,0.0864,-1.0,-1.8369701987210297e-16,0.7818314824680298,0.6234898018587336
2026-09-16,13.55,17.91,214.71,4.92,49.96,26.28,69.32,0.01,9.72,Hari Biasa,0,2,0,0,9,16,12.18,13.65,11.86,14.178571428571429,14.42,0.01,0.4,8.64,8.88,66.74,15.64,5.23,227.96,44.46,-0.9671667297977312,-0.2541427094613622,0.09720000000000001,-1.0,-1.8369701987210297e-16,0.9749279121818236,-0.22252093395631434
2026-09-17,12.7,17.23,200.75,4.98,51.96,26.47,67.49,0.01,9.76,Hari Biasa,0,3,0,0,9,17,13.55,15.24,12.03,14.42,14.515714285714285,0.01,0.16999999999999998,9.72,9.166666666666668,69.32,17.91,4.92,214.71,49.96,-0.97139528468375,-0.23746831555846842,0.0976,-1.0,-1.8369701987210297e-16,0.43388373911755823,-0.900968867902419
2026-09-18,8.62,12.05,156.71,2.82,54.25,26.57,69.47,0.03,8.93,Hari Biasa,0,4,0,0,9,18,12.7,12.18,13.04,14.515714285714285,13.884285714285713,0.01,0.03,9.76,9.373333333333333,67.49,17.23,4.98,200.75,51.96,-0.9753363880767837,-0.2207236509605022,0.26789999999999997,-1.0,-1.8369701987210297e-16,-0.433883739117558,-0.9009688679024191
2026-09-19,14.9,18.46,194.71,3.72,56.88,26.65,72.67,0.09,9.36,Hari Biasa,0,5,1,1,9,19,8.62,13.55,21.25,13.884285714285713,12.977142857142855,0.03,0.049999999999999996,8.93,9.469999999999999,69.47,12.05,2.82,156.71,54.25,-0.9789888737409319,-0.20391367068311472,0.8423999999999999,-1.0,-1.8369701987210297e-16,-0.9749279121818236,-0.2225209339563146
2026-09-20,17.4,20.76,281.08,2.58,66.0,26.87,75.52,1.14,9.25,Hari Biasa,0,6,1,1,9,20,14.9,12.7,13.65,12.977142857142855,13.512857142857143,0.09,0.13,9.36,9.35,72.67,18.46,3.72,194.71,56.88,-0.9823516608469237,-0.18704334906991657,10.545,-1.0,-1.8369701987210297e-16,-0.7818314824680299,0.6234898018587334
2026-09-21,13.25,16.73,210.46,3.11,53.67,27.0,74.87,0.42,8.39,Hari Biasa,0,0,0,0,9,21,17.4,8.62,15.24,13.512857142857143,13.228571428571428,1.14,1.26,9.25,9.18,75.52,20.76,2.58,281.08,66.0,-0.9854237542919524,-0.17011767832049052,3.5238,-1.0,-1.8369701987210297e-16,0.0,1.0
2026-09-22,16.92,22.28,194.46,2.97,52.54,26.82,72.85,0.01,9.07,Hari Biasa,0,1,0,0,9,22,13.25,14.9,12.18,13.228571428571428,13.905714285714286,0.42,1.65,8.39,9.0,74.87,16.73,3.11,210.46,53.67,-0.9882042449941422,-0.15314166701312007,0.0907,-1.0,-1.8369701987210297e-16,0.7818314824680298,0.6234898018587336
2026-09-23,13.1,18.1,151.29,2.69,51.71,26.26,72.63,0.0,9.14,Hari Biasa,0,2,0,0,9,23,16.92,17.4,13.55,13.905714285714286,13.84142857142857,0.01,1.57,9.07,8.903333333333334,72.85,22.28,2.97,194.46,52.54,-0.9906923101615609,-0.13612033862266704,0.0,-1.0,-1.8369701987210297e-16,0.9749279121818236,-0.22252093395631434
2026-09-24,12.63,16.32,184.96,2.29,57.5,26.29,73.02,0.07,9.76,Hari Biasa,0,3,0,0,9,24,13.1,13.25,12.7,13.84142857142857,13.831428571428571,0.0,0.43,9.14,8.866666666666667,72.63,18.1,2.69,151.29,51.71,-0.9928872135356962,-0.11905873003404988,0.6832,-1.0,-1.8369701987210297e-16,0.43388373911755823,-0.900968867902419
2026-09-25,13.5,16.8,249.67,4.33,60.25,26.7,73.23,0.18,8.5,Hari Biasa,0,4,0,0,9,25,12.63,16.92,8.62,13.831428571428571,14.528571428571427,0.07,0.08,9.76,9.323333333333334,73.02,16.32,2.29,184.96,57.5,-0.994788305609327,-0.10196189005174576,1.53,-1.0,-1.8369701987210297e-16,-0.433883739117558,-0.9009688679024191
2026-09-26,10.21,13.37,182.58,3.5,54.75,26.61,72.63,0.0,8.86,Hari Biasa,0,5,1,1,9,26,13.5,13.1,14.9,14.528571428571427,13.858571428571429,0.18,0.25,8.5,9.133333333333333,73.23,16.8,4.33,249.67,60.25,-0.9963950238187231,-0.08483487790576538,0.0,-1.0,-1.8369701987210297e-16,-0.9749279121818236,-0.2225209339563146
2026-09-27,16.6,20.3,181.17,3.85,56.58,26.4,72.9,0.02,9.43,Hari Biasa,0,6,1,1,9,27,10.21,12.63,17.4,13.858571428571429,13.744285714285715,0.0,0.25,8.86,9.04,72.63,13.37,3.5,182.58,54.75,-0.9977068927101168,-0.06768276175455162,0.1886,-1.0,-1.8369701987210297e-16,-0.7818314824680299,0.6234898018587334
2026-09-28,30.23,34.73,305.71,5.38,59.29,26.88,72.14,0.14,8.32,Hari Biasa,0,0,0,0,9,28,16.6,13.5,13.25,13.744285714285715,16.169999999999998,0.02,0.19999999999999998,9.43,8.93,72.9,20.3,3.85,181.17,56.58,-0.9987235240803972,-0.050510617185222886,1.1648,-1.0,-1.8369701987210297e-16,0.0,1.0
2026-09-29,27.1,31.3,355.83,4.71,64.62,27.24,72.22,0.01,8.64,Hari Biasa,0,1,0,0,9,29,30.23,10.21,16.92,16.169999999999998,17.624285714285715,0.14,0.16,8.32,8.87,72.14,34.73,5.38,305.71,59.29,-0.9994446170919858,-0.033323525711631344,0.0864,-1.0,-1.8369701987210297e-16,0.7818314824680298,0.6234898018587336
2026-09-30,27.46,32.22,254.83,6.02,61.04,26.96,72.22,0.06,9.22,Hari Biasa,0,2,0,0,9,30,27.1,16.6,13.1,17.624285714285715,19.67571428571429,0.01,0.17,8.64,8.796666666666667,72.22,31.3,4.71,355.83,64.62,-0.9998699583618592,-0.016126573270657762,0.5532,-1.0,-1.8369701987210297e-16,0.9749279121818236,-0.22252093395631434
